
Grape mobile session started

=== Grape mobile crash ===
Signal: 11
Signal code: 1
Fault address: unknown
PC: 0x00000071b2abfbe4
LR: 0x00000071b2abfbe0
SP: 0x00000071f2516230
Last breadcrumb: none
Memory map:
02000000-22000000 rw-p 00000000 00:00 0                                  [anon:dalvik-main space (region space)]
42000000-52000000 rw-p 00000000 00:00 0                                  [anon:dalvik-free list large object space]
62000000-64000000 r--s 00000000 00:01 4111                               /memfd:jit-zygote-cache (deleted)
64000000-66000000 r-xs 02000000 00:01 4111                               /memfd:jit-zygote-cache (deleted)
66000000-66004000 rw-p 00000000 00:00 0                                  [anon:dalvik-/data/misc/apexdata/...ork@com.android.location.provider.jar@classes.art]
66004000-68004000 r--s 00000000 00:01 1124039                            /memfd:jit-cache (deleted)
68004000-6a004000 r-xs 02000000 00:01 1124039                            /memfd:jit-cache (deleted)
6a004000-6a2dc000 rw-p 00000000 00:00 0                                  [anon:dalvik-/data/app/~~fBOmmMko...ncher-BThikrXO9HinsMb3clvLqA==/oat/arm64/base.art]
6fe48000-717ec000 rw-p 00000000 00:00 0                                  [anon:dalvik-/data/misc/apexdata/com.android.art/dalvik-cache/boot.art]
717ec000-71c68000 r--p 00000000 fe:42 1737566                            /data/misc/apexdata/com.android.art/dalvik-cache/arm64/boot.oat
71c68000-72d4f000 r-xp 0047c000 fe:42 1737566                            /data/misc/apexdata/com.android.art/dalvik-cache/arm64/boot.oat
72d4f000-72d50000 ---p 00000000 00:00 0                                  [anon:dalvik-Boot image reservation]
72d50000-72d51000 rw-p 00000000 00:00 0                                  [anon:.bss]
72d51000-72d54000 ---p 00000000 00:00 0                                  [anon:dalvik-Boot image reservation]
72d54000-72ed0000 rw-p 00000000 00:00 0                                  [anon:dalvik-/data/misc/apexdata/...id.art/dalvik-cache/boot-framework-adservices.art]
72ed0000-72ef0000 r--p 00000000 fe:42 1737600                            /data/misc/apexdata/com.android.art/dalvik-cache/arm64/boot-framework-adservices.oat
72ef0000-72f13000 r-xp 00020000 fe:42 1737600                            /data/misc/apexdata/com.android.art/dalvik-cache/arm64/boot-framework-adservices.oat
72f13000-72f14000 ---p 00000000 00:00 0                                  [anon:dalvik-Boot image reservation]
72f14000-72f15000 r--p 00044000 fe:42 1737600                            /data/misc/apexdata/com.android.art/dalvik-cache/arm64/boot-framework-adservices.oat
72f15000-72f18000 ---p 00000000 00:00 0                                  [anon:dalvik-Boot image reservation]
72f18000-72f19000 rw-p 00000000 00:00 0                                  [anon:.bss]
72f19000-72f1c000 ---p 00000000 00:00 0                                  [anon:dalvik-Boot image reservation]
72f1c000-735e0000 rw-p 00000000 00:00 0                                  [anon:dalvik-zygote space]
735e0000-735e1000 rw-p 00000000 00:00 0                                  [anon:dalvik-non moving space]
735e1000-735ef000 rw-p 00000000 00:00 0                                  [anon:dalvik-non moving space]
735ef000-7671d000 ---p 00000000 00:00 0                                  [anon:dalvik-non moving space]
7671d000-76f1c000 rw-p 00000000 00:00 0                                  [anon:dalvik-non moving space]
ebad6000-ebad7000 ---p 00000000 00:00 0                                  [anon:dalvik-Sentinel fault page]
59c4664000-59c4667000 r--p 00000000 fe:11 104985038                      /system/bin/app_process64
59c4668000-59c466a000 r-xp 00004000 fe:11 104985038                      /system/bin/app_process64
59c466c000-59c466d000 r--p 00008000 fe:11 104985038                      /system/bin/app_process64
59c4670000-59c4671000 rw-p 0000c000 fe:11 104985038                      /system/bin/app_process64
5fdb600000-5fdc600000 rw-s 5fdb600000 00:01 1121273                      /mali_gmc (deleted)
5fdc600000-5fdd600000 rw-s 5fdc600000 00:01 1121273                      /mali_gmc (deleted)
5fdd600000-5fde600000 rw-s 5fdd600000 00:01 1121273                      /mali_gmc (deleted)
5fde600000-5fdf600000 rw-s 5fde600000 00:01 1121273                      /mali_gmc (deleted)
5fdf600000-5fe0600000 rw-s 5fdf600000 00:01 1121273                      /mali_gmc (deleted)
5fe0600000-5fe0feb000 rw-s 5fe0600000 00:11 1661                         /dev/mali0
5fe1000000-5fe19eb000 rw-s 5fe1000000 00:11 1661                         /dev/mali0
5fe1a00000-5fe23eb000 rw-s 5fe1a00000 00:11 1661                         /dev/mali0
5fe2400000-5fe2deb000 rw-s 5fe2400000 00:11 1661                         /dev/mali0
5fe2e00000-5fe37eb000 rw-s 5fe2e00000 00:11 1661                         /dev/mali0
5fe3800000-5fe4800000 rw-s 5fe3800000 00:01 1121273                      /mali_gmc (deleted)
5fe4800000-5fe5800000 rw-s 5fe4800000 00:01 1121273                      /mali_gmc (deleted)
5fe5800000-5fe6800000 rw-s 5fe5800000 00:01 1121273                      /mali_gmc (deleted)
5fe6800000-5fe7800000 rw-s 5fe6800000 00:01 1121273                      /mali_gmc (deleted)
5fe7800000-5fe8800000 rw-s 5fe7800000 00:01 1121273                      /mali_gmc (deleted)
5fe8800000-5fe92dc000 rw-s 5fe8800000 00:01 1121273                      /mali_gmc (deleted)
5fe9400000-5fe96d8000 rw-s 5fe9400000 00:01 1121273                      /mali_gmc (deleted)
5fe9800000-5fea1eb000 rw-s 5fe9800000 00:11 1661                         /dev/mali0
5fea200000-5feb200000 rw-s 5fea200000 00:01 1121273                      /mali_gmc (deleted)
5feb200000-5fec200000 rw-s 5feb200000 00:01 1121273                      /mali_gmc (deleted)
5fec200000-5fed200000 rw-s 5fec200000 00:01 1121273                      /mali_gmc (deleted)
5fed600000-5fee600000 rw-s 5fed600000 00:01 1121273                      /mali_gmc (deleted)
5fee600000-5feefeb000 rw-s 5fee600000 00:11 1661                         /dev/mali0
5fef000000-5fef9eb000 rw-s 5fef000000 00:11 1661                         /dev/mali0
5fefa00000-5ff03eb000 rw-s 5fefa00000 00:11 1661                         /dev/mali0
5ff0400000-5ff1400000 rw-s 5ff0400000 00:01 1121273                      /mali_gmc (deleted)
5ff1800000-5ff1c01000 -w-s 5ff1800000 00:01 1121273                      /mali_gmc (deleted)
5ff1e00000-5ff2e00000 rw-s 5ff1e00000 00:01 1121273                      /mali_gmc (deleted)
5ff2e00000-5ff3e00000 rw-s 5ff2e00000 00:01 1121273                      /mali_gmc (deleted)
5ff3e00000-5ff4e00000 rw-s 5ff3e00000 00:01 1121273                      /mali_gmc (deleted)
5ff4e00000-5ff5e00000 rw-s 5ff4e00000 00:01 1121273                      /mali_gmc (deleted)
5ff5e00000-5ff6e00000 rw-s 5ff5e00000 00:01 1121273                      /mali_gmc (deleted)
5ff6e00000-5ff7e00000 rw-s 5ff6e00000 00:01 1121273                      /mali_gmc (deleted)
5ff7e00000-5ff8e00000 rw-s 5ff7e00000 00:01 1121273                      /mali_gmc (deleted)
5ff8e00000-5ff9e00000 rw-s 5ff8e00000 00:01 1121273                      /mali_gmc (deleted)
5ff9e00000-5ffae00000 rw-s 5ff9e00000 00:01 1121273                      /mali_gmc (deleted)
5ffae00000-5ffbe00000 rw-s 5ffae00000 00:01 1121273                      /mali_gmc (deleted)
5ffbe00000-5ffce00000 rw-s 5ffbe00000 00:01 1121273                      /mali_gmc (deleted)
5ffce00000-5ffd021000 rw-s 5ffce00000 00:01 1121273                      /mali_gmc (deleted)
5ffd200000-5ffdcdc000 rw-s 5ffd200000 00:01 1121273                      /mali_gmc (deleted)
5ffde00000-5ffe0d8000 rw-s 5ffde00000 00:01 1121273                      /mali_gmc (deleted)
5ffe106000-5ffe11b000 rw-s 5ffe106000 00:01 1121273                      /mali_gmc (deleted)
5ffe11b000-5ffe130000 rw-s 5ffe11b000 00:01 1121273                      /mali_gmc (deleted)
5ffe130000-5ffe150000 rw-s 5ffe130000 00:01 1121273                      /mali_gmc (deleted)
5ffe150000-5ffe190000 rw-s 5ffe150000 00:01 1121273                      /mali_gmc (deleted)
5ffe1bb000-5ffe1d0000 rw-s 5ffe1bb000 00:01 1121273                      /mali_gmc (deleted)
5ffe1d0000-5ffe1e5000 rw-s 5ffe1d0000 00:01 1121273                      /mali_gmc (deleted)
5ffe1e5000-5ffe1fa000 rw-s 5ffe1e5000 00:01 1121273                      /mali_gmc (deleted)
5ffe1fa000-5ffe2fb000 -w-s 5ffe1fa000 00:01 1121273                      /mali_gmc (deleted)
5ffe2fb000-5ffe400000 rw-s 5ffe2fb000 00:01 1121273                      /mali_gmc (deleted)
5ffe400000-5ffe811000 rw-s 5ffe400000 00:01 1121273                      /mali_gmc (deleted)
5ffe81f000-5ffe834000 rw-s 5ffe81f000 00:01 1121273                      /mali_gmc (deleted)
5ffe834000-5ffe849000 rw-s 5ffe834000 00:01 1121273                      /mali_gmc (deleted)
5ffe849000-5ffe85e000 rw-s 5ffe849000 00:01 1121273                      /mali_gmc (deleted)
5ffe85e000-5ffe87e000 rw-s 5ffe85e000 00:01 1121273                      /mali_gmc (deleted)
5ffe87e000-5ffe89e000 rw-s 5ffe87e000 00:01 1121273                      /mali_gmc (deleted)
5ffe89e000-5ffe98b000 -w-s 5ffe89e000 00:01 1121273                      /mali_gmc (deleted)
5ffe98b000-5ffea90000 rw-s 5ffe98b000 00:01 1121273                      /mali_gmc (deleted)
5ffea90000-5ffeab0000 rw-s 5ffea90000 00:01 1121273                      /mali_gmc (deleted)
5ffeab0000-5ffead0000 rw-s 5ffeab0000 00:01 1121273                      /mali_gmc (deleted)
5ffead0000-5ffeaf0000 rw-s 5ffead0000 00:01 1121273                      /mali_gmc (deleted)
5ffeaf0000-5ffeb10000 rw-s 5ffeaf0000 00:01 1121273                      /mali_gmc (deleted)
5ffeb10000-5ffeb20000 rw-s 5ffeb10000 00:01 1121273                      /mali_gmc (deleted)
5ffeb20000-5ffeb30000 rw-s 5ffeb20000 00:01 1121273                      /mali_gmc (deleted)
5ffeb30000-5ffeb40000 rw-s 5ffeb30000 00:01 1121273                      /mali_gmc (deleted)
5ffeb40000-5ffebcb000 r--s 5ffeb40000 00:01 1121273                      /mali_gmc (deleted)
5ffebcb000-5ffebeb000 rw-s 5ffebcb000 00:01 1121273                      /mali_gmc (deleted)
5ffebeb000-5ffec00000 rw-s 5ffebeb000 00:01 1121273                      /mali_gmc (deleted)
5ffec00000-5fffc00000 rw-s 5ffec00000 00:01 1121273                      /mali_gmc (deleted)
5fffc09000-5fffc0a000 rw-s 5fffc09000 00:01 1121273                      /mali_gmc (deleted)
5fffc0b000-5fffc0c000 rw-s 5fffc0b000 00:01 1121273                      /mali_gmc (deleted)
5fffc0c000-5fffc2c000 rw-s 5fffc0c000 00:01 1121273                      /mali_gmc (deleted)
5fffc2d000-5fffc2e000 rw-s 5fffc2d000 00:01 1121273                      /mali_gmc (deleted)
5fffc2e000-5fffc2f000 rw-s 5fffc2e000 00:01 1121273                      /mali_gmc (deleted)
5fffc2f000-5fffc30000 rw-s 5fffc2f000 00:01 1121273                      /mali_gmc (deleted)
5fffc30000-5fffc31000 rw-s 5fffc30000 00:01 1121273                      /mali_gmc (deleted)
5fffc32000-5fffc33000 rw-s 5fffc32000 00:01 1121273                      /mali_gmc (deleted)
5fffc3d000-5fffcd1000 rw-s 5fffc3d000 00:01 1121273                      /mali_gmc (deleted)
5fffcd1000-5fffce6000 rw-s 5fffcd1000 00:01 1121273                      /mali_gmc (deleted)
5fffce6000-5fffd07000 rw-s 5fffce6000 00:01 1121273                      /mali_gmc (deleted)
5fffd07000-5fffd27000 rw-s 5fffd07000 00:01 1121273                      /mali_gmc (deleted)
5fffd27000-5fffd67000 -w-s 5fffd27000 00:01 1121273                      /mali_gmc (deleted)
5fffd67000-5fffda7000 rw-s 5fffd67000 00:01 1121273                      /mali_gmc (deleted)
5fffda7000-5fffdc7000 rw-s 5fffda7000 00:01 1121273                      /mali_gmc (deleted)
5fffdc7000-5fffde7000 rw-s 5fffdc7000 00:01 1121273                      /mali_gmc (deleted)
5fffde7000-5fffe07000 rw-s 5fffde7000 00:01 1121273                      /mali_gmc (deleted)
5fffe07000-5fffe27000 rw-s 5fffe07000 00:01 1121273                      /mali_gmc (deleted)
5fffe27000-5fffe47000 rw-s 5fffe27000 00:01 1121273                      /mali_gmc (deleted)
5fffe47000-5fffe67000 rw-s 5fffe47000 00:01 1121273                      /mali_gmc (deleted)
5fffe67000-5fffe87000 rw-s 5fffe67000 00:01 1121273                      /mali_gmc (deleted)
5fffe87000-5fffea7000 rw-s 5fffe87000 00:01 1121273                      /mali_gmc (deleted)
5fffea7000-5fffea8000 rw-s 5fffea7000 00:01 1121273                      /mali_gmc (deleted)
5fffea8000-5fffeab000 rw-s 0dca1000 00:01 7168                           /mali csf db (deleted)
5fffeab000-5fffebb000 rw-s 5fffeab000 00:01 1121273                      /mali_gmc (deleted)
5fffebb000-5fffebe000 rw-s 0dc9e000 00:01 7168                           /mali csf db (deleted)
5fffebe000-5fffece000 rw-s 5fffebe000 00:01 1121273                      /mali_gmc (deleted)
5fffece000-5fffed1000 rw-s 0dc9b000 00:01 7168                           /mali csf db (deleted)
5fffed1000-5fffee1000 rw-s 5fffed1000 00:01 1121273                      /mali_gmc (deleted)
5fffee1000-5fffee4000 rw-s 0dc98000 00:01 7168                           /mali csf db (deleted)
5fffee4000-5fffef4000 rw-s 5fffee4000 00:01 1121273                      /mali_gmc (deleted)
5fffef4000-5fffef7000 rw-s 0dc95000 00:01 7168                           /mali csf db (deleted)
5fffef7000-5ffff07000 rw-s 5fffef7000 00:01 1121273                      /mali_gmc (deleted)
5ffff07000-5ffff92000 r--s 5ffff07000 00:01 1121273                      /mali_gmc (deleted)
5ffff92000-5ffffa4000 rw-s 5ffff92000 00:01 1121273                      /mali_gmc (deleted)
5ffffa4000-5ffffa5000 rw-s 5ffffa4000 00:01 1121273                      /mali_gmc (deleted)
5ffffa5000-5ffffa6000 rw-s 5ffffa5000 00:01 1121273                      /mali_gmc (deleted)
5ffffa6000-5ffffa7000 rw-s 5ffffa6000 00:01 1121273                      /mali_gmc (deleted)
5ffffa7000-5ffffa8000 rw-s 5ffffa7000 00:01 1121273                      /mali_gmc (deleted)
5ffffa8000-5ffffa9000 rw-s 5ffffa8000 00:01 1121273                      /mali_gmc (deleted)
5ffffa9000-5ffffaa000 rw-s 5ffffa9000 00:01 1121273                      /mali_gmc (deleted)
5ffffaa000-5ffffab000 rw-s 5ffffaa000 00:01 1121273                      /mali_gmc (deleted)
5ffffab000-5ffffac000 rw-s 5ffffab000 00:01 1121273                      /mali_gmc (deleted)
5ffffac000-5ffffad000 rw-s 5ffffac000 00:01 1121273                      /mali_gmc (deleted)
5ffffb7000-5ffffb8000 rw-s 800000002000 00:11 1661                       /dev/mali0
5ffffb8000-5ffffb9000 rw-s 5ffffb8000 00:01 1121273                      /mali_gmc (deleted)
5ffffb9000-5ffffba000 rw-s 5ffffb9000 00:01 1121273                      /mali_gmc (deleted)
5ffffba000-5ffffca000 rw-s 5ffffba000 00:01 1121273                      /mali_gmc (deleted)
5ffffca000-5ffffcb000 rw-s 5ffffca000 00:01 1121273                      /mali_gmc (deleted)
5ffffcb000-5ffffcc000 rw-s 5ffffcb000 00:01 1121273                      /mali_gmc (deleted)
5ffffcc000-5ffffcd000 rw-s 5ffffcc000 00:01 1121273                      /mali_gmc (deleted)
5ffffcd000-5ffffce000 rw-s 80000000b000 00:11 1661                       /dev/mali0
5ffffce000-5ffffcf000 rw-s 5ffffce000 00:01 1121273                      /mali_gmc (deleted)
5ffffcf000-5ffffd0000 rw-s 5ffffcf000 00:01 1121273                      /mali_gmc (deleted)
5ffffd0000-5ffffd1000 rw-s 5ffffd0000 00:01 1121273                      /mali_gmc (deleted)
5ffffd1000-5ffffd2000 rw-s 800000044000 00:11 1661                       /dev/mali0
5ffffd2000-5ffffd3000 rw-s 5ffffd2000 00:01 1121273                      /mali_gmc (deleted)
5ffffd3000-5ffffd4000 rw-s 80000004f000 00:11 1661                       /dev/mali0
5ffffd4000-5ffffd5000 rw-s 5ffffd4000 00:01 1121273                      /mali_gmc (deleted)
5ffffd5000-5ffffd6000 rw-s 5ffffd5000 00:01 1121273                      /mali_gmc (deleted)
5ffffd6000-5ffffd7000 rw-s 5ffffd6000 00:01 1121273                      /mali_gmc (deleted)
5ffffd7000-5ffffd8000 rw-s 800000045000 00:11 1661                       /dev/mali0
5ffffd8000-5ffffd9000 rw-s 5ffffd8000 00:01 1121273                      /mali_gmc (deleted)
5ffffd9000-5ffffda000 rw-s 5ffffd9000 00:01 1121273                      /mali_gmc (deleted)
5ffffda000-5ffffdb000 rw-s 800000046000 00:11 1661                       /dev/mali0
5ffffdb000-5ffffde000 rw-s 0dcb0000 00:01 7168                           /mali csf db (deleted)
5ffffde000-5ffffe1000 rw-s 0dcad000 00:01 7168                           /mali csf db (deleted)
5ffffe1000-5ffffe4000 rw-s 0dcaa000 00:01 7168                           /mali csf db (deleted)
5ffffe4000-5ffffe7000 rw-s 0dca7000 00:01 7168                           /mali csf db (deleted)
5ffffe7000-5fffff7000 rw-s 5ffffe7000 00:01 1121273                      /mali_gmc (deleted)
5fffff7000-5fffff8000 rw-s 5fffff7000 00:01 1121273                      /mali_gmc (deleted)
5fffff8000-5fffffa000 rw-s 800000042000 00:11 1661                       /dev/mali0
5fffffa000-5fffffd000 rw-s 0dca4000 00:01 7168                           /mali csf db (deleted)
5fffffd000-5fffffe000 rw-s 5fffffd000 00:01 1121273                      /mali_gmc (deleted)
5fffffe000-5ffffff000 rw-s 5fffffe000 00:01 1121273                      /mali_gmc (deleted)
5ffffff000-6000000000 rw-s 5ffffff000 00:01 1121273                      /mali_gmc (deleted)
71b2a14000-71b2ba1000 r-xp 00000000 fe:42 1846186                        /data/data/com.geode.launcher/files/geode/unzipped/okhx.grape/okhx.grape.android64.so
71b2ba1000-71b2ba5000 ---p 00000000 00:00 0 
71b2ba5000-71b2bb7000 r--p 0018d000 fe:42 1846186                        /data/data/com.geode.launcher/files/geode/unzipped/okhx.grape/okhx.grape.android64.so
71b2bb7000-71b2bba000 ---p 00000000 00:00 0 
71b2bba000-71b2bbb000 rw-p 0019e000 fe:42 1846186                        /data/data/com.geode.launcher/files/geode/unzipped/okhx.grape/okhx.grape.android64.so
71b2bbb000-71b2bbe000 rw-p 00000000 00:00 0                              [anon:.bss]
71b2c00000-71b4400000 ---p 00000000 00:00 0 
71b459b000-71b45d9000 r-xp 00000000 fe:42 1372230                        /data/data/com.geode.launcher/files/geode/unzipped/lawr0ne.geometrize2gd/lawr0ne.geometrize2gd.android64.so
71b45d9000-71b45dc000 ---p 00000000 00:00 0 
71b45dc000-71b45df000 r--p 0003d000 fe:42 1372230                        /data/data/com.geode.launcher/files/geode/unzipped/lawr0ne.geometrize2gd/lawr0ne.geometrize2gd.android64.so
71b45df000-71b45e2000 ---p 00000000 00:00 0 
71b45e2000-71b45e3000 rw-p 0003f000 fe:42 1372230                        /data/data/com.geode.launcher/files/geode/unzipped/lawr0ne.geometrize2gd/lawr0ne.geometrize2gd.android64.so
71b45e3000-71b45e4000 rw-p 00000000 00:00 0                              [anon:.bss]
71b461c000-71b4972000 r-xp 00000000 fe:42 1278576                        /data/data/com.geode.launcher/files/geode/unzipped/hjfod.betteredit/hjfod.betteredit.android64.so
71b4972000-71b4975000 ---p 00000000 00:00 0 
71b4975000-71b4994000 r--p 00355000 fe:42 1278576                        /data/data/com.geode.launcher/files/geode/unzipped/hjfod.betteredit/hjfod.betteredit.android64.so
71b4994000-71b4997000 ---p 00000000 00:00 0 
71b4997000-71b4998000 rw-p 00373000 fe:42 1278576                        /data/data/com.geode.launcher/files/geode/unzipped/hjfod.betteredit/hjfod.betteredit.android64.so
71b4998000-71b49a1000 rw-p 00000000 00:00 0                              [anon:.bss]
71b4a00000-71b7800000 ---p 00000000 00:00 0 
71b78a3000-71b79db000 r-xp 00000000 fe:42 1420020                        /data/data/com.geode.launcher/files/geode/unzipped/fleym.nongd/fleym.nongd.android64.so
71b79db000-71b79de000 ---p 00000000 00:00 0 
71b79de000-71b79ea000 r--p 00137000 fe:42 1420020                        /data/data/com.geode.launcher/files/geode/unzipped/fleym.nongd/fleym.nongd.android64.so
71b79ea000-71b79ed000 ---p 00000000 00:00 0 
71b79ed000-71b79ef000 rw-p 00142000 fe:42 1420020                        /data/data/com.geode.launcher/files/geode/unzipped/fleym.nongd/fleym.nongd.android64.so
71b7a16000-71b97cd000 r-xp 00000000 fe:42 1701885                        /data/data/com.geode.launcher/files/geode/unzipped/eclipse.ffmpeg-api/eclipse.ffmpeg-api.android64.so
71b97cd000-71b97d0000 ---p 00000000 00:00 0 
71b97d0000-71b990c000 r--p 01db6000 fe:42 1701885                        /data/data/com.geode.launcher/files/geode/unzipped/eclipse.ffmpeg-api/eclipse.ffmpeg-api.android64.so
71b990c000-71b990f000 ---p 00000000 00:00 0 
71b990f000-71b9918000 rw-p 01ef1000 fe:42 1701885                        /data/data/com.geode.launcher/files/geode/unzipped/eclipse.ffmpeg-api/eclipse.ffmpeg-api.android64.so
71b9918000-71bafc4000 rw-p 00000000 00:00 0                              [anon:.bss]
71bb000000-71bec00000 ---p 00000000 00:00 0 
71becb8000-71becf1000 r-xp 00000000 fe:42 1153092                        /data/data/com.geode.launcher/files/geode/unzipped/hjfod.gdshare/hjfod.gdshare.android64.so
71becf1000-71becf4000 ---p 00000000 00:00 0 
71becf4000-71becf6000 r--p 00038000 fe:42 1153092                        /data/data/com.geode.launcher/files/geode/unzipped/hjfod.gdshare/hjfod.gdshare.android64.so
71becf6000-71becf9000 ---p 00000000 00:00 0 
71becf9000-71becfa000 rw-p 00039000 fe:42 1153092                        /data/data/com.geode.launcher/files/geode/unzipped/hjfod.gdshare/hjfod.gdshare.android64.so
71becfa000-71becfb000 rw-p 00000000 00:00 0                              [anon:.bss]
71bed2d000-71bf444000 ---p 00000000 00:00 0 
71bf444000-71bf448000 rw-p 00000000 00:00 0 
71bf448000-71bfd2d000 ---p 00000000 00:00 0 
71bfd2d000-71bfd31000 ---p 00000000 00:00 0 
71bfd31000-71bfe2d000 rw-p 00000000 00:00 0                              [anon:stack_and_tls:21602]
71bfe2d000-71bfe31000 ---p 00000000 00:00 0 
71bfe31000-71c0755000 r-xp 00000000 fe:42 1533603                        /data/data/com.geode.launcher/files/geode/unzipped/dankmeme.globed2/dankmeme.globed2.android64.so
71c0755000-71c0758000 ---p 00000000 00:00 0 
71c0758000-71c07ab000 r--p 00923000 fe:42 1533603                        /data/data/com.geode.launcher/files/geode/unzipped/dankmeme.globed2/dankmeme.globed2.android64.so
71c07ab000-71c07ae000 ---p 00000000 00:00 0 
71c07ae000-71c07b0000 rw-p 00975000 fe:42 1533603                        /data/data/com.geode.launcher/files/geode/unzipped/dankmeme.globed2/dankmeme.globed2.android64.so
71c07b0000-71c07bc000 rw-p 00000000 00:00 0                              [anon:.bss]
71c0800000-71c3600000 ---p 00000000 00:00 0 
71c3642000-71c36dc000 r-xp 00000000 fe:42 1697571                        /data/data/com.geode.launcher/files/geode/unzipped/beat.click-sound/beat.click-sound.android64.so
71c36dc000-71c36df000 ---p 00000000 00:00 0 
71c36df000-71c36e8000 r--p 00099000 fe:42 1697571                        /data/data/com.geode.launcher/files/geode/unzipped/beat.click-sound/beat.click-sound.android64.so
71c36e8000-71c36eb000 ---p 00000000 00:00 0 
71c36eb000-71c36ec000 rw-p 000a1000 fe:42 1697571                        /data/data/com.geode.launcher/files/geode/unzipped/beat.click-sound/beat.click-sound.android64.so
71c36ec000-71c36ed000 rw-p 00000000 00:00 0                              [anon:.bss]
71c3708000-71c373c000 r-xp 00000000 fe:42 1700101                        /data/data/com.geode.launcher/files/geode/unzipped/ayumi.swift-clicks/ayumi.swift-clicks.android64.so
71c373c000-71c373f000 ---p 00000000 00:00 0 
71c373f000-71c3745000 r--p 00033000 fe:42 1700101                        /data/data/com.geode.launcher/files/geode/unzipped/ayumi.swift-clicks/ayumi.swift-clicks.android64.so
71c3745000-71c3748000 ---p 00000000 00:00 0 
71c3748000-71c3749000 rw-p 00038000 fe:42 1700101                        /data/data/com.geode.launcher/files/geode/unzipped/ayumi.swift-clicks/ayumi.swift-clicks.android64.so
71c3749000-71c374a000 rw-p 00000000 00:00 0                              [anon:.bss]
71c3800000-71c7600000 ---p 00000000 00:00 0 
71c7652000-71c7740000 r-xp 00000000 fe:42 1151807                        /data/data/com.geode.launcher/files/geode/unzipped/alk.allium/alk.allium.android64.so
71c7740000-71c7743000 ---p 00000000 00:00 0 
71c7743000-71c774c000 r--p 000ed000 fe:42 1151807                        /data/data/com.geode.launcher/files/geode/unzipped/alk.allium/alk.allium.android64.so
71c774c000-71c774f000 ---p 00000000 00:00 0 
71c774f000-71c7750000 rw-p 000f5000 fe:42 1151807                        /data/data/com.geode.launcher/files/geode/unzipped/alk.allium/alk.allium.android64.so
71c7750000-71c7752000 rw-p 00000000 00:00 0                              [anon:.bss]
71c77c7000-71c77f0000 r-xp 00000000 fe:42 1152984                        /data/data/com.geode.launcher/files/geode/unzipped/hjfod.gmd-api/hjfod.gmd-api.android64.so
71c77f0000-71c77f3000 ---p 00000000 00:00 0 
71c77f3000-71c77f4000 r--p 00028000 fe:42 1152984                        /data/data/com.geode.launcher/files/geode/unzipped/hjfod.gmd-api/hjfod.gmd-api.android64.so
71c77f4000-71c77f7000 ---p 00000000 00:00 0 
71c77f7000-71c77f8000 rw-p 00028000 fe:42 1152984                        /data/data/com.geode.launcher/files/geode/unzipped/hjfod.gmd-api/hjfod.gmd-api.android64.so
71c7800000-71c9800000 ---p 00000000 00:00 0 
71c9853000-71c9874000 r-xp 00000000 fe:42 1434818                        /data/data/com.geode.launcher/files/geode/unzipped/capeling.soggy-mod/capeling.soggy-mod.android64.so
71c9874000-71c9877000 ---p 00000000 00:00 0 
71c9877000-71c987a000 r--p 00020000 fe:42 1434818                        /data/data/com.geode.launcher/files/geode/unzipped/capeling.soggy-mod/capeling.soggy-mod.android64.so
71c987a000-71c987d000 ---p 00000000 00:00 0 
71c987d000-71c987e000 rw-p 00022000 fe:42 1434818                        /data/data/com.geode.launcher/files/geode/unzipped/capeling.soggy-mod/capeling.soggy-mod.android64.so
71c987e000-71c987f000 rw-p 00000000 00:00 0                              [anon:.bss]
71c9884000-71c98ef000 r-xp 00000000 fe:42 1741536                        /data/data/com.geode.launcher/files/geode/unzipped/alphalaneous.editortab_api/alphalaneous.editortab_api.android64.so
71c98ef000-71c98f2000 ---p 00000000 00:00 0 
71c98f2000-71c98f7000 r--p 0006a000 fe:42 1741536                        /data/data/com.geode.launcher/files/geode/unzipped/alphalaneous.editortab_api/alphalaneous.editortab_api.android64.so
71c98f7000-71c98fa000 ---p 00000000 00:00 0 
71c98fa000-71c98fb000 rw-p 0006e000 fe:42 1741536                        /data/data/com.geode.launcher/files/geode/unzipped/alphalaneous.editortab_api/alphalaneous.editortab_api.android64.so
71c991d000-71c9b0d000 rw-p 00000000 00:00 0                              [anon:scudo:secondary]
71c9b0d000-71ca778000 ---p 00000000 00:00 0 
71ca778000-71ca77c000 rw-p 00000000 00:00 0 
71ca77c000-71cb1f8000 ---p 00000000 00:00 0 
71cb1f8000-71cb1fc000 rw-p 00000000 00:00 0 
71cb1fc000-71cc8f4000 ---p 00000000 00:00 0 
71cc8f4000-71cc8f8000 rw-p 00000000 00:00 0 
71cc8f8000-71ccb0d000 ---p 00000000 00:00 0 
71ccb0d000-71ccb11000 ---p 00000000 00:00 0 
71ccb11000-71ccb12000 ---p 00000000 00:00 0                              [anon:stack_and_tls:21598]
71ccb12000-71ccc0d000 rw-p 00000000 00:00 0                              [anon:stack_and_tls:21598]
71ccc0d000-71ccc11000 ---p 00000000 00:00 0 
71ccc11000-71cd9ec000 ---p 00000000 00:00 0 
71cd9ec000-71cd9f0000 rw-p 00000000 00:00 0 
71cd9f0000-71cdc11000 ---p 00000000 00:00 0 
71cdc11000-71cdc15000 ---p 00000000 00:00 0 
71cdc15000-71cdc16000 ---p 00000000 00:00 0                              [anon:stack_and_tls:21596]
71cdc16000-71cdd11000 rw-p 00000000 00:00 0                              [anon:stack_and_tls:21596]
71cdd11000-71cdd15000 ---p 00000000 00:00 0 
71cdd15000-71cde15000 r--s 00000000 00:11 433                            /dev/__properties__/u:object_r:system_mtk_audio_prop:s0
71cde15000-71ce8b2000 rw-p 00000000 00:00 0                              [anon:scudo:secondary]
71ce8b2000-71cf798000 ---p 00000000 00:00 0 
71cf798000-71cf79c000 rw-p 00000000 00:00 0 
71cf79c000-71cf980000 ---p 00000000 00:00 0 
71cf980000-71cf984000 rw-p 00000000 00:00 0 
71cf984000-71d08b2000 ---p 00000000 00:00 0 
71d08bb000-71d22a2000 rw-p 00000000 00:00 0                              [anon:scudo:secondary]
71d22a2000-71d2e64000 ---p 00000000 00:00 0 
71d2e64000-71d2e68000 rw-p 00000000 00:00 0 
71d2e68000-71d36ec000 ---p 00000000 00:00 0 
71d36ec000-71d36f0000 rw-p 00000000 00:00 0 
71d36f0000-71d42a2000 ---p 00000000 00:00 0 
71d42a2000-71d46a4000 r-xp 00000000 fe:42 1269012                        /data/data/com.geode.launcher/files/geode/unzipped/eclipse.eclipse-menu/eclipse.eclipse-menu.android64.so
71d46a4000-71d46a7000 ---p 00000000 00:00 0 
71d46a7000-71d46d5000 r--p 00401000 fe:42 1269012                        /data/data/com.geode.launcher/files/geode/unzipped/eclipse.eclipse-menu/eclipse.eclipse-menu.android64.so
71d46d5000-71d46d8000 ---p 00000000 00:00 0 
71d46d8000-71d46da000 rw-p 0042e000 fe:42 1269012                        /data/data/com.geode.launcher/files/geode/unzipped/eclipse.eclipse-menu/eclipse.eclipse-menu.android64.so
71d46da000-71d46e5000 rw-p 00000000 00:00 0                              [anon:.bss]
71d46ef000-71d4800000 rw-p 00000000 00:00 0                              [anon:scudo:secondary]
71d4800000-71d6000000 ---p 00000000 00:00 0 
71d6002000-71d61d3000 r-xp 00000000 fe:42 1700195                        /data/data/com.geode.launcher/files/geode/unzipped/cvolton.betterinfo/cvolton.betterinfo.android64.so
71d61d3000-71d61d6000 ---p 00000000 00:00 0 
71d61d6000-71d61f5000 r--p 001d0000 fe:42 1700195                        /data/data/com.geode.launcher/files/geode/unzipped/cvolton.betterinfo/cvolton.betterinfo.android64.so
71d61f5000-71d61f8000 ---p 00000000 00:00 0 
71d61f8000-71d61f9000 rw-p 001ee000 fe:42 1700195                        /data/data/com.geode.launcher/files/geode/unzipped/cvolton.betterinfo/cvolton.betterinfo.android64.so
71d61f9000-71d61fb000 rw-p 00000000 00:00 0                              [anon:.bss]
71d6200000-71d8600000 ---p 00000000 00:00 0 
71d865d000-71d8767000 rw-p 00000000 00:00 0                              [anon:scudo:secondary]
71d8767000-71d87af000 r-xp 00000000 fe:42 1128366                        /data/data/com.geode.launcher/files/geode/unzipped/cvolton.level-id-api/cvolton.level-id-api.android64.so
71d87af000-71d87b2000 ---p 00000000 00:00 0 
71d87b2000-71d87b5000 r--p 00047000 fe:42 1128366                        /data/data/com.geode.launcher/files/geode/unzipped/cvolton.level-id-api/cvolton.level-id-api.android64.so
71d87b5000-71d87b8000 ---p 00000000 00:00 0 
71d87b8000-71d87b9000 rw-p 00049000 fe:42 1128366                        /data/data/com.geode.launcher/files/geode/unzipped/cvolton.level-id-api/cvolton.level-id-api.android64.so
71d87b9000-71d87ba000 rw-p 00000000 00:00 0                              [anon:.bss]
71d87ce000-71d8a8a000 rw-p 00000000 00:00 0                              [anon:scudo:secondary]
71d8a8a000-71d8a8e000 ---p 00000000 00:00 0 
71d8a8e000-71d8a8f000 ---p 00000000 00:00 0                              [anon:stack_and_tls:21594]
71d8a8f000-71d8b96000 rw-p 00000000 00:00 0                              [anon:stack_and_tls:21594]
71d8b96000-71d8b9a000 ---p 00000000 00:00 0 
71d8b9a000-71d929d000 rw-p 00000000 00:00 0                              [anon:scudo:secondary]
71d929d000-71d92a1000 ---p 00000000 00:00 0 
71d92a1000-71d92a2000 ---p 00000000 00:00 0                              [anon:stack_and_tls:21578]
71d92a2000-71d939d000 rw-p 00000000 00:00 0                              [anon:stack_and_tls:21578]
71d939d000-71d93a5000 ---p 00000000 00:00 0 
71d93a5000-71d93a6000 ---p 00000000 00:00 0                              [anon:stack_and_tls:21577]
71d93a6000-71d94ad000 rw-p 00000000 00:00 0                              [anon:stack_and_tls:21577]
71d94ad000-71d94b1000 ---p 00000000 00:00 0 
71d94b1000-71d9773000 rw-p 00000000 00:00 0                              [anon:scudo:secondary]
71d9773000-71d9777000 ---p 00000000 00:00 0 
71d9777000-71d9873000 rw-p 00000000 00:00 0                              [anon:stack_and_tls:21570]
71d9873000-71d9877000 ---p 00000000 00:00 0 
71d9877000-71d98b4000 r-xp 00000000 fe:42 1500050                        /data/data/com.geode.launcher/files/geode/unzipped/naxrin.transparent/naxrin.transparent.android64.so
71d98b4000-71d98b7000 ---p 00000000 00:00 0 
71d98b7000-71d98b9000 r--p 0003c000 fe:42 1500050                        /data/data/com.geode.launcher/files/geode/unzipped/naxrin.transparent/naxrin.transparent.android64.so
71d98b9000-71d98bc000 ---p 00000000 00:00 0 
71d98bc000-71d98bd000 rw-p 0003d000 fe:42 1500050                        /data/data/com.geode.launcher/files/geode/unzipped/naxrin.transparent/naxrin.transparent.android64.so
71d98bd000-71d98be000 rw-p 00000000 00:00 0                              [anon:.bss]
71d98d2000-71d99e1000 r-xp 00000000 fe:42 1517918                        /data/data/com.geode.launcher/files/geode/unzipped/alphalaneous.happy_textures/alphalaneous.happy_textures.android64.so
71d99e1000-71d99e4000 ---p 00000000 00:00 0 
71d99e4000-71d99ef000 r--p 0010e000 fe:42 1517918                        /data/data/com.geode.launcher/files/geode/unzipped/alphalaneous.happy_textures/alphalaneous.happy_textures.android64.so
71d99ef000-71d99f2000 ---p 00000000 00:00 0 
71d99f2000-71d99f4000 rw-p 00118000 fe:42 1517918                        /data/data/com.geode.launcher/files/geode/unzipped/alphalaneous.happy_textures/alphalaneous.happy_textures.android64.so
71d99f4000-71d99f7000 rw-p 00000000 00:00 0                              [anon:.bss]
71d9a20000-71da0ff000 r-xp 00000000 fe:42 1521322                        /data/data/com.geode.launcher/files/geode/unzipped/prevter.imageplus/prevter.imageplus.android64.so
71da0ff000-71da102000 ---p 00000000 00:00 0 
71da102000-71da10e000 r--p 006de000 fe:42 1521322                        /data/data/com.geode.launcher/files/geode/unzipped/prevter.imageplus/prevter.imageplus.android64.so
71da10e000-71da111000 ---p 00000000 00:00 0 
71da111000-71da112000 rw-p 006e9000 fe:42 1521322                        /data/data/com.geode.launcher/files/geode/unzipped/prevter.imageplus/prevter.imageplus.android64.so
71da112000-71da195000 rw-p 00000000 00:00 0                              [anon:.bss]
71da200000-71daa00000 ---p 00000000 00:00 0 
71daa63000-71db39a000 r-xp 00000000 fe:42 1692060                        /data/data/com.geode.launcher/files/geode/unzipped/absolllute.megahack/absolllute.megahack.android64.so
71db39a000-71db39d000 ---p 00000000 00:00 0 
71db39d000-71db439000 r--p 00936000 fe:42 1692060                        /data/data/com.geode.launcher/files/geode/unzipped/absolllute.megahack/absolllute.megahack.android64.so
71db439000-71db43c000 ---p 00000000 00:00 0 
71db43c000-71db4a4000 rw-p 009d1000 fe:42 1692060                        /data/data/com.geode.launcher/files/geode/unzipped/absolllute.megahack/absolllute.megahack.android64.so
71db4a4000-71db4b2000 rw-p 00000000 00:00 0                              [anon:.bss]
71db4cd000-71db54e000 rw-p 00000000 00:00 0                              [anon:scudo:secondary]
71db54e000-71db5e0000 r-xp 00000000 fe:42 1464551                        /data/data/com.geode.launcher/files/geode/unzipped/geode.texture-loader/geode.texture-loader.android64.so
71db5e0000-71db5e3000 ---p 00000000 00:00 0 
71db5e3000-71db5e9000 r--p 00091000 fe:42 1464551                        /data/data/com.geode.launcher/files/geode/unzipped/geode.texture-loader/geode.texture-loader.android64.so
71db5e9000-71db5ec000 ---p 00000000 00:00 0 
71db5ec000-71db5ed000 rw-p 00096000 fe:42 1464551                        /data/data/com.geode.launcher/files/geode/unzipped/geode.texture-loader/geode.texture-loader.android64.so
71db5ed000-71db5ee000 rw-p 00000000 00:00 0                              [anon:.bss]
71db600000-71dce00000 ---p 00000000 00:00 0 
71dce4a000-71dcfaa000 r-xp 00000000 fe:42 1175128                        /data/data/com.geode.launcher/files/geode/unzipped/geode.node-ids/geode.node-ids.android64.so
71dcfaa000-71dcfad000 ---p 00000000 00:00 0 
71dcfad000-71dcfbe000 r--p 0015f000 fe:42 1175128                        /data/data/com.geode.launcher/files/geode/unzipped/geode.node-ids/geode.node-ids.android64.so
71dcfbe000-71dcfc1000 ---p 00000000 00:00 0 
71dcfc1000-71dcfc2000 rw-p 0016f000 fe:42 1175128                        /data/data/com.geode.launcher/files/geode/unzipped/geode.node-ids/geode.node-ids.android64.so
71dcfc2000-71dcfc4000 rw-p 00000000 00:00 0                              [anon:.bss]
71dd000000-71dda00000 ---p 00000000 00:00 0 
71dda46000-71ddab2000 r-xp 00000000 fe:42 39552                          /data/data/com.geode.launcher/files/geode/unzipped/cvolton.misc_bugfixes/cvolton.misc_bugfixes.android64.so
71ddab2000-71ddab5000 ---p 00000000 00:00 0 
71ddab5000-71ddabb000 r--p 0006b000 fe:42 39552                          /data/data/com.geode.launcher/files/geode/unzipped/cvolton.misc_bugfixes/cvolton.misc_bugfixes.android64.so
71ddabb000-71ddabe000 ---p 00000000 00:00 0 
71ddabe000-71ddabf000 rw-p 00070000 fe:42 39552                          /data/data/com.geode.launcher/files/geode/unzipped/cvolton.misc_bugfixes/cvolton.misc_bugfixes.android64.so
71ddabf000-71ddac0000 rw-p 00000000 00:00 0                              [anon:.bss]
71ddae6000-71de098000 ---p 00000000 00:00 0 
71de098000-71de09c000 rw-p 00000000 00:00 0 
71de09c000-71df934000 ---p 00000000 00:00 0 
71df934000-71df938000 rw-p 00000000 00:00 0 
71df938000-71dff58000 ---p 00000000 00:00 0 
71dff58000-71dff5c000 rw-p 00000000 00:00 0 
71dff5c000-71e138c000 ---p 00000000 00:00 0 
71e138c000-71e1390000 rw-p 00000000 00:00 0 
71e1390000-71e29f4000 ---p 00000000 00:00 0 
71e29f4000-71e29f8000 rw-p 00000000 00:00 0 
71e29f8000-71e2ae6000 ---p 00000000 00:00 0 
71e2ae6000-71e2aea000 ---p 00000000 00:00 0 
71e2aea000-71e2be6000 rw-p 00000000 00:00 0                              [anon:stack_and_tls:21561]
71e2be6000-71e2bee000 ---p 00000000 00:00 0 
71e2bee000-71e2cea000 rw-p 00000000 00:00 0                              [anon:stack_and_tls:21560]
71e2cea000-71e2cf2000 ---p 00000000 00:00 0 
71e2cf2000-71e2dee000 rw-p 00000000 00:00 0                              [anon:stack_and_tls:21559]
71e2dee000-71e2df2000 ---p 00000000 00:00 0 
71e2df2000-71e3d6c000 ---p 00000000 00:00 0 
71e3d6c000-71e3d70000 rw-p 00000000 00:00 0 
71e3d70000-71e3df2000 ---p 00000000 00:00 0 
71e3df2000-71e3df6000 ---p 00000000 00:00 0 
71e3df6000-71e3ef2000 rw-p 00000000 00:00 0                              [anon:stack_and_tls:21558]
71e3ef2000-71e3ef6000 ---p 00000000 00:00 0 
71e3ef6000-71e487c000 ---p 00000000 00:00 0 
71e487c000-71e4880000 rw-p 00000000 00:00 0 
71e4880000-71e4ef6000 ---p 00000000 00:00 0 
71e4ef6000-71e4efa000 ---p 00000000 00:00 0 
71e4efa000-71e4ff6000 rw-p 00000000 00:00 0                              [anon:stack_and_tls:21557]
71e4ff6000-71e4ffe000 ---p 00000000 00:00 0 
71e4ffe000-71e4fff000 ---p 00000000 00:00 0                              [anon:stack_and_tls:21556]
71e4fff000-71e50fa000 rw-p 00000000 00:00 0                              [anon:stack_and_tls:21556]
71e50fa000-71e50fe000 ---p 00000000 00:00 0 
71e50fe000-71e610b000 r-xp 00000000 fe:42 1847341                        /data/data/com.geode.launcher/files/copied/Geode.so
71e610b000-71e610e000 ---p 00000000 00:00 0 
71e610e000-71e61cd000 r--p 0100c000 fe:42 1847341                        /data/data/com.geode.launcher/files/copied/Geode.so
71e61cd000-71e61d0000 ---p 00000000 00:00 0 
71e61d0000-71e61e9000 rw-p 010ca000 fe:42 1847341                        /data/data/com.geode.launcher/files/copied/Geode.so
71e61e9000-71e61f3000 rw-p 00000000 00:00 0                              [anon:.bss]
71e6200000-71e9400000 ---p 00000000 00:00 0 
71e942f000-71e9433000 ---p 00000000 00:00 0 
71e9433000-71e9434000 ---p 00000000 00:00 0                              [anon:stack_and_tls:21555]
71e9434000-71e952f000 rw-p 00000000 00:00 0                              [anon:stack_and_tls:21555]
71e952f000-71e9533000 ---p 00000000 00:00 0 
71e9533000-71ea088000 ---p 00000000 00:00 0 
71ea088000-71ea08c000 rw-p 00000000 00:00 0 
71ea08c000-71ea533000 ---p 00000000 00:00 0 
71ea533000-71ea5fc000 r-xp 00000000 fe:42 1153428                        /data/app/~~Tpoeh1Xo8SLHqIfLOei9Cg==/com.robtopx.geometryjump-Yla-eCkANKm8To_NQH2vxg==/lib/arm64/libcocos2dcpp.so
71ea5fc000-71ea5fd000 r--p 000c9000 fe:42 1153428                        /data/app/~~Tpoeh1Xo8SLHqIfLOei9Cg==/com.robtopx.geometryjump-Yla-eCkANKm8To_NQH2vxg==/lib/arm64/libcocos2dcpp.so
71ea5fd000-71ea60b000 r-xp 000ca000 fe:42 1153428                        /data/app/~~Tpoeh1Xo8SLHqIfLOei9Cg==/com.robtopx.geometryjump-Yla-eCkANKm8To_NQH2vxg==/lib/arm64/libcocos2dcpp.so
71ea60b000-71ea60c000 r--p 000d8000 fe:42 1153428                        /data/app/~~Tpoeh1Xo8SLHqIfLOei9Cg==/com.robtopx.geometryjump-Yla-eCkANKm8To_NQH2vxg==/lib/arm64/libcocos2dcpp.so
71ea60c000-71ea6ba000 r-xp 000d9000 fe:42 1153428                        /data/app/~~Tpoeh1Xo8SLHqIfLOei9Cg==/com.robtopx.geometryjump-Yla-eCkANKm8To_NQH2vxg==/lib/arm64/libcocos2dcpp.so
71ea6ba000-71ea6bb000 r--p 00187000 fe:42 1153428                        /data/app/~~Tpoeh1Xo8SLHqIfLOei9Cg==/com.robtopx.geometryjump-Yla-eCkANKm8To_NQH2vxg==/lib/arm64/libcocos2dcpp.so
71ea6bb000-71ea6ec000 r-xp 00188000 fe:42 1153428                        /data/app/~~Tpoeh1Xo8SLHqIfLOei9Cg==/com.robtopx.geometryjump-Yla-eCkANKm8To_NQH2vxg==/lib/arm64/libcocos2dcpp.so
71ea6ec000-71ea6ed000 r--p 001b9000 fe:42 1153428                        /data/app/~~Tpoeh1Xo8SLHqIfLOei9Cg==/com.robtopx.geometryjump-Yla-eCkANKm8To_NQH2vxg==/lib/arm64/libcocos2dcpp.so
71ea6ed000-71eaab0000 r-xp 001ba000 fe:42 1153428                        /data/app/~~Tpoeh1Xo8SLHqIfLOei9Cg==/com.robtopx.geometryjump-Yla-eCkANKm8To_NQH2vxg==/lib/arm64/libcocos2dcpp.so
71eaab0000-71eaab2000 rwxp 0057d000 fe:42 1153428                        /data/app/~~Tpoeh1Xo8SLHqIfLOei9Cg==/com.robtopx.geometryjump-Yla-eCkANKm8To_NQH2vxg==/lib/arm64/libcocos2dcpp.so
71eaab2000-71eaab3000 r-xp 0057f000 fe:42 1153428                        /data/app/~~Tpoeh1Xo8SLHqIfLOei9Cg==/com.robtopx.geometryjump-Yla-eCkANKm8To_NQH2vxg==/lib/arm64/libcocos2dcpp.so
71eaab3000-71eaab4000 rwxp 00580000 fe:42 1153428                        /data/app/~~Tpoeh1Xo8SLHqIfLOei9Cg==/com.robtopx.geometryjump-Yla-eCkANKm8To_NQH2vxg==/lib/arm64/libcocos2dcpp.so
71eaab4000-71eaabb000 r-xp 00581000 fe:42 1153428                        /data/app/~~Tpoeh1Xo8SLHqIfLOei9Cg==/com.robtopx.geometryjump-Yla-eCkANKm8To_NQH2vxg==/lib/arm64/libcocos2dcpp.so
71eaabb000-71eaabc000 rwxp 00588000 fe:42 1153428                        /data/app/~~Tpoeh1Xo8SLHqIfLOei9Cg==/com.robtopx.geometryjump-Yla-eCkANKm8To_NQH2vxg==/lib/arm64/libcocos2dcpp.so
71eaabc000-71eaac0000 r-xp 00589000 fe:42 1153428                        /data/app/~~Tpoeh1Xo8SLHqIfLOei9Cg==/com.robtopx.geometryjump-Yla-eCkANKm8To_NQH2vxg==/lib/arm64/libcocos2dcpp.so
71eaac0000-71eaac1000 rwxp 0058d000 fe:42 1153428                        /data/app/~~Tpoeh1Xo8SLHqIfLOei9Cg==/com.robtopx.geometryjump-Yla-eCkANKm8To_NQH2vxg==/lib/arm64/libcocos2dcpp.so
71eaac1000-71eaac2000 r-xp 0058e000 fe:42 1153428                        /data/app/~~Tpoeh1Xo8SLHqIfLOei9Cg==/com.robtopx.geometryjump-Yla-eCkANKm8To_NQH2vxg==/lib/arm64/libcocos2dcpp.so
71eaac2000-71eaac3000 rwxp 0058f000 fe:42 1153428                        /data/app/~~Tpoeh1Xo8SLHqIfLOei9Cg==/com.robtopx.geometryjump-Yla-eCkANKm8To_NQH2vxg==/lib/arm64/libcocos2dcpp.so
71eaac3000-71eaac4000 r-xp 00590000 fe:42 1153428                        /data/app/~~Tpoeh1Xo8SLHqIfLOei9Cg==/com.robtopx.geometryjump-Yla-eCkANKm8To_NQH2vxg==/lib/arm64/libcocos2dcpp.so
71eaac4000-71eaac5000 rwxp 00591000 fe:42 1153428                        /data/app/~~Tpoeh1Xo8SLHqIfLOei9Cg==/com.robtopx.geometryjump-Yla-eCkANKm8To_NQH2vxg==/lib/arm64/libcocos2dcpp.so
71eaac5000-71eaad8000 r-xp 00592000 fe:42 1153428                        /data/app/~~Tpoeh1Xo8SLHqIfLOei9Cg==/com.robtopx.geometryjump-Yla-eCkANKm8To_NQH2vxg==/lib/arm64/libcocos2dcpp.so
71eaad8000-71eaada000 rwxp 005a5000 fe:42 1153428                        /data/app/~~Tpoeh1Xo8SLHqIfLOei9Cg==/com.robtopx.geometryjump-Yla-eCkANKm8To_NQH2vxg==/lib/arm64/libcocos2dcpp.so
71eaada000-71eaae6000 r-xp 005a7000 fe:42 1153428                        /data/app/~~Tpoeh1Xo8SLHqIfLOei9Cg==/com.robtopx.geometryjump-Yla-eCkANKm8To_NQH2vxg==/lib/arm64/libcocos2dcpp.so
71eaae6000-71eaae7000 rwxp 005b3000 fe:42 1153428                        /data/app/~~Tpoeh1Xo8SLHqIfLOei9Cg==/com.robtopx.geometryjump-Yla-eCkANKm8To_NQH2vxg==/lib/arm64/libcocos2dcpp.so
71eaae7000-71eaaeb000 r-xp 005b4000 fe:42 1153428                        /data/app/~~Tpoeh1Xo8SLHqIfLOei9Cg==/com.robtopx.geometryjump-Yla-eCkANKm8To_NQH2vxg==/lib/arm64/libcocos2dcpp.so
71eaaeb000-71eaaec000 rwxp 005b8000 fe:42 1153428                        /data/app/~~Tpoeh1Xo8SLHqIfLOei9Cg==/com.robtopx.geometryjump-Yla-eCkANKm8To_NQH2vxg==/lib/arm64/libcocos2dcpp.so
71eaaec000-71eaaee000 r-xp 005b9000 fe:42 1153428                        /data/app/~~Tpoeh1Xo8SLHqIfLOei9Cg==/com.robtopx.geometryjump-Yla-eCkANKm8To_NQH2vxg==/lib/arm64/libcocos2dcpp.so
71eaaee000-71eaaef000 rwxp 005bb000 fe:42 1153428                        /data/app/~~Tpoeh1Xo8SLHqIfLOei9Cg==/com.robtopx.geometryjump-Yla-eCkANKm8To_NQH2vxg==/lib/arm64/libcocos2dcpp.so
71eaaef000-71eaaf0000 r-xp 005bc000 fe:42 1153428                        /data/app/~~Tpoeh1Xo8SLHqIfLOei9Cg==/com.robtopx.geometryjump-Yla-eCkANKm8To_NQH2vxg==/lib/arm64/libcocos2dcpp.so
71eaaf0000-71eaaf2000 rwxp 005bd000 fe:42 1153428                        /data/app/~~Tpoeh1Xo8SLHqIfLOei9Cg==/com.robtopx.geometryjump-Yla-eCkANKm8To_NQH2vxg==/lib/arm64/libcocos2dcpp.so
71eaaf2000-71eaaf5000 r-xp 005bf000 fe:42 1153428                        /data/app/~~Tpoeh1Xo8SLHqIfLOei9Cg==/com.robtopx.geometryjump-Yla-eCkANKm8To_NQH2vxg==/lib/arm64/libcocos2dcpp.so
71eaaf5000-71eaaf6000 rwxp 005c2000 fe:42 1153428                        /data/app/~~Tpoeh1Xo8SLHqIfLOei9Cg==/com.robtopx.geometryjump-Yla-eCkANKm8To_NQH2vxg==/lib/arm64/libcocos2dcpp.so
71eaaf6000-71eaaf7000 r-xp 005c3000 fe:42 1153428                        /data/app/~~Tpoeh1Xo8SLHqIfLOei9Cg==/com.robtopx.geometryjump-Yla-eCkANKm8To_NQH2vxg==/lib/arm64/libcocos2dcpp.so
71eaaf7000-71eaaf9000 rwxp 005c4000 fe:42 1153428                        /data/app/~~Tpoeh1Xo8SLHqIfLOei9Cg==/com.robtopx.geometryjump-Yla-eCkANKm8To_NQH2vxg==/lib/arm64/libcocos2dcpp.so
71eaaf9000-71eaafa000 r-xp 005c6000 fe:42 1153428                        /data/app/~~Tpoeh1Xo8SLHqIfLOei9Cg==/com.robtopx.geometryjump-Yla-eCkANKm8To_NQH2vxg==/lib/arm64/libcocos2dcpp.so
71eaafa000-71eaafe000 rwxp 005c7000 fe:42 1153428                        /data/app/~~Tpoeh1Xo8SLHqIfLOei9Cg==/com.robtopx.geometryjump-Yla-eCkANKm8To_NQH2vxg==/lib/arm64/libcocos2dcpp.so
71eaafe000-71eaaff000 r-xp 005cb000 fe:42 1153428                        /data/app/~~Tpoeh1Xo8SLHqIfLOei9Cg==/com.robtopx.geometryjump-Yla-eCkANKm8To_NQH2vxg==/lib/arm64/libcocos2dcpp.so
71eaaff000-71eab00000 rwxp 005cc000 fe:42 1153428                        /data/app/~~Tpoeh1Xo8SLHqIfLOei9Cg==/com.robtopx.geometryjump-Yla-eCkANKm8To_NQH2vxg==/lib/arm64/libcocos2dcpp.so
71eab00000-71eab01000 r-xp 005cd000 fe:42 1153428                        /data/app/~~Tpoeh1Xo8SLHqIfLOei9Cg==/com.robtopx.geometryjump-Yla-eCkANKm8To_NQH2vxg==/lib/arm64/libcocos2dcpp.so
71eab01000-71eab03000 rwxp 005ce000 fe:42 1153428                        /data/app/~~Tpoeh1Xo8SLHqIfLOei9Cg==/com.robtopx.geometryjump-Yla-eCkANKm8To_NQH2vxg==/lib/arm64/libcocos2dcpp.so
71eab03000-71eab06000 rwxp 005d0000 fe:42 1153428                        /data/app/~~Tpoeh1Xo8SLHqIfLOei9Cg==/com.robtopx.geometryjump-Yla-eCkANKm8To_NQH2vxg==/lib/arm64/libcocos2dcpp.so
71eab06000-71eab0a000 r-xp 005d3000 fe:42 1153428                        /data/app/~~Tpoeh1Xo8SLHqIfLOei9Cg==/com.robtopx.geometryjump-Yla-eCkANKm8To_NQH2vxg==/lib/arm64/libcocos2dcpp.so
71eab0a000-71eab0b000 rwxp 005d7000 fe:42 1153428                        /data/app/~~Tpoeh1Xo8SLHqIfLOei9Cg==/com.robtopx.geometryjump-Yla-eCkANKm8To_NQH2vxg==/lib/arm64/libcocos2dcpp.so
71eab0b000-71eab0f000 r-xp 005d8000 fe:42 1153428                        /data/app/~~Tpoeh1Xo8SLHqIfLOei9Cg==/com.robtopx.geometryjump-Yla-eCkANKm8To_NQH2vxg==/lib/arm64/libcocos2dcpp.so
71eab0f000-71eab10000 rwxp 005dc000 fe:42 1153428                        /data/app/~~Tpoeh1Xo8SLHqIfLOei9Cg==/com.robtopx.geometryjump-Yla-eCkANKm8To_NQH2vxg==/lib/arm64/libcocos2dcpp.so
71eab10000-71eab16000 r-xp 005dd000 fe:42 1153428                        /data/app/~~Tpoeh1Xo8SLHqIfLOei9Cg==/com.robtopx.geometryjump-Yla-eCkANKm8To_NQH2vxg==/lib/arm64/libcocos2dcpp.so
71eab16000-71eab19000 rwxp 005e3000 fe:42 1153428                        /data/app/~~Tpoeh1Xo8SLHqIfLOei9Cg==/com.robtopx.geometryjump-Yla-eCkANKm8To_NQH2vxg==/lib/arm64/libcocos2dcpp.so
71eab19000-71eab1b000 r-xp 005e6000 fe:42 1153428                        /data/app/~~Tpoeh1Xo8SLHqIfLOei9Cg==/com.robtopx.geometryjump-Yla-eCkANKm8To_NQH2vxg==/lib/arm64/libcocos2dcpp.so
71eab1b000-71eab1c000 rwxp 005e8000 fe:42 1153428                        /data/app/~~Tpoeh1Xo8SLHqIfLOei9Cg==/com.robtopx.geometryjump-Yla-eCkANKm8To_NQH2vxg==/lib/arm64/libcocos2dcpp.so
71eab1c000-71eab1f000 r-xp 005e9000 fe:42 1153428                        /data/app/~~Tpoeh1Xo8SLHqIfLOei9Cg==/com.robtopx.geometryjump-Yla-eCkANKm8To_NQH2vxg==/lib/arm64/libcocos2dcpp.so
71eab1f000-71eab20000 rwxp 005ec000 fe:42 1153428                        /data/app/~~Tpoeh1Xo8SLHqIfLOei9Cg==/com.robtopx.geometryjump-Yla-eCkANKm8To_NQH2vxg==/lib/arm64/libcocos2dcpp.so
71eab20000-71eab24000 r-xp 005ed000 fe:42 1153428                        /data/app/~~Tpoeh1Xo8SLHqIfLOei9Cg==/com.robtopx.geometryjump-Yla-eCkANKm8To_NQH2vxg==/lib/arm64/libcocos2dcpp.so
71eab24000-71eab26000 rwxp 005f1000 fe:42 1153428                        /data/app/~~Tpoeh1Xo8SLHqIfLOei9Cg==/com.robtopx.geometryjump-Yla-eCkANKm8To_NQH2vxg==/lib/arm64/libcocos2dcpp.so
71eab26000-71eab2d000 r-xp 005f3000 fe:42 1153428                        /data/app/~~Tpoeh1Xo8SLHqIfLOei9Cg==/com.robtopx.geometryjump-Yla-eCkANKm8To_NQH2vxg==/lib/arm64/libcocos2dcpp.so
71eab2d000-71eab2e000 rwxp 005fa000 fe:42 1153428                        /data/app/~~Tpoeh1Xo8SLHqIfLOei9Cg==/com.robtopx.geometryjump-Yla-eCkANKm8To_NQH2vxg==/lib/arm64/libcocos2dcpp.so
71eab2e000-71eab2f000 r-xp 005fb000 fe:42 1153428                        /data/app/~~Tpoeh1Xo8SLHqIfLOei9Cg==/com.robtopx.geometryjump-Yla-eCkANKm8To_NQH2vxg==/lib/arm64/libcocos2dcpp.so
71eab2f000-71eab31000 rwxp 005fc000 fe:42 1153428                        /data/app/~~Tpoeh1Xo8SLHqIfLOei9Cg==/com.robtopx.geometryjump-Yla-eCkANKm8To_NQH2vxg==/lib/arm64/libcocos2dcpp.so
71eab31000-71eab32000 rwxp 005fe000 fe:42 1153428                        /data/app/~~Tpoeh1Xo8SLHqIfLOei9Cg==/com.robtopx.geometryjump-Yla-eCkANKm8To_NQH2vxg==/lib/arm64/libcocos2dcpp.so
71eab32000-71eab33000 r-xp 005ff000 fe:42 1153428                        /data/app/~~Tpoeh1Xo8SLHqIfLOei9Cg==/com.robtopx.geometryjump-Yla-eCkANKm8To_NQH2vxg==/lib/arm64/libcocos2dcpp.so
71eab33000-71eab34000 rwxp 00600000 fe:42 1153428                        /data/app/~~Tpoeh1Xo8SLHqIfLOei9Cg==/com.robtopx.geometryjump-Yla-eCkANKm8To_NQH2vxg==/lib/arm64/libcocos2dcpp.so
71eab34000-71eab38000 r-xp 00601000 fe:42 1153428                        /data/app/~~Tpoeh1Xo8SLHqIfLOei9Cg==/com.robtopx.geometryjump-Yla-eCkANKm8To_NQH2vxg==/lib/arm64/libcocos2dcpp.so
71eab38000-71eab39000 rwxp 00605000 fe:42 1153428                        /data/app/~~Tpoeh1Xo8SLHqIfLOei9Cg==/com.robtopx.geometryjump-Yla-eCkANKm8To_NQH2vxg==/lib/arm64/libcocos2dcpp.so
71eab39000-71eab3d000 r-xp 00606000 fe:42 1153428                        /data/app/~~Tpoeh1Xo8SLHqIfLOei9Cg==/com.robtopx.geometryjump-Yla-eCkANKm8To_NQH2vxg==/lib/arm64/libcocos2dcpp.so
71eab3d000-71eab40000 rwxp 0060a000 fe:42 1153428                        /data/app/~~Tpoeh1Xo8SLHqIfLOei9Cg==/com.robtopx.geometryjump-Yla-eCkANKm8To_NQH2vxg==/lib/arm64/libcocos2dcpp.so
71eab40000-71eab41000 rwxp 0060d000 fe:42 1153428                        /data/app/~~Tpoeh1Xo8SLHqIfLOei9Cg==/com.robtopx.geometryjump-Yla-eCkANKm8To_NQH2vxg==/lib/arm64/libcocos2dcpp.so
71eab41000-71eab42000 r-xp 0060e000 fe:42 1153428                        /data/app/~~Tpoeh1Xo8SLHqIfLOei9Cg==/com.robtopx.geometryjump-Yla-eCkANKm8To_NQH2vxg==/lib/arm64/libcocos2dcpp.so
71eab42000-71eab43000 rwxp 0060f000 fe:42 1153428                        /data/app/~~Tpoeh1Xo8SLHqIfLOei9Cg==/com.robtopx.geometryjump-Yla-eCkANKm8To_NQH2vxg==/lib/arm64/libcocos2dcpp.so
71eab43000-71eab45000 r-xp 00610000 fe:42 1153428                        /data/app/~~Tpoeh1Xo8SLHqIfLOei9Cg==/com.robtopx.geometryjump-Yla-eCkANKm8To_NQH2vxg==/lib/arm64/libcocos2dcpp.so
71eab45000-71eab46000 rwxp 00612000 fe:42 1153428                        /data/app/~~Tpoeh1Xo8SLHqIfLOei9Cg==/com.robtopx.geometryjump-Yla-eCkANKm8To_NQH2vxg==/lib/arm64/libcocos2dcpp.so
71eab46000-71eab49000 r-xp 00613000 fe:42 1153428                        /data/app/~~Tpoeh1Xo8SLHqIfLOei9Cg==/com.robtopx.geometryjump-Yla-eCkANKm8To_NQH2vxg==/lib/arm64/libcocos2dcpp.so
71eab49000-71eab4a000 rwxp 00616000 fe:42 1153428                        /data/app/~~Tpoeh1Xo8SLHqIfLOei9Cg==/com.robtopx.geometryjump-Yla-eCkANKm8To_NQH2vxg==/lib/arm64/libcocos2dcpp.so
71eab4a000-71eab4b000 r-xp 00617000 fe:42 1153428                        /data/app/~~Tpoeh1Xo8SLHqIfLOei9Cg==/com.robtopx.geometryjump-Yla-eCkANKm8To_NQH2vxg==/lib/arm64/libcocos2dcpp.so
71eab4b000-71eab4c000 rwxp 00618000 fe:42 1153428                        /data/app/~~Tpoeh1Xo8SLHqIfLOei9Cg==/com.robtopx.geometryjump-Yla-eCkANKm8To_NQH2vxg==/lib/arm64/libcocos2dcpp.so
71eab4c000-71eab4d000 r-xp 00619000 fe:42 1153428                        /data/app/~~Tpoeh1Xo8SLHqIfLOei9Cg==/com.robtopx.geometryjump-Yla-eCkANKm8To_NQH2vxg==/lib/arm64/libcocos2dcpp.so
71eab4d000-71eab4f000 rwxp 0061a000 fe:42 1153428                        /data/app/~~Tpoeh1Xo8SLHqIfLOei9Cg==/com.robtopx.geometryjump-Yla-eCkANKm8To_NQH2vxg==/lib/arm64/libcocos2dcpp.so
71eab4f000-71eab50000 rwxp 0061c000 fe:42 1153428                        /data/app/~~Tpoeh1Xo8SLHqIfLOei9Cg==/com.robtopx.geometryjump-Yla-eCkANKm8To_NQH2vxg==/lib/arm64/libcocos2dcpp.so
71eab50000-71eab51000 r-xp 0061d000 fe:42 1153428                        /data/app/~~Tpoeh1Xo8SLHqIfLOei9Cg==/com.robtopx.geometryjump-Yla-eCkANKm8To_NQH2vxg==/lib/arm64/libcocos2dcpp.so
71eab51000-71eab52000 rwxp 0061e000 fe:42 1153428                        /data/app/~~Tpoeh1Xo8SLHqIfLOei9Cg==/com.robtopx.geometryjump-Yla-eCkANKm8To_NQH2vxg==/lib/arm64/libcocos2dcpp.so
71eab52000-71eab55000 r-xp 0061f000 fe:42 1153428                        /data/app/~~Tpoeh1Xo8SLHqIfLOei9Cg==/com.robtopx.geometryjump-Yla-eCkANKm8To_NQH2vxg==/lib/arm64/libcocos2dcpp.so
71eab55000-71eab58000 rwxp 00622000 fe:42 1153428                        /data/app/~~Tpoeh1Xo8SLHqIfLOei9Cg==/com.robtopx.geometryjump-Yla-eCkANKm8To_NQH2vxg==/lib/arm64/libcocos2dcpp.so
71eab58000-71eab59000 r-xp 00625000 fe:42 1153428                        /data/app/~~Tpoeh1Xo8SLHqIfLOei9Cg==/com.robtopx.geometryjump-Yla-eCkANKm8To_NQH2vxg==/lib/arm64/libcocos2dcpp.so
71eab59000-71eab5a000 rwxp 00626000 fe:42 1153428                        /data/app/~~Tpoeh1Xo8SLHqIfLOei9Cg==/com.robtopx.geometryjump-Yla-eCkANKm8To_NQH2vxg==/lib/arm64/libcocos2dcpp.so
71eab5a000-71eab5b000 r-xp 00627000 fe:42 1153428                        /data/app/~~Tpoeh1Xo8SLHqIfLOei9Cg==/com.robtopx.geometryjump-Yla-eCkANKm8To_NQH2vxg==/lib/arm64/libcocos2dcpp.so
71eab5b000-71eab5e000 rwxp 00628000 fe:42 1153428                        /data/app/~~Tpoeh1Xo8SLHqIfLOei9Cg==/com.robtopx.geometryjump-Yla-eCkANKm8To_NQH2vxg==/lib/arm64/libcocos2dcpp.so
71eab5e000-71eab5f000 r-xp 0062b000 fe:42 1153428                        /data/app/~~Tpoeh1Xo8SLHqIfLOei9Cg==/com.robtopx.geometryjump-Yla-eCkANKm8To_NQH2vxg==/lib/arm64/libcocos2dcpp.so
71eab5f000-71eab62000 rwxp 0062c000 fe:42 1153428                        /data/app/~~Tpoeh1Xo8SLHqIfLOei9Cg==/com.robtopx.geometryjump-Yla-eCkANKm8To_NQH2vxg==/lib/arm64/libcocos2dcpp.so
71eab62000-71eab6a000 r-xp 0062f000 fe:42 1153428                        /data/app/~~Tpoeh1Xo8SLHqIfLOei9Cg==/com.robtopx.geometryjump-Yla-eCkANKm8To_NQH2vxg==/lib/arm64/libcocos2dcpp.so
71eab6a000-71eab6b000 rwxp 00637000 fe:42 1153428                        /data/app/~~Tpoeh1Xo8SLHqIfLOei9Cg==/com.robtopx.geometryjump-Yla-eCkANKm8To_NQH2vxg==/lib/arm64/libcocos2dcpp.so
71eab6b000-71eab6d000 r-xp 00638000 fe:42 1153428                        /data/app/~~Tpoeh1Xo8SLHqIfLOei9Cg==/com.robtopx.geometryjump-Yla-eCkANKm8To_NQH2vxg==/lib/arm64/libcocos2dcpp.so
71eab6d000-71eab6f000 rwxp 0063a000 fe:42 1153428                        /data/app/~~Tpoeh1Xo8SLHqIfLOei9Cg==/com.robtopx.geometryjump-Yla-eCkANKm8To_NQH2vxg==/lib/arm64/libcocos2dcpp.so
71eab6f000-71eab71000 rwxp 0063c000 fe:42 1153428                        /data/app/~~Tpoeh1Xo8SLHqIfLOei9Cg==/com.robtopx.geometryjump-Yla-eCkANKm8To_NQH2vxg==/lib/arm64/libcocos2dcpp.so
71eab71000-71eab72000 r-xp 0063e000 fe:42 1153428                        /data/app/~~Tpoeh1Xo8SLHqIfLOei9Cg==/com.robtopx.geometryjump-Yla-eCkANKm8To_NQH2vxg==/lib/arm64/libcocos2dcpp.so
71eab72000-71eab73000 rwxp 0063f000 fe:42 1153428                        /data/app/~~Tpoeh1Xo8SLHqIfLOei9Cg==/com.robtopx.geometryjump-Yla-eCkANKm8To_NQH2vxg==/lib/arm64/libcocos2dcpp.so
71eab73000-71eab74000 r-xp 00640000 fe:42 1153428                        /data/app/~~Tpoeh1Xo8SLHqIfLOei9Cg==/com.robtopx.geometryjump-Yla-eCkANKm8To_NQH2vxg==/lib/arm64/libcocos2dcpp.so
71eab74000-71eab76000 rwxp 00641000 fe:42 1153428                        /data/app/~~Tpoeh1Xo8SLHqIfLOei9Cg==/com.robtopx.geometryjump-Yla-eCkANKm8To_NQH2vxg==/lib/arm64/libcocos2dcpp.so
71eab76000-71eab78000 r-xp 00643000 fe:42 1153428                        /data/app/~~Tpoeh1Xo8SLHqIfLOei9Cg==/com.robtopx.geometryjump-Yla-eCkANKm8To_NQH2vxg==/lib/arm64/libcocos2dcpp.so
71eab78000-71eab79000 rwxp 00645000 fe:42 1153428                        /data/app/~~Tpoeh1Xo8SLHqIfLOei9Cg==/com.robtopx.geometryjump-Yla-eCkANKm8To_NQH2vxg==/lib/arm64/libcocos2dcpp.so
71eab79000-71eab8f000 r-xp 00646000 fe:42 1153428                        /data/app/~~Tpoeh1Xo8SLHqIfLOei9Cg==/com.robtopx.geometryjump-Yla-eCkANKm8To_NQH2vxg==/lib/arm64/libcocos2dcpp.so
71eab8f000-71eab90000 rwxp 0065c000 fe:42 1153428                        /data/app/~~Tpoeh1Xo8SLHqIfLOei9Cg==/com.robtopx.geometryjump-Yla-eCkANKm8To_NQH2vxg==/lib/arm64/libcocos2dcpp.so
71eab90000-71eab95000 r-xp 0065d000 fe:42 1153428                        /data/app/~~Tpoeh1Xo8SLHqIfLOei9Cg==/com.robtopx.geometryjump-Yla-eCkANKm8To_NQH2vxg==/lib/arm64/libcocos2dcpp.so
71eab95000-71eab97000 rwxp 00662000 fe:42 1153428                        /data/app/~~Tpoeh1Xo8SLHqIfLOei9Cg==/com.robtopx.geometryjump-Yla-eCkANKm8To_NQH2vxg==/lib/arm64/libcocos2dcpp.so
71eab97000-71eab98000 r-xp 00664000 fe:42 1153428                        /data/app/~~Tpoeh1Xo8SLHqIfLOei9Cg==/com.robtopx.geometryjump-Yla-eCkANKm8To_NQH2vxg==/lib/arm64/libcocos2dcpp.so
71eab98000-71eab99000 rwxp 00665000 fe:42 1153428                        /data/app/~~Tpoeh1Xo8SLHqIfLOei9Cg==/com.robtopx.geometryjump-Yla-eCkANKm8To_NQH2vxg==/lib/arm64/libcocos2dcpp.so
71eab99000-71eaba1000 r-xp 00666000 fe:42 1153428                        /data/app/~~Tpoeh1Xo8SLHqIfLOei9Cg==/com.robtopx.geometryjump-Yla-eCkANKm8To_NQH2vxg==/lib/arm64/libcocos2dcpp.so
71eaba1000-71eaba2000 rwxp 0066e000 fe:42 1153428                        /data/app/~~Tpoeh1Xo8SLHqIfLOei9Cg==/com.robtopx.geometryjump-Yla-eCkANKm8To_NQH2vxg==/lib/arm64/libcocos2dcpp.so
71eaba2000-71eaba3000 r-xp 0066f000 fe:42 1153428                        /data/app/~~Tpoeh1Xo8SLHqIfLOei9Cg==/com.robtopx.geometryjump-Yla-eCkANKm8To_NQH2vxg==/lib/arm64/libcocos2dcpp.so
71eaba3000-71eaba4000 rwxp 00670000 fe:42 1153428                        /data/app/~~Tpoeh1Xo8SLHqIfLOei9Cg==/com.robtopx.geometryjump-Yla-eCkANKm8To_NQH2vxg==/lib/arm64/libcocos2dcpp.so
71eaba4000-71eabae000 r-xp 00671000 fe:42 1153428                        /data/app/~~Tpoeh1Xo8SLHqIfLOei9Cg==/com.robtopx.geometryjump-Yla-eCkANKm8To_NQH2vxg==/lib/arm64/libcocos2dcpp.so
71eabae000-71eabb0000 rwxp 0067b000 fe:42 1153428                        /data/app/~~Tpoeh1Xo8SLHqIfLOei9Cg==/com.robtopx.geometryjump-Yla-eCkANKm8To_NQH2vxg==/lib/arm64/libcocos2dcpp.so
71eabb0000-71eabb8000 r-xp 0067d000 fe:42 1153428                        /data/app/~~Tpoeh1Xo8SLHqIfLOei9Cg==/com.robtopx.geometryjump-Yla-eCkANKm8To_NQH2vxg==/lib/arm64/libcocos2dcpp.so
71eabb8000-71eabba000 rwxp 00685000 fe:42 1153428                        /data/app/~~Tpoeh1Xo8SLHqIfLOei9Cg==/com.robtopx.geometryjump-Yla-eCkANKm8To_NQH2vxg==/lib/arm64/libcocos2dcpp.so
71eabba000-71eabbb000 rwxp 00687000 fe:42 1153428                        /data/app/~~Tpoeh1Xo8SLHqIfLOei9Cg==/com.robtopx.geometryjump-Yla-eCkANKm8To_NQH2vxg==/lib/arm64/libcocos2dcpp.so
71eabbb000-71eabbc000 r-xp 00688000 fe:42 1153428                        /data/app/~~Tpoeh1Xo8SLHqIfLOei9Cg==/com.robtopx.geometryjump-Yla-eCkANKm8To_NQH2vxg==/lib/arm64/libcocos2dcpp.so
71eabbc000-71eabbe000 rwxp 00689000 fe:42 1153428                        /data/app/~~Tpoeh1Xo8SLHqIfLOei9Cg==/com.robtopx.geometryjump-Yla-eCkANKm8To_NQH2vxg==/lib/arm64/libcocos2dcpp.so
71eabbe000-71eabc1000 r-xp 0068b000 fe:42 1153428                        /data/app/~~Tpoeh1Xo8SLHqIfLOei9Cg==/com.robtopx.geometryjump-Yla-eCkANKm8To_NQH2vxg==/lib/arm64/libcocos2dcpp.so
71eabc1000-71eabc2000 rwxp 0068e000 fe:42 1153428                        /data/app/~~Tpoeh1Xo8SLHqIfLOei9Cg==/com.robtopx.geometryjump-Yla-eCkANKm8To_NQH2vxg==/lib/arm64/libcocos2dcpp.so
71eabc2000-71eabc3000 r-xp 0068f000 fe:42 1153428                        /data/app/~~Tpoeh1Xo8SLHqIfLOei9Cg==/com.robtopx.geometryjump-Yla-eCkANKm8To_NQH2vxg==/lib/arm64/libcocos2dcpp.so
71eabc3000-71eabc4000 rwxp 00690000 fe:42 1153428                        /data/app/~~Tpoeh1Xo8SLHqIfLOei9Cg==/com.robtopx.geometryjump-Yla-eCkANKm8To_NQH2vxg==/lib/arm64/libcocos2dcpp.so
71eabc4000-71eabc8000 r-xp 00691000 fe:42 1153428                        /data/app/~~Tpoeh1Xo8SLHqIfLOei9Cg==/com.robtopx.geometryjump-Yla-eCkANKm8To_NQH2vxg==/lib/arm64/libcocos2dcpp.so
71eabc8000-71eabca000 rwxp 00695000 fe:42 1153428                        /data/app/~~Tpoeh1Xo8SLHqIfLOei9Cg==/com.robtopx.geometryjump-Yla-eCkANKm8To_NQH2vxg==/lib/arm64/libcocos2dcpp.so
71eabca000-71eabe7000 r-xp 00697000 fe:42 1153428                        /data/app/~~Tpoeh1Xo8SLHqIfLOei9Cg==/com.robtopx.geometryjump-Yla-eCkANKm8To_NQH2vxg==/lib/arm64/libcocos2dcpp.so
71eabe7000-71eabe9000 rwxp 006b4000 fe:42 1153428                        /data/app/~~Tpoeh1Xo8SLHqIfLOei9Cg==/com.robtopx.geometryjump-Yla-eCkANKm8To_NQH2vxg==/lib/arm64/libcocos2dcpp.so
71eabe9000-71eabed000 r-xp 006b6000 fe:42 1153428                        /data/app/~~Tpoeh1Xo8SLHqIfLOei9Cg==/com.robtopx.geometryjump-Yla-eCkANKm8To_NQH2vxg==/lib/arm64/libcocos2dcpp.so
71eabed000-71eabef000 rwxp 006ba000 fe:42 1153428                        /data/app/~~Tpoeh1Xo8SLHqIfLOei9Cg==/com.robtopx.geometryjump-Yla-eCkANKm8To_NQH2vxg==/lib/arm64/libcocos2dcpp.so
71eabef000-71eabf1000 r-xp 006bc000 fe:42 1153428                        /data/app/~~Tpoeh1Xo8SLHqIfLOei9Cg==/com.robtopx.geometryjump-Yla-eCkANKm8To_NQH2vxg==/lib/arm64/libcocos2dcpp.so
71eabf1000-71eabf2000 rwxp 006be000 fe:42 1153428                        /data/app/~~Tpoeh1Xo8SLHqIfLOei9Cg==/com.robtopx.geometryjump-Yla-eCkANKm8To_NQH2vxg==/lib/arm64/libcocos2dcpp.so
71eabf2000-71eabf4000 r-xp 006bf000 fe:42 1153428                        /data/app/~~Tpoeh1Xo8SLHqIfLOei9Cg==/com.robtopx.geometryjump-Yla-eCkANKm8To_NQH2vxg==/lib/arm64/libcocos2dcpp.so
71eabf4000-71eabf8000 rwxp 006c1000 fe:42 1153428                        /data/app/~~Tpoeh1Xo8SLHqIfLOei9Cg==/com.robtopx.geometryjump-Yla-eCkANKm8To_NQH2vxg==/lib/arm64/libcocos2dcpp.so
71eabf8000-71eabfb000 rwxp 006c5000 fe:42 1153428                        /data/app/~~Tpoeh1Xo8SLHqIfLOei9Cg==/com.robtopx.geometryjump-Yla-eCkANKm8To_NQH2vxg==/lib/arm64/libcocos2dcpp.so
71eabfb000-71eabfc000 r-xp 006c8000 fe:42 1153428                        /data/app/~~Tpoeh1Xo8SLHqIfLOei9Cg==/com.robtopx.geometryjump-Yla-eCkANKm8To_NQH2vxg==/lib/arm64/libcocos2dcpp.so
71eabfc000-71eabfe000 rwxp 006c9000 fe:42 1153428                        /data/app/~~Tpoeh1Xo8SLHqIfLOei9Cg==/com.robtopx.geometryjump-Yla-eCkANKm8To_NQH2vxg==/lib/arm64/libcocos2dcpp.so
71eabfe000-71eabff000 rwxp 006cb000 fe:42 1153428                        /data/app/~~Tpoeh1Xo8SLHqIfLOei9Cg==/com.robtopx.geometryjump-Yla-eCkANKm8To_NQH2vxg==/lib/arm64/libcocos2dcpp.so
71eabff000-71eac00000 r-xp 006cc000 fe:42 1153428                        /data/app/~~Tpoeh1Xo8SLHqIfLOei9Cg==/com.robtopx.geometryjump-Yla-eCkANKm8To_NQH2vxg==/lib/arm64/libcocos2dcpp.so
71eac00000-71eac02000 rwxp 006cd000 fe:42 1153428                        /data/app/~~Tpoeh1Xo8SLHqIfLOei9Cg==/com.robtopx.geometryjump-Yla-eCkANKm8To_NQH2vxg==/lib/arm64/libcocos2dcpp.so
71eac02000-71eac04000 rwxp 006cf000 fe:42 1153428                        /data/app/~~Tpoeh1Xo8SLHqIfLOei9Cg==/com.robtopx.geometryjump-Yla-eCkANKm8To_NQH2vxg==/lib/arm64/libcocos2dcpp.so
71eac04000-71eac05000 rwxp 006d1000 fe:42 1153428                        /data/app/~~Tpoeh1Xo8SLHqIfLOei9Cg==/com.robtopx.geometryjump-Yla-eCkANKm8To_NQH2vxg==/lib/arm64/libcocos2dcpp.so
71eac05000-71eac06000 r-xp 006d2000 fe:42 1153428                        /data/app/~~Tpoeh1Xo8SLHqIfLOei9Cg==/com.robtopx.geometryjump-Yla-eCkANKm8To_NQH2vxg==/lib/arm64/libcocos2dcpp.so
71eac06000-71eac07000 rwxp 006d3000 fe:42 1153428                        /data/app/~~Tpoeh1Xo8SLHqIfLOei9Cg==/com.robtopx.geometryjump-Yla-eCkANKm8To_NQH2vxg==/lib/arm64/libcocos2dcpp.so
71eac07000-71eac08000 r-xp 006d4000 fe:42 1153428                        /data/app/~~Tpoeh1Xo8SLHqIfLOei9Cg==/com.robtopx.geometryjump-Yla-eCkANKm8To_NQH2vxg==/lib/arm64/libcocos2dcpp.so
71eac08000-71eac0a000 rwxp 006d5000 fe:42 1153428                        /data/app/~~Tpoeh1Xo8SLHqIfLOei9Cg==/com.robtopx.geometryjump-Yla-eCkANKm8To_NQH2vxg==/lib/arm64/libcocos2dcpp.so
71eac0a000-71eac0c000 rwxp 006d7000 fe:42 1153428                        /data/app/~~Tpoeh1Xo8SLHqIfLOei9Cg==/com.robtopx.geometryjump-Yla-eCkANKm8To_NQH2vxg==/lib/arm64/libcocos2dcpp.so
71eac0c000-71eac0d000 rwxp 006d9000 fe:42 1153428                        /data/app/~~Tpoeh1Xo8SLHqIfLOei9Cg==/com.robtopx.geometryjump-Yla-eCkANKm8To_NQH2vxg==/lib/arm64/libcocos2dcpp.so
71eac0d000-71eac0e000 r-xp 006da000 fe:42 1153428                        /data/app/~~Tpoeh1Xo8SLHqIfLOei9Cg==/com.robtopx.geometryjump-Yla-eCkANKm8To_NQH2vxg==/lib/arm64/libcocos2dcpp.so
71eac0e000-71eac0f000 rwxp 006db000 fe:42 1153428                        /data/app/~~Tpoeh1Xo8SLHqIfLOei9Cg==/com.robtopx.geometryjump-Yla-eCkANKm8To_NQH2vxg==/lib/arm64/libcocos2dcpp.so
71eac0f000-71eac10000 r-xp 006dc000 fe:42 1153428                        /data/app/~~Tpoeh1Xo8SLHqIfLOei9Cg==/com.robtopx.geometryjump-Yla-eCkANKm8To_NQH2vxg==/lib/arm64/libcocos2dcpp.so
71eac10000-71eac12000 rwxp 006dd000 fe:42 1153428                        /data/app/~~Tpoeh1Xo8SLHqIfLOei9Cg==/com.robtopx.geometryjump-Yla-eCkANKm8To_NQH2vxg==/lib/arm64/libcocos2dcpp.so
71eac12000-71eac13000 r-xp 006df000 fe:42 1153428                        /data/app/~~Tpoeh1Xo8SLHqIfLOei9Cg==/com.robtopx.geometryjump-Yla-eCkANKm8To_NQH2vxg==/lib/arm64/libcocos2dcpp.so
71eac13000-71eac14000 rwxp 006e0000 fe:42 1153428                        /data/app/~~Tpoeh1Xo8SLHqIfLOei9Cg==/com.robtopx.geometryjump-Yla-eCkANKm8To_NQH2vxg==/lib/arm64/libcocos2dcpp.so
71eac14000-71eac15000 r-xp 006e1000 fe:42 1153428                        /data/app/~~Tpoeh1Xo8SLHqIfLOei9Cg==/com.robtopx.geometryjump-Yla-eCkANKm8To_NQH2vxg==/lib/arm64/libcocos2dcpp.so
71eac15000-71eac16000 rwxp 006e2000 fe:42 1153428                        /data/app/~~Tpoeh1Xo8SLHqIfLOei9Cg==/com.robtopx.geometryjump-Yla-eCkANKm8To_NQH2vxg==/lib/arm64/libcocos2dcpp.so
71eac16000-71eac1a000 r-xp 006e3000 fe:42 1153428                        /data/app/~~Tpoeh1Xo8SLHqIfLOei9Cg==/com.robtopx.geometryjump-Yla-eCkANKm8To_NQH2vxg==/lib/arm64/libcocos2dcpp.so
71eac1a000-71eac1d000 rwxp 006e7000 fe:42 1153428                        /data/app/~~Tpoeh1Xo8SLHqIfLOei9Cg==/com.robtopx.geometryjump-Yla-eCkANKm8To_NQH2vxg==/lib/arm64/libcocos2dcpp.so
71eac1d000-71eac1e000 rwxp 006ea000 fe:42 1153428                        /data/app/~~Tpoeh1Xo8SLHqIfLOei9Cg==/com.robtopx.geometryjump-Yla-eCkANKm8To_NQH2vxg==/lib/arm64/libcocos2dcpp.so
71eac1e000-71eac24000 r-xp 006eb000 fe:42 1153428                        /data/app/~~Tpoeh1Xo8SLHqIfLOei9Cg==/com.robtopx.geometryjump-Yla-eCkANKm8To_NQH2vxg==/lib/arm64/libcocos2dcpp.so
71eac24000-71eac25000 rwxp 006f1000 fe:42 1153428                        /data/app/~~Tpoeh1Xo8SLHqIfLOei9Cg==/com.robtopx.geometryjump-Yla-eCkANKm8To_NQH2vxg==/lib/arm64/libcocos2dcpp.so
71eac25000-71eac26000 r-xp 006f2000 fe:42 1153428                        /data/app/~~Tpoeh1Xo8SLHqIfLOei9Cg==/com.robtopx.geometryjump-Yla-eCkANKm8To_NQH2vxg==/lib/arm64/libcocos2dcpp.so
71eac26000-71eac27000 rwxp 006f3000 fe:42 1153428                        /data/app/~~Tpoeh1Xo8SLHqIfLOei9Cg==/com.robtopx.geometryjump-Yla-eCkANKm8To_NQH2vxg==/lib/arm64/libcocos2dcpp.so
71eac27000-71eac28000 r-xp 006f4000 fe:42 1153428                        /data/app/~~Tpoeh1Xo8SLHqIfLOei9Cg==/com.robtopx.geometryjump-Yla-eCkANKm8To_NQH2vxg==/lib/arm64/libcocos2dcpp.so
71eac28000-71eac29000 rwxp 006f5000 fe:42 1153428                        /data/app/~~Tpoeh1Xo8SLHqIfLOei9Cg==/com.robtopx.geometryjump-Yla-eCkANKm8To_NQH2vxg==/lib/arm64/libcocos2dcpp.so
71eac29000-71eac34000 r-xp 006f6000 fe:42 1153428                        /data/app/~~Tpoeh1Xo8SLHqIfLOei9Cg==/com.robtopx.geometryjump-Yla-eCkANKm8To_NQH2vxg==/lib/arm64/libcocos2dcpp.so
71eac34000-71eac36000 rwxp 00701000 fe:42 1153428                        /data/app/~~Tpoeh1Xo8SLHqIfLOei9Cg==/com.robtopx.geometryjump-Yla-eCkANKm8To_NQH2vxg==/lib/arm64/libcocos2dcpp.so
71eac36000-71eac38000 r-xp 00703000 fe:42 1153428                        /data/app/~~Tpoeh1Xo8SLHqIfLOei9Cg==/com.robtopx.geometryjump-Yla-eCkANKm8To_NQH2vxg==/lib/arm64/libcocos2dcpp.so
71eac38000-71eac3a000 rwxp 00705000 fe:42 1153428                        /data/app/~~Tpoeh1Xo8SLHqIfLOei9Cg==/com.robtopx.geometryjump-Yla-eCkANKm8To_NQH2vxg==/lib/arm64/libcocos2dcpp.so
71eac3a000-71eac3c000 r-xp 00707000 fe:42 1153428                        /data/app/~~Tpoeh1Xo8SLHqIfLOei9Cg==/com.robtopx.geometryjump-Yla-eCkANKm8To_NQH2vxg==/lib/arm64/libcocos2dcpp.so
71eac3c000-71eac3d000 rwxp 00709000 fe:42 1153428                        /data/app/~~Tpoeh1Xo8SLHqIfLOei9Cg==/com.robtopx.geometryjump-Yla-eCkANKm8To_NQH2vxg==/lib/arm64/libcocos2dcpp.so
71eac3d000-71eac4c000 r-xp 0070a000 fe:42 1153428                        /data/app/~~Tpoeh1Xo8SLHqIfLOei9Cg==/com.robtopx.geometryjump-Yla-eCkANKm8To_NQH2vxg==/lib/arm64/libcocos2dcpp.so
71eac4c000-71eac4e000 rwxp 00719000 fe:42 1153428                        /data/app/~~Tpoeh1Xo8SLHqIfLOei9Cg==/com.robtopx.geometryjump-Yla-eCkANKm8To_NQH2vxg==/lib/arm64/libcocos2dcpp.so
71eac4e000-71eac63000 r-xp 0071b000 fe:42 1153428                        /data/app/~~Tpoeh1Xo8SLHqIfLOei9Cg==/com.robtopx.geometryjump-Yla-eCkANKm8To_NQH2vxg==/lib/arm64/libcocos2dcpp.so
71eac63000-71eac64000 rwxp 00730000 fe:42 1153428                        /data/app/~~Tpoeh1Xo8SLHqIfLOei9Cg==/com.robtopx.geometryjump-Yla-eCkANKm8To_NQH2vxg==/lib/arm64/libcocos2dcpp.so
71eac64000-71eac68000 r-xp 00731000 fe:42 1153428                        /data/app/~~Tpoeh1Xo8SLHqIfLOei9Cg==/com.robtopx.geometryjump-Yla-eCkANKm8To_NQH2vxg==/lib/arm64/libcocos2dcpp.so
71eac68000-71eac69000 rwxp 00735000 fe:42 1153428                        /data/app/~~Tpoeh1Xo8SLHqIfLOei9Cg==/com.robtopx.geometryjump-Yla-eCkANKm8To_NQH2vxg==/lib/arm64/libcocos2dcpp.so
71eac69000-71eac6c000 r-xp 00736000 fe:42 1153428                        /data/app/~~Tpoeh1Xo8SLHqIfLOei9Cg==/com.robtopx.geometryjump-Yla-eCkANKm8To_NQH2vxg==/lib/arm64/libcocos2dcpp.so
71eac6c000-71eac6f000 rwxp 00739000 fe:42 1153428                        /data/app/~~Tpoeh1Xo8SLHqIfLOei9Cg==/com.robtopx.geometryjump-Yla-eCkANKm8To_NQH2vxg==/lib/arm64/libcocos2dcpp.so
71eac6f000-71eac70000 r-xp 0073c000 fe:42 1153428                        /data/app/~~Tpoeh1Xo8SLHqIfLOei9Cg==/com.robtopx.geometryjump-Yla-eCkANKm8To_NQH2vxg==/lib/arm64/libcocos2dcpp.so
71eac70000-71eac71000 rwxp 0073d000 fe:42 1153428                        /data/app/~~Tpoeh1Xo8SLHqIfLOei9Cg==/com.robtopx.geometryjump-Yla-eCkANKm8To_NQH2vxg==/lib/arm64/libcocos2dcpp.so
71eac71000-71eac72000 r-xp 0073e000 fe:42 1153428                        /data/app/~~Tpoeh1Xo8SLHqIfLOei9Cg==/com.robtopx.geometryjump-Yla-eCkANKm8To_NQH2vxg==/lib/arm64/libcocos2dcpp.so
71eac72000-71eac73000 rwxp 0073f000 fe:42 1153428                        /data/app/~~Tpoeh1Xo8SLHqIfLOei9Cg==/com.robtopx.geometryjump-Yla-eCkANKm8To_NQH2vxg==/lib/arm64/libcocos2dcpp.so
71eac73000-71eac75000 r-xp 00740000 fe:42 1153428                        /data/app/~~Tpoeh1Xo8SLHqIfLOei9Cg==/com.robtopx.geometryjump-Yla-eCkANKm8To_NQH2vxg==/lib/arm64/libcocos2dcpp.so
71eac75000-71eac76000 rwxp 00742000 fe:42 1153428                        /data/app/~~Tpoeh1Xo8SLHqIfLOei9Cg==/com.robtopx.geometryjump-Yla-eCkANKm8To_NQH2vxg==/lib/arm64/libcocos2dcpp.so
71eac76000-71eac77000 r-xp 00743000 fe:42 1153428                        /data/app/~~Tpoeh1Xo8SLHqIfLOei9Cg==/com.robtopx.geometryjump-Yla-eCkANKm8To_NQH2vxg==/lib/arm64/libcocos2dcpp.so
71eac77000-71eac7a000 rwxp 00744000 fe:42 1153428                        /data/app/~~Tpoeh1Xo8SLHqIfLOei9Cg==/com.robtopx.geometryjump-Yla-eCkANKm8To_NQH2vxg==/lib/arm64/libcocos2dcpp.so
71eac7a000-71eac7c000 rwxp 00747000 fe:42 1153428                        /data/app/~~Tpoeh1Xo8SLHqIfLOei9Cg==/com.robtopx.geometryjump-Yla-eCkANKm8To_NQH2vxg==/lib/arm64/libcocos2dcpp.so
71eac7c000-71eac94000 r-xp 00749000 fe:42 1153428                        /data/app/~~Tpoeh1Xo8SLHqIfLOei9Cg==/com.robtopx.geometryjump-Yla-eCkANKm8To_NQH2vxg==/lib/arm64/libcocos2dcpp.so
71eac94000-71eac95000 rwxp 00761000 fe:42 1153428                        /data/app/~~Tpoeh1Xo8SLHqIfLOei9Cg==/com.robtopx.geometryjump-Yla-eCkANKm8To_NQH2vxg==/lib/arm64/libcocos2dcpp.so
71eac95000-71eacbd000 r-xp 00762000 fe:42 1153428                        /data/app/~~Tpoeh1Xo8SLHqIfLOei9Cg==/com.robtopx.geometryjump-Yla-eCkANKm8To_NQH2vxg==/lib/arm64/libcocos2dcpp.so
71eacbd000-71eacbf000 rwxp 0078a000 fe:42 1153428                        /data/app/~~Tpoeh1Xo8SLHqIfLOei9Cg==/com.robtopx.geometryjump-Yla-eCkANKm8To_NQH2vxg==/lib/arm64/libcocos2dcpp.so
71eacbf000-71eacc1000 r-xp 0078c000 fe:42 1153428                        /data/app/~~Tpoeh1Xo8SLHqIfLOei9Cg==/com.robtopx.geometryjump-Yla-eCkANKm8To_NQH2vxg==/lib/arm64/libcocos2dcpp.so
71eacc1000-71eacc2000 rwxp 0078e000 fe:42 1153428                        /data/app/~~Tpoeh1Xo8SLHqIfLOei9Cg==/com.robtopx.geometryjump-Yla-eCkANKm8To_NQH2vxg==/lib/arm64/libcocos2dcpp.so
71eacc2000-71eacc7000 r-xp 0078f000 fe:42 1153428                        /data/app/~~Tpoeh1Xo8SLHqIfLOei9Cg==/com.robtopx.geometryjump-Yla-eCkANKm8To_NQH2vxg==/lib/arm64/libcocos2dcpp.so
71eacc7000-71eacc8000 rwxp 00794000 fe:42 1153428                        /data/app/~~Tpoeh1Xo8SLHqIfLOei9Cg==/com.robtopx.geometryjump-Yla-eCkANKm8To_NQH2vxg==/lib/arm64/libcocos2dcpp.so
71eacc8000-71eacca000 r-xp 00795000 fe:42 1153428                        /data/app/~~Tpoeh1Xo8SLHqIfLOei9Cg==/com.robtopx.geometryjump-Yla-eCkANKm8To_NQH2vxg==/lib/arm64/libcocos2dcpp.so
71eacca000-71eaccc000 rwxp 00797000 fe:42 1153428                        /data/app/~~Tpoeh1Xo8SLHqIfLOei9Cg==/com.robtopx.geometryjump-Yla-eCkANKm8To_NQH2vxg==/lib/arm64/libcocos2dcpp.so
71eaccc000-71eaccf000 r-xp 00799000 fe:42 1153428                        /data/app/~~Tpoeh1Xo8SLHqIfLOei9Cg==/com.robtopx.geometryjump-Yla-eCkANKm8To_NQH2vxg==/lib/arm64/libcocos2dcpp.so
71eaccf000-71eacd1000 rwxp 0079c000 fe:42 1153428                        /data/app/~~Tpoeh1Xo8SLHqIfLOei9Cg==/com.robtopx.geometryjump-Yla-eCkANKm8To_NQH2vxg==/lib/arm64/libcocos2dcpp.so
71eacd1000-71eacd4000 rwxp 0079e000 fe:42 1153428                        /data/app/~~Tpoeh1Xo8SLHqIfLOei9Cg==/com.robtopx.geometryjump-Yla-eCkANKm8To_NQH2vxg==/lib/arm64/libcocos2dcpp.so
71eacd4000-71eacec000 r-xp 007a1000 fe:42 1153428                        /data/app/~~Tpoeh1Xo8SLHqIfLOei9Cg==/com.robtopx.geometryjump-Yla-eCkANKm8To_NQH2vxg==/lib/arm64/libcocos2dcpp.so
71eacec000-71eaced000 rwxp 007b9000 fe:42 1153428                        /data/app/~~Tpoeh1Xo8SLHqIfLOei9Cg==/com.robtopx.geometryjump-Yla-eCkANKm8To_NQH2vxg==/lib/arm64/libcocos2dcpp.so
71eaced000-71eacf0000 r-xp 007ba000 fe:42 1153428                        /data/app/~~Tpoeh1Xo8SLHqIfLOei9Cg==/com.robtopx.geometryjump-Yla-eCkANKm8To_NQH2vxg==/lib/arm64/libcocos2dcpp.so
71eacf0000-71eacf1000 rwxp 007bd000 fe:42 1153428                        /data/app/~~Tpoeh1Xo8SLHqIfLOei9Cg==/com.robtopx.geometryjump-Yla-eCkANKm8To_NQH2vxg==/lib/arm64/libcocos2dcpp.so
71eacf1000-71eacf9000 r-xp 007be000 fe:42 1153428                        /data/app/~~Tpoeh1Xo8SLHqIfLOei9Cg==/com.robtopx.geometryjump-Yla-eCkANKm8To_NQH2vxg==/lib/arm64/libcocos2dcpp.so
71eacf9000-71eacfa000 rwxp 007c6000 fe:42 1153428                        /data/app/~~Tpoeh1Xo8SLHqIfLOei9Cg==/com.robtopx.geometryjump-Yla-eCkANKm8To_NQH2vxg==/lib/arm64/libcocos2dcpp.so
71eacfa000-71eacfb000 r-xp 007c7000 fe:42 1153428                        /data/app/~~Tpoeh1Xo8SLHqIfLOei9Cg==/com.robtopx.geometryjump-Yla-eCkANKm8To_NQH2vxg==/lib/arm64/libcocos2dcpp.so
71eacfb000-71eacfc000 rwxp 007c8000 fe:42 1153428                        /data/app/~~Tpoeh1Xo8SLHqIfLOei9Cg==/com.robtopx.geometryjump-Yla-eCkANKm8To_NQH2vxg==/lib/arm64/libcocos2dcpp.so
71eacfc000-71eacfd000 r-xp 007c9000 fe:42 1153428                        /data/app/~~Tpoeh1Xo8SLHqIfLOei9Cg==/com.robtopx.geometryjump-Yla-eCkANKm8To_NQH2vxg==/lib/arm64/libcocos2dcpp.so
71eacfd000-71eacfe000 rwxp 007ca000 fe:42 1153428                        /data/app/~~Tpoeh1Xo8SLHqIfLOei9Cg==/com.robtopx.geometryjump-Yla-eCkANKm8To_NQH2vxg==/lib/arm64/libcocos2dcpp.so
71eacfe000-71eacff000 r-xp 007cb000 fe:42 1153428                        /data/app/~~Tpoeh1Xo8SLHqIfLOei9Cg==/com.robtopx.geometryjump-Yla-eCkANKm8To_NQH2vxg==/lib/arm64/libcocos2dcpp.so
71eacff000-71ead00000 rwxp 007cc000 fe:42 1153428                        /data/app/~~Tpoeh1Xo8SLHqIfLOei9Cg==/com.robtopx.geometryjump-Yla-eCkANKm8To_NQH2vxg==/lib/arm64/libcocos2dcpp.so
71ead00000-71ead07000 r-xp 007cd000 fe:42 1153428                        /data/app/~~Tpoeh1Xo8SLHqIfLOei9Cg==/com.robtopx.geometryjump-Yla-eCkANKm8To_NQH2vxg==/lib/arm64/libcocos2dcpp.so
71ead07000-71ead09000 rwxp 007d4000 fe:42 1153428                        /data/app/~~Tpoeh1Xo8SLHqIfLOei9Cg==/com.robtopx.geometryjump-Yla-eCkANKm8To_NQH2vxg==/lib/arm64/libcocos2dcpp.so
71ead09000-71ead0d000 r-xp 007d6000 fe:42 1153428                        /data/app/~~Tpoeh1Xo8SLHqIfLOei9Cg==/com.robtopx.geometryjump-Yla-eCkANKm8To_NQH2vxg==/lib/arm64/libcocos2dcpp.so
71ead0d000-71ead0e000 rwxp 007da000 fe:42 1153428                        /data/app/~~Tpoeh1Xo8SLHqIfLOei9Cg==/com.robtopx.geometryjump-Yla-eCkANKm8To_NQH2vxg==/lib/arm64/libcocos2dcpp.so
71ead0e000-71ead14000 r-xp 007db000 fe:42 1153428                        /data/app/~~Tpoeh1Xo8SLHqIfLOei9Cg==/com.robtopx.geometryjump-Yla-eCkANKm8To_NQH2vxg==/lib/arm64/libcocos2dcpp.so
71ead14000-71ead17000 rwxp 007e1000 fe:42 1153428                        /data/app/~~Tpoeh1Xo8SLHqIfLOei9Cg==/com.robtopx.geometryjump-Yla-eCkANKm8To_NQH2vxg==/lib/arm64/libcocos2dcpp.so
71ead17000-71ead1b000 r-xp 007e4000 fe:42 1153428                        /data/app/~~Tpoeh1Xo8SLHqIfLOei9Cg==/com.robtopx.geometryjump-Yla-eCkANKm8To_NQH2vxg==/lib/arm64/libcocos2dcpp.so
71ead1b000-71ead1d000 rwxp 007e8000 fe:42 1153428                        /data/app/~~Tpoeh1Xo8SLHqIfLOei9Cg==/com.robtopx.geometryjump-Yla-eCkANKm8To_NQH2vxg==/lib/arm64/libcocos2dcpp.so
71ead1d000-71ead1f000 rwxp 007ea000 fe:42 1153428                        /data/app/~~Tpoeh1Xo8SLHqIfLOei9Cg==/com.robtopx.geometryjump-Yla-eCkANKm8To_NQH2vxg==/lib/arm64/libcocos2dcpp.so
71ead1f000-71ead20000 r-xp 007ec000 fe:42 1153428                        /data/app/~~Tpoeh1Xo8SLHqIfLOei9Cg==/com.robtopx.geometryjump-Yla-eCkANKm8To_NQH2vxg==/lib/arm64/libcocos2dcpp.so
71ead20000-71ead22000 rwxp 007ed000 fe:42 1153428                        /data/app/~~Tpoeh1Xo8SLHqIfLOei9Cg==/com.robtopx.geometryjump-Yla-eCkANKm8To_NQH2vxg==/lib/arm64/libcocos2dcpp.so
71ead22000-71ead51000 r-xp 007ef000 fe:42 1153428                        /data/app/~~Tpoeh1Xo8SLHqIfLOei9Cg==/com.robtopx.geometryjump-Yla-eCkANKm8To_NQH2vxg==/lib/arm64/libcocos2dcpp.so
71ead51000-71ead52000 rwxp 0081e000 fe:42 1153428                        /data/app/~~Tpoeh1Xo8SLHqIfLOei9Cg==/com.robtopx.geometryjump-Yla-eCkANKm8To_NQH2vxg==/lib/arm64/libcocos2dcpp.so
71ead52000-71ead58000 r-xp 0081f000 fe:42 1153428                        /data/app/~~Tpoeh1Xo8SLHqIfLOei9Cg==/com.robtopx.geometryjump-Yla-eCkANKm8To_NQH2vxg==/lib/arm64/libcocos2dcpp.so
71ead58000-71ead59000 rwxp 00825000 fe:42 1153428                        /data/app/~~Tpoeh1Xo8SLHqIfLOei9Cg==/com.robtopx.geometryjump-Yla-eCkANKm8To_NQH2vxg==/lib/arm64/libcocos2dcpp.so
71ead59000-71ead5d000 r-xp 00826000 fe:42 1153428                        /data/app/~~Tpoeh1Xo8SLHqIfLOei9Cg==/com.robtopx.geometryjump-Yla-eCkANKm8To_NQH2vxg==/lib/arm64/libcocos2dcpp.so
71ead5d000-71ead5f000 rwxp 0082a000 fe:42 1153428                        /data/app/~~Tpoeh1Xo8SLHqIfLOei9Cg==/com.robtopx.geometryjump-Yla-eCkANKm8To_NQH2vxg==/lib/arm64/libcocos2dcpp.so
71ead5f000-71ead62000 r-xp 0082c000 fe:42 1153428                        /data/app/~~Tpoeh1Xo8SLHqIfLOei9Cg==/com.robtopx.geometryjump-Yla-eCkANKm8To_NQH2vxg==/lib/arm64/libcocos2dcpp.so
71ead62000-71ead63000 rwxp 0082f000 fe:42 1153428                        /data/app/~~Tpoeh1Xo8SLHqIfLOei9Cg==/com.robtopx.geometryjump-Yla-eCkANKm8To_NQH2vxg==/lib/arm64/libcocos2dcpp.so
71ead63000-71ead64000 r-xp 00830000 fe:42 1153428                        /data/app/~~Tpoeh1Xo8SLHqIfLOei9Cg==/com.robtopx.geometryjump-Yla-eCkANKm8To_NQH2vxg==/lib/arm64/libcocos2dcpp.so
71ead64000-71ead65000 rwxp 00831000 fe:42 1153428                        /data/app/~~Tpoeh1Xo8SLHqIfLOei9Cg==/com.robtopx.geometryjump-Yla-eCkANKm8To_NQH2vxg==/lib/arm64/libcocos2dcpp.so
71ead65000-71ead69000 r-xp 00832000 fe:42 1153428                        /data/app/~~Tpoeh1Xo8SLHqIfLOei9Cg==/com.robtopx.geometryjump-Yla-eCkANKm8To_NQH2vxg==/lib/arm64/libcocos2dcpp.so
71ead69000-71ead6a000 rwxp 00836000 fe:42 1153428                        /data/app/~~Tpoeh1Xo8SLHqIfLOei9Cg==/com.robtopx.geometryjump-Yla-eCkANKm8To_NQH2vxg==/lib/arm64/libcocos2dcpp.so
71ead6a000-71ead73000 r-xp 00837000 fe:42 1153428                        /data/app/~~Tpoeh1Xo8SLHqIfLOei9Cg==/com.robtopx.geometryjump-Yla-eCkANKm8To_NQH2vxg==/lib/arm64/libcocos2dcpp.so
71ead73000-71ead75000 rwxp 00840000 fe:42 1153428                        /data/app/~~Tpoeh1Xo8SLHqIfLOei9Cg==/com.robtopx.geometryjump-Yla-eCkANKm8To_NQH2vxg==/lib/arm64/libcocos2dcpp.so
71ead75000-71ead87000 r-xp 00842000 fe:42 1153428                        /data/app/~~Tpoeh1Xo8SLHqIfLOei9Cg==/com.robtopx.geometryjump-Yla-eCkANKm8To_NQH2vxg==/lib/arm64/libcocos2dcpp.so
71ead87000-71ead89000 rwxp 00854000 fe:42 1153428                        /data/app/~~Tpoeh1Xo8SLHqIfLOei9Cg==/com.robtopx.geometryjump-Yla-eCkANKm8To_NQH2vxg==/lib/arm64/libcocos2dcpp.so
71ead89000-71ead8b000 rwxp 00856000 fe:42 1153428                        /data/app/~~Tpoeh1Xo8SLHqIfLOei9Cg==/com.robtopx.geometryjump-Yla-eCkANKm8To_NQH2vxg==/lib/arm64/libcocos2dcpp.so
71ead8b000-71ead8d000 rwxp 00858000 fe:42 1153428                        /data/app/~~Tpoeh1Xo8SLHqIfLOei9Cg==/com.robtopx.geometryjump-Yla-eCkANKm8To_NQH2vxg==/lib/arm64/libcocos2dcpp.so
71ead8d000-71ead8e000 rwxp 0085a000 fe:42 1153428                        /data/app/~~Tpoeh1Xo8SLHqIfLOei9Cg==/com.robtopx.geometryjump-Yla-eCkANKm8To_NQH2vxg==/lib/arm64/libcocos2dcpp.so
71ead8e000-71ead90000 r-xp 0085b000 fe:42 1153428                        /data/app/~~Tpoeh1Xo8SLHqIfLOei9Cg==/com.robtopx.geometryjump-Yla-eCkANKm8To_NQH2vxg==/lib/arm64/libcocos2dcpp.so
71ead90000-71ead91000 rwxp 0085d000 fe:42 1153428                        /data/app/~~Tpoeh1Xo8SLHqIfLOei9Cg==/com.robtopx.geometryjump-Yla-eCkANKm8To_NQH2vxg==/lib/arm64/libcocos2dcpp.so
71ead91000-71ead99000 r-xp 0085e000 fe:42 1153428                        /data/app/~~Tpoeh1Xo8SLHqIfLOei9Cg==/com.robtopx.geometryjump-Yla-eCkANKm8To_NQH2vxg==/lib/arm64/libcocos2dcpp.so
71ead99000-71ead9b000 rwxp 00866000 fe:42 1153428                        /data/app/~~Tpoeh1Xo8SLHqIfLOei9Cg==/com.robtopx.geometryjump-Yla-eCkANKm8To_NQH2vxg==/lib/arm64/libcocos2dcpp.so
71ead9b000-71ead9f000 r-xp 00868000 fe:42 1153428                        /data/app/~~Tpoeh1Xo8SLHqIfLOei9Cg==/com.robtopx.geometryjump-Yla-eCkANKm8To_NQH2vxg==/lib/arm64/libcocos2dcpp.so
71ead9f000-71eada0000 rwxp 0086c000 fe:42 1153428                        /data/app/~~Tpoeh1Xo8SLHqIfLOei9Cg==/com.robtopx.geometryjump-Yla-eCkANKm8To_NQH2vxg==/lib/arm64/libcocos2dcpp.so
71eada0000-71eadb0000 r-xp 0086d000 fe:42 1153428                        /data/app/~~Tpoeh1Xo8SLHqIfLOei9Cg==/com.robtopx.geometryjump-Yla-eCkANKm8To_NQH2vxg==/lib/arm64/libcocos2dcpp.so
71eadb0000-71eadb1000 rwxp 0087d000 fe:42 1153428                        /data/app/~~Tpoeh1Xo8SLHqIfLOei9Cg==/com.robtopx.geometryjump-Yla-eCkANKm8To_NQH2vxg==/lib/arm64/libcocos2dcpp.so
71eadb1000-71eadbc000 r-xp 0087e000 fe:42 1153428                        /data/app/~~Tpoeh1Xo8SLHqIfLOei9Cg==/com.robtopx.geometryjump-Yla-eCkANKm8To_NQH2vxg==/lib/arm64/libcocos2dcpp.so
71eadbc000-71eadbf000 rwxp 00889000 fe:42 1153428                        /data/app/~~Tpoeh1Xo8SLHqIfLOei9Cg==/com.robtopx.geometryjump-Yla-eCkANKm8To_NQH2vxg==/lib/arm64/libcocos2dcpp.so
71eadbf000-71eadc0000 rwxp 0088c000 fe:42 1153428                        /data/app/~~Tpoeh1Xo8SLHqIfLOei9Cg==/com.robtopx.geometryjump-Yla-eCkANKm8To_NQH2vxg==/lib/arm64/libcocos2dcpp.so
71eadc0000-71eadc5000 r-xp 0088d000 fe:42 1153428                        /data/app/~~Tpoeh1Xo8SLHqIfLOei9Cg==/com.robtopx.geometryjump-Yla-eCkANKm8To_NQH2vxg==/lib/arm64/libcocos2dcpp.so
71eadc5000-71eadc6000 rwxp 00892000 fe:42 1153428                        /data/app/~~Tpoeh1Xo8SLHqIfLOei9Cg==/com.robtopx.geometryjump-Yla-eCkANKm8To_NQH2vxg==/lib/arm64/libcocos2dcpp.so
71eadc6000-71eadd0000 r-xp 00893000 fe:42 1153428                        /data/app/~~Tpoeh1Xo8SLHqIfLOei9Cg==/com.robtopx.geometryjump-Yla-eCkANKm8To_NQH2vxg==/lib/arm64/libcocos2dcpp.so
71eadd0000-71eadd1000 rwxp 0089d000 fe:42 1153428                        /data/app/~~Tpoeh1Xo8SLHqIfLOei9Cg==/com.robtopx.geometryjump-Yla-eCkANKm8To_NQH2vxg==/lib/arm64/libcocos2dcpp.so
71eadd1000-71eade9000 r-xp 0089e000 fe:42 1153428                        /data/app/~~Tpoeh1Xo8SLHqIfLOei9Cg==/com.robtopx.geometryjump-Yla-eCkANKm8To_NQH2vxg==/lib/arm64/libcocos2dcpp.so
71eade9000-71eadea000 rwxp 008b6000 fe:42 1153428                        /data/app/~~Tpoeh1Xo8SLHqIfLOei9Cg==/com.robtopx.geometryjump-Yla-eCkANKm8To_NQH2vxg==/lib/arm64/libcocos2dcpp.so
71eadea000-71eadf4000 r-xp 008b7000 fe:42 1153428                        /data/app/~~Tpoeh1Xo8SLHqIfLOei9Cg==/com.robtopx.geometryjump-Yla-eCkANKm8To_NQH2vxg==/lib/arm64/libcocos2dcpp.so
71eadf4000-71eadf6000 rwxp 008c1000 fe:42 1153428                        /data/app/~~Tpoeh1Xo8SLHqIfLOei9Cg==/com.robtopx.geometryjump-Yla-eCkANKm8To_NQH2vxg==/lib/arm64/libcocos2dcpp.so
71eadf6000-71eadf9000 r-xp 008c3000 fe:42 1153428                        /data/app/~~Tpoeh1Xo8SLHqIfLOei9Cg==/com.robtopx.geometryjump-Yla-eCkANKm8To_NQH2vxg==/lib/arm64/libcocos2dcpp.so
71eadf9000-71eadfa000 rwxp 008c6000 fe:42 1153428                        /data/app/~~Tpoeh1Xo8SLHqIfLOei9Cg==/com.robtopx.geometryjump-Yla-eCkANKm8To_NQH2vxg==/lib/arm64/libcocos2dcpp.so
71eadfa000-71eadfc000 r-xp 008c7000 fe:42 1153428                        /data/app/~~Tpoeh1Xo8SLHqIfLOei9Cg==/com.robtopx.geometryjump-Yla-eCkANKm8To_NQH2vxg==/lib/arm64/libcocos2dcpp.so
71eadfc000-71eadfd000 rwxp 008c9000 fe:42 1153428                        /data/app/~~Tpoeh1Xo8SLHqIfLOei9Cg==/com.robtopx.geometryjump-Yla-eCkANKm8To_NQH2vxg==/lib/arm64/libcocos2dcpp.so
71eadfd000-71eae00000 r-xp 008ca000 fe:42 1153428                        /data/app/~~Tpoeh1Xo8SLHqIfLOei9Cg==/com.robtopx.geometryjump-Yla-eCkANKm8To_NQH2vxg==/lib/arm64/libcocos2dcpp.so
71eae00000-71eae01000 rwxp 008cd000 fe:42 1153428                        /data/app/~~Tpoeh1Xo8SLHqIfLOei9Cg==/com.robtopx.geometryjump-Yla-eCkANKm8To_NQH2vxg==/lib/arm64/libcocos2dcpp.so
71eae01000-71eae04000 r-xp 008ce000 fe:42 1153428                        /data/app/~~Tpoeh1Xo8SLHqIfLOei9Cg==/com.robtopx.geometryjump-Yla-eCkANKm8To_NQH2vxg==/lib/arm64/libcocos2dcpp.so
71eae04000-71eae05000 rwxp 008d1000 fe:42 1153428                        /data/app/~~Tpoeh1Xo8SLHqIfLOei9Cg==/com.robtopx.geometryjump-Yla-eCkANKm8To_NQH2vxg==/lib/arm64/libcocos2dcpp.so
71eae05000-71eae13000 r-xp 008d2000 fe:42 1153428                        /data/app/~~Tpoeh1Xo8SLHqIfLOei9Cg==/com.robtopx.geometryjump-Yla-eCkANKm8To_NQH2vxg==/lib/arm64/libcocos2dcpp.so
71eae13000-71eae15000 rwxp 008e0000 fe:42 1153428                        /data/app/~~Tpoeh1Xo8SLHqIfLOei9Cg==/com.robtopx.geometryjump-Yla-eCkANKm8To_NQH2vxg==/lib/arm64/libcocos2dcpp.so
71eae15000-71eae17000 r-xp 008e2000 fe:42 1153428                        /data/app/~~Tpoeh1Xo8SLHqIfLOei9Cg==/com.robtopx.geometryjump-Yla-eCkANKm8To_NQH2vxg==/lib/arm64/libcocos2dcpp.so
71eae17000-71eae18000 rwxp 008e4000 fe:42 1153428                        /data/app/~~Tpoeh1Xo8SLHqIfLOei9Cg==/com.robtopx.geometryjump-Yla-eCkANKm8To_NQH2vxg==/lib/arm64/libcocos2dcpp.so
71eae18000-71eae19000 r-xp 008e5000 fe:42 1153428                        /data/app/~~Tpoeh1Xo8SLHqIfLOei9Cg==/com.robtopx.geometryjump-Yla-eCkANKm8To_NQH2vxg==/lib/arm64/libcocos2dcpp.so
71eae19000-71eae1b000 rwxp 008e6000 fe:42 1153428                        /data/app/~~Tpoeh1Xo8SLHqIfLOei9Cg==/com.robtopx.geometryjump-Yla-eCkANKm8To_NQH2vxg==/lib/arm64/libcocos2dcpp.so
71eae1b000-71eae25000 r-xp 008e8000 fe:42 1153428                        /data/app/~~Tpoeh1Xo8SLHqIfLOei9Cg==/com.robtopx.geometryjump-Yla-eCkANKm8To_NQH2vxg==/lib/arm64/libcocos2dcpp.so
71eae25000-71eae26000 rwxp 008f2000 fe:42 1153428                        /data/app/~~Tpoeh1Xo8SLHqIfLOei9Cg==/com.robtopx.geometryjump-Yla-eCkANKm8To_NQH2vxg==/lib/arm64/libcocos2dcpp.so
71eae26000-71eae28000 r-xp 008f3000 fe:42 1153428                        /data/app/~~Tpoeh1Xo8SLHqIfLOei9Cg==/com.robtopx.geometryjump-Yla-eCkANKm8To_NQH2vxg==/lib/arm64/libcocos2dcpp.so
71eae28000-71eae2b000 rwxp 008f5000 fe:42 1153428                        /data/app/~~Tpoeh1Xo8SLHqIfLOei9Cg==/com.robtopx.geometryjump-Yla-eCkANKm8To_NQH2vxg==/lib/arm64/libcocos2dcpp.so
71eae2b000-71eae2c000 r-xp 008f8000 fe:42 1153428                        /data/app/~~Tpoeh1Xo8SLHqIfLOei9Cg==/com.robtopx.geometryjump-Yla-eCkANKm8To_NQH2vxg==/lib/arm64/libcocos2dcpp.so
71eae2c000-71eae2e000 rwxp 008f9000 fe:42 1153428                        /data/app/~~Tpoeh1Xo8SLHqIfLOei9Cg==/com.robtopx.geometryjump-Yla-eCkANKm8To_NQH2vxg==/lib/arm64/libcocos2dcpp.so
71eae2e000-71eae30000 r-xp 008fb000 fe:42 1153428                        /data/app/~~Tpoeh1Xo8SLHqIfLOei9Cg==/com.robtopx.geometryjump-Yla-eCkANKm8To_NQH2vxg==/lib/arm64/libcocos2dcpp.so
71eae30000-71eae31000 rwxp 008fd000 fe:42 1153428                        /data/app/~~Tpoeh1Xo8SLHqIfLOei9Cg==/com.robtopx.geometryjump-Yla-eCkANKm8To_NQH2vxg==/lib/arm64/libcocos2dcpp.so
71eae31000-71eae32000 r-xp 008fe000 fe:42 1153428                        /data/app/~~Tpoeh1Xo8SLHqIfLOei9Cg==/com.robtopx.geometryjump-Yla-eCkANKm8To_NQH2vxg==/lib/arm64/libcocos2dcpp.so
71eae32000-71eae34000 rwxp 008ff000 fe:42 1153428                        /data/app/~~Tpoeh1Xo8SLHqIfLOei9Cg==/com.robtopx.geometryjump-Yla-eCkANKm8To_NQH2vxg==/lib/arm64/libcocos2dcpp.so
71eae34000-71eae38000 r-xp 00901000 fe:42 1153428                        /data/app/~~Tpoeh1Xo8SLHqIfLOei9Cg==/com.robtopx.geometryjump-Yla-eCkANKm8To_NQH2vxg==/lib/arm64/libcocos2dcpp.so
71eae38000-71eae3c000 rwxp 00905000 fe:42 1153428                        /data/app/~~Tpoeh1Xo8SLHqIfLOei9Cg==/com.robtopx.geometryjump-Yla-eCkANKm8To_NQH2vxg==/lib/arm64/libcocos2dcpp.so
71eae3c000-71eae41000 r-xp 00909000 fe:42 1153428                        /data/app/~~Tpoeh1Xo8SLHqIfLOei9Cg==/com.robtopx.geometryjump-Yla-eCkANKm8To_NQH2vxg==/lib/arm64/libcocos2dcpp.so
71eae41000-71eae42000 rwxp 0090e000 fe:42 1153428                        /data/app/~~Tpoeh1Xo8SLHqIfLOei9Cg==/com.robtopx.geometryjump-Yla-eCkANKm8To_NQH2vxg==/lib/arm64/libcocos2dcpp.so
71eae42000-71eae46000 r-xp 0090f000 fe:42 1153428                        /data/app/~~Tpoeh1Xo8SLHqIfLOei9Cg==/com.robtopx.geometryjump-Yla-eCkANKm8To_NQH2vxg==/lib/arm64/libcocos2dcpp.so
71eae46000-71eae49000 rwxp 00913000 fe:42 1153428                        /data/app/~~Tpoeh1Xo8SLHqIfLOei9Cg==/com.robtopx.geometryjump-Yla-eCkANKm8To_NQH2vxg==/lib/arm64/libcocos2dcpp.so
71eae49000-71eae4b000 r-xp 00916000 fe:42 1153428                        /data/app/~~Tpoeh1Xo8SLHqIfLOei9Cg==/com.robtopx.geometryjump-Yla-eCkANKm8To_NQH2vxg==/lib/arm64/libcocos2dcpp.so
71eae4b000-71eae4c000 rwxp 00918000 fe:42 1153428                        /data/app/~~Tpoeh1Xo8SLHqIfLOei9Cg==/com.robtopx.geometryjump-Yla-eCkANKm8To_NQH2vxg==/lib/arm64/libcocos2dcpp.so
71eae4c000-71eae4d000 r-xp 00919000 fe:42 1153428                        /data/app/~~Tpoeh1Xo8SLHqIfLOei9Cg==/com.robtopx.geometryjump-Yla-eCkANKm8To_NQH2vxg==/lib/arm64/libcocos2dcpp.so
71eae4d000-71eae50000 rwxp 0091a000 fe:42 1153428                        /data/app/~~Tpoeh1Xo8SLHqIfLOei9Cg==/com.robtopx.geometryjump-Yla-eCkANKm8To_NQH2vxg==/lib/arm64/libcocos2dcpp.so
71eae50000-71eae52000 r-xp 0091d000 fe:42 1153428                        /data/app/~~Tpoeh1Xo8SLHqIfLOei9Cg==/com.robtopx.geometryjump-Yla-eCkANKm8To_NQH2vxg==/lib/arm64/libcocos2dcpp.so
71eae52000-71eae53000 rwxp 0091f000 fe:42 1153428                        /data/app/~~Tpoeh1Xo8SLHqIfLOei9Cg==/com.robtopx.geometryjump-Yla-eCkANKm8To_NQH2vxg==/lib/arm64/libcocos2dcpp.so
71eae53000-71eae62000 r-xp 00920000 fe:42 1153428                        /data/app/~~Tpoeh1Xo8SLHqIfLOei9Cg==/com.robtopx.geometryjump-Yla-eCkANKm8To_NQH2vxg==/lib/arm64/libcocos2dcpp.so
71eae62000-71eae63000 rwxp 0092f000 fe:42 1153428                        /data/app/~~Tpoeh1Xo8SLHqIfLOei9Cg==/com.robtopx.geometryjump-Yla-eCkANKm8To_NQH2vxg==/lib/arm64/libcocos2dcpp.so
71eae63000-71eae64000 r-xp 00930000 fe:42 1153428                        /data/app/~~Tpoeh1Xo8SLHqIfLOei9Cg==/com.robtopx.geometryjump-Yla-eCkANKm8To_NQH2vxg==/lib/arm64/libcocos2dcpp.so
71eae64000-71eae66000 rwxp 00931000 fe:42 1153428                        /data/app/~~Tpoeh1Xo8SLHqIfLOei9Cg==/com.robtopx.geometryjump-Yla-eCkANKm8To_NQH2vxg==/lib/arm64/libcocos2dcpp.so
71eae66000-71eae68000 r-xp 00933000 fe:42 1153428                        /data/app/~~Tpoeh1Xo8SLHqIfLOei9Cg==/com.robtopx.geometryjump-Yla-eCkANKm8To_NQH2vxg==/lib/arm64/libcocos2dcpp.so
71eae68000-71eae6a000 rwxp 00935000 fe:42 1153428                        /data/app/~~Tpoeh1Xo8SLHqIfLOei9Cg==/com.robtopx.geometryjump-Yla-eCkANKm8To_NQH2vxg==/lib/arm64/libcocos2dcpp.so
71eae6a000-71eae75000 r-xp 00937000 fe:42 1153428                        /data/app/~~Tpoeh1Xo8SLHqIfLOei9Cg==/com.robtopx.geometryjump-Yla-eCkANKm8To_NQH2vxg==/lib/arm64/libcocos2dcpp.so
71eae75000-71eae76000 rwxp 00942000 fe:42 1153428                        /data/app/~~Tpoeh1Xo8SLHqIfLOei9Cg==/com.robtopx.geometryjump-Yla-eCkANKm8To_NQH2vxg==/lib/arm64/libcocos2dcpp.so
71eae76000-71eae77000 r-xp 00943000 fe:42 1153428                        /data/app/~~Tpoeh1Xo8SLHqIfLOei9Cg==/com.robtopx.geometryjump-Yla-eCkANKm8To_NQH2vxg==/lib/arm64/libcocos2dcpp.so
71eae77000-71eae78000 rwxp 00944000 fe:42 1153428                        /data/app/~~Tpoeh1Xo8SLHqIfLOei9Cg==/com.robtopx.geometryjump-Yla-eCkANKm8To_NQH2vxg==/lib/arm64/libcocos2dcpp.so
71eae78000-71eae7d000 r-xp 00945000 fe:42 1153428                        /data/app/~~Tpoeh1Xo8SLHqIfLOei9Cg==/com.robtopx.geometryjump-Yla-eCkANKm8To_NQH2vxg==/lib/arm64/libcocos2dcpp.so
71eae7d000-71eae7e000 rwxp 0094a000 fe:42 1153428                        /data/app/~~Tpoeh1Xo8SLHqIfLOei9Cg==/com.robtopx.geometryjump-Yla-eCkANKm8To_NQH2vxg==/lib/arm64/libcocos2dcpp.so
71eae7e000-71eae8f000 r-xp 0094b000 fe:42 1153428                        /data/app/~~Tpoeh1Xo8SLHqIfLOei9Cg==/com.robtopx.geometryjump-Yla-eCkANKm8To_NQH2vxg==/lib/arm64/libcocos2dcpp.so
71eae8f000-71eae90000 rwxp 0095c000 fe:42 1153428                        /data/app/~~Tpoeh1Xo8SLHqIfLOei9Cg==/com.robtopx.geometryjump-Yla-eCkANKm8To_NQH2vxg==/lib/arm64/libcocos2dcpp.so
71eae90000-71eaeaa000 r-xp 0095d000 fe:42 1153428                        /data/app/~~Tpoeh1Xo8SLHqIfLOei9Cg==/com.robtopx.geometryjump-Yla-eCkANKm8To_NQH2vxg==/lib/arm64/libcocos2dcpp.so
71eaeaa000-71eaeab000 rwxp 00977000 fe:42 1153428                        /data/app/~~Tpoeh1Xo8SLHqIfLOei9Cg==/com.robtopx.geometryjump-Yla-eCkANKm8To_NQH2vxg==/lib/arm64/libcocos2dcpp.so
71eaeab000-71eaead000 r-xp 00978000 fe:42 1153428                        /data/app/~~Tpoeh1Xo8SLHqIfLOei9Cg==/com.robtopx.geometryjump-Yla-eCkANKm8To_NQH2vxg==/lib/arm64/libcocos2dcpp.so
71eaead000-71eaeae000 rwxp 0097a000 fe:42 1153428                        /data/app/~~Tpoeh1Xo8SLHqIfLOei9Cg==/com.robtopx.geometryjump-Yla-eCkANKm8To_NQH2vxg==/lib/arm64/libcocos2dcpp.so
71eaeae000-71eaeaf000 r-xp 0097b000 fe:42 1153428                        /data/app/~~Tpoeh1Xo8SLHqIfLOei9Cg==/com.robtopx.geometryjump-Yla-eCkANKm8To_NQH2vxg==/lib/arm64/libcocos2dcpp.so
71eaeaf000-71eaeb0000 rwxp 0097c000 fe:42 1153428                        /data/app/~~Tpoeh1Xo8SLHqIfLOei9Cg==/com.robtopx.geometryjump-Yla-eCkANKm8To_NQH2vxg==/lib/arm64/libcocos2dcpp.so
71eaeb0000-71eaef8000 r-xp 0097d000 fe:42 1153428                        /data/app/~~Tpoeh1Xo8SLHqIfLOei9Cg==/com.robtopx.geometryjump-Yla-eCkANKm8To_NQH2vxg==/lib/arm64/libcocos2dcpp.so
71eaef8000-71eaef9000 rwxp 009c5000 fe:42 1153428                        /data/app/~~Tpoeh1Xo8SLHqIfLOei9Cg==/com.robtopx.geometryjump-Yla-eCkANKm8To_NQH2vxg==/lib/arm64/libcocos2dcpp.so
71eaef9000-71eaf16000 r-xp 009c6000 fe:42 1153428                        /data/app/~~Tpoeh1Xo8SLHqIfLOei9Cg==/com.robtopx.geometryjump-Yla-eCkANKm8To_NQH2vxg==/lib/arm64/libcocos2dcpp.so
71eaf16000-71eaf17000 rwxp 009e3000 fe:42 1153428                        /data/app/~~Tpoeh1Xo8SLHqIfLOei9Cg==/com.robtopx.geometryjump-Yla-eCkANKm8To_NQH2vxg==/lib/arm64/libcocos2dcpp.so
71eaf17000-71eaf2a000 r-xp 009e4000 fe:42 1153428                        /data/app/~~Tpoeh1Xo8SLHqIfLOei9Cg==/com.robtopx.geometryjump-Yla-eCkANKm8To_NQH2vxg==/lib/arm64/libcocos2dcpp.so
71eaf2a000-71eaf2b000 rwxp 009f7000 fe:42 1153428                        /data/app/~~Tpoeh1Xo8SLHqIfLOei9Cg==/com.robtopx.geometryjump-Yla-eCkANKm8To_NQH2vxg==/lib/arm64/libcocos2dcpp.so
71eaf2b000-71eaf58000 r-xp 009f8000 fe:42 1153428                        /data/app/~~Tpoeh1Xo8SLHqIfLOei9Cg==/com.robtopx.geometryjump-Yla-eCkANKm8To_NQH2vxg==/lib/arm64/libcocos2dcpp.so
71eaf58000-71eaf59000 rwxp 00a25000 fe:42 1153428                        /data/app/~~Tpoeh1Xo8SLHqIfLOei9Cg==/com.robtopx.geometryjump-Yla-eCkANKm8To_NQH2vxg==/lib/arm64/libcocos2dcpp.so
71eaf59000-71eaf5a000 r-xp 00a26000 fe:42 1153428                        /data/app/~~Tpoeh1Xo8SLHqIfLOei9Cg==/com.robtopx.geometryjump-Yla-eCkANKm8To_NQH2vxg==/lib/arm64/libcocos2dcpp.so
71eaf5a000-71eaf5b000 rwxp 00a27000 fe:42 1153428                        /data/app/~~Tpoeh1Xo8SLHqIfLOei9Cg==/com.robtopx.geometryjump-Yla-eCkANKm8To_NQH2vxg==/lib/arm64/libcocos2dcpp.so
71eaf5b000-71eaf62000 r-xp 00a28000 fe:42 1153428                        /data/app/~~Tpoeh1Xo8SLHqIfLOei9Cg==/com.robtopx.geometryjump-Yla-eCkANKm8To_NQH2vxg==/lib/arm64/libcocos2dcpp.so
71eaf62000-71eaf64000 rwxp 00a2f000 fe:42 1153428                        /data/app/~~Tpoeh1Xo8SLHqIfLOei9Cg==/com.robtopx.geometryjump-Yla-eCkANKm8To_NQH2vxg==/lib/arm64/libcocos2dcpp.so
71eaf64000-71eaf8d000 r-xp 00a31000 fe:42 1153428                        /data/app/~~Tpoeh1Xo8SLHqIfLOei9Cg==/com.robtopx.geometryjump-Yla-eCkANKm8To_NQH2vxg==/lib/arm64/libcocos2dcpp.so
71eaf8d000-71eaf8e000 rwxp 00a5a000 fe:42 1153428                        /data/app/~~Tpoeh1Xo8SLHqIfLOei9Cg==/com.robtopx.geometryjump-Yla-eCkANKm8To_NQH2vxg==/lib/arm64/libcocos2dcpp.so
71eaf8e000-71eaf8f000 r-xp 00a5b000 fe:42 1153428                        /data/app/~~Tpoeh1Xo8SLHqIfLOei9Cg==/com.robtopx.geometryjump-Yla-eCkANKm8To_NQH2vxg==/lib/arm64/libcocos2dcpp.so
71eaf8f000-71eaf91000 rwxp 00a5c000 fe:42 1153428                        /data/app/~~Tpoeh1Xo8SLHqIfLOei9Cg==/com.robtopx.geometryjump-Yla-eCkANKm8To_NQH2vxg==/lib/arm64/libcocos2dcpp.so
71eaf91000-71eaf94000 r-xp 00a5e000 fe:42 1153428                        /data/app/~~Tpoeh1Xo8SLHqIfLOei9Cg==/com.robtopx.geometryjump-Yla-eCkANKm8To_NQH2vxg==/lib/arm64/libcocos2dcpp.so
71eaf94000-71eaf96000 rwxp 00a61000 fe:42 1153428                        /data/app/~~Tpoeh1Xo8SLHqIfLOei9Cg==/com.robtopx.geometryjump-Yla-eCkANKm8To_NQH2vxg==/lib/arm64/libcocos2dcpp.so
71eaf96000-71eafa5000 r-xp 00a63000 fe:42 1153428                        /data/app/~~Tpoeh1Xo8SLHqIfLOei9Cg==/com.robtopx.geometryjump-Yla-eCkANKm8To_NQH2vxg==/lib/arm64/libcocos2dcpp.so
71eafa5000-71eafa7000 rwxp 00a72000 fe:42 1153428                        /data/app/~~Tpoeh1Xo8SLHqIfLOei9Cg==/com.robtopx.geometryjump-Yla-eCkANKm8To_NQH2vxg==/lib/arm64/libcocos2dcpp.so
71eafa7000-71eafa9000 rwxp 00a74000 fe:42 1153428                        /data/app/~~Tpoeh1Xo8SLHqIfLOei9Cg==/com.robtopx.geometryjump-Yla-eCkANKm8To_NQH2vxg==/lib/arm64/libcocos2dcpp.so
71eafa9000-71eafc2000 r-xp 00a76000 fe:42 1153428                        /data/app/~~Tpoeh1Xo8SLHqIfLOei9Cg==/com.robtopx.geometryjump-Yla-eCkANKm8To_NQH2vxg==/lib/arm64/libcocos2dcpp.so
71eafc2000-71eafc3000 rwxp 00a8f000 fe:42 1153428                        /data/app/~~Tpoeh1Xo8SLHqIfLOei9Cg==/com.robtopx.geometryjump-Yla-eCkANKm8To_NQH2vxg==/lib/arm64/libcocos2dcpp.so
71eafc3000-71eafc9000 r-xp 00a90000 fe:42 1153428                        /data/app/~~Tpoeh1Xo8SLHqIfLOei9Cg==/com.robtopx.geometryjump-Yla-eCkANKm8To_NQH2vxg==/lib/arm64/libcocos2dcpp.so
71eafc9000-71eafca000 rwxp 00a96000 fe:42 1153428                        /data/app/~~Tpoeh1Xo8SLHqIfLOei9Cg==/com.robtopx.geometryjump-Yla-eCkANKm8To_NQH2vxg==/lib/arm64/libcocos2dcpp.so
71eafca000-71eafd4000 r-xp 00a97000 fe:42 1153428                        /data/app/~~Tpoeh1Xo8SLHqIfLOei9Cg==/com.robtopx.geometryjump-Yla-eCkANKm8To_NQH2vxg==/lib/arm64/libcocos2dcpp.so
71eafd4000-71eafd5000 rwxp 00aa1000 fe:42 1153428                        /data/app/~~Tpoeh1Xo8SLHqIfLOei9Cg==/com.robtopx.geometryjump-Yla-eCkANKm8To_NQH2vxg==/lib/arm64/libcocos2dcpp.so
71eafd5000-71eafd6000 r-xp 00aa2000 fe:42 1153428                        /data/app/~~Tpoeh1Xo8SLHqIfLOei9Cg==/com.robtopx.geometryjump-Yla-eCkANKm8To_NQH2vxg==/lib/arm64/libcocos2dcpp.so
71eafd6000-71eafd7000 rwxp 00aa3000 fe:42 1153428                        /data/app/~~Tpoeh1Xo8SLHqIfLOei9Cg==/com.robtopx.geometryjump-Yla-eCkANKm8To_NQH2vxg==/lib/arm64/libcocos2dcpp.so
71eafd7000-71eafe5000 r-xp 00aa4000 fe:42 1153428                        /data/app/~~Tpoeh1Xo8SLHqIfLOei9Cg==/com.robtopx.geometryjump-Yla-eCkANKm8To_NQH2vxg==/lib/arm64/libcocos2dcpp.so
71eafe5000-71eafe6000 rwxp 00ab2000 fe:42 1153428                        /data/app/~~Tpoeh1Xo8SLHqIfLOei9Cg==/com.robtopx.geometryjump-Yla-eCkANKm8To_NQH2vxg==/lib/arm64/libcocos2dcpp.so
71eafe6000-71eaffd000 r-xp 00ab3000 fe:42 1153428                        /data/app/~~Tpoeh1Xo8SLHqIfLOei9Cg==/com.robtopx.geometryjump-Yla-eCkANKm8To_NQH2vxg==/lib/arm64/libcocos2dcpp.so
71eaffd000-71eaffe000 rwxp 00aca000 fe:42 1153428                        /data/app/~~Tpoeh1Xo8SLHqIfLOei9Cg==/com.robtopx.geometryjump-Yla-eCkANKm8To_NQH2vxg==/lib/arm64/libcocos2dcpp.so
71eaffe000-71eb002000 r-xp 00acb000 fe:42 1153428                        /data/app/~~Tpoeh1Xo8SLHqIfLOei9Cg==/com.robtopx.geometryjump-Yla-eCkANKm8To_NQH2vxg==/lib/arm64/libcocos2dcpp.so
71eb002000-71eb003000 rwxp 00acf000 fe:42 1153428                        /data/app/~~Tpoeh1Xo8SLHqIfLOei9Cg==/com.robtopx.geometryjump-Yla-eCkANKm8To_NQH2vxg==/lib/arm64/libcocos2dcpp.so
71eb003000-71eb005000 r-xp 00ad0000 fe:42 1153428                        /data/app/~~Tpoeh1Xo8SLHqIfLOei9Cg==/com.robtopx.geometryjump-Yla-eCkANKm8To_NQH2vxg==/lib/arm64/libcocos2dcpp.so
71eb005000-71eb007000 rwxp 00ad2000 fe:42 1153428                        /data/app/~~Tpoeh1Xo8SLHqIfLOei9Cg==/com.robtopx.geometryjump-Yla-eCkANKm8To_NQH2vxg==/lib/arm64/libcocos2dcpp.so
71eb007000-71eb009000 r-xp 00ad4000 fe:42 1153428                        /data/app/~~Tpoeh1Xo8SLHqIfLOei9Cg==/com.robtopx.geometryjump-Yla-eCkANKm8To_NQH2vxg==/lib/arm64/libcocos2dcpp.so
71eb009000-71eb00b000 rwxp 00ad6000 fe:42 1153428                        /data/app/~~Tpoeh1Xo8SLHqIfLOei9Cg==/com.robtopx.geometryjump-Yla-eCkANKm8To_NQH2vxg==/lib/arm64/libcocos2dcpp.so
71eb00b000-71eb00c000 r-xp 00ad8000 fe:42 1153428                        /data/app/~~Tpoeh1Xo8SLHqIfLOei9Cg==/com.robtopx.geometryjump-Yla-eCkANKm8To_NQH2vxg==/lib/arm64/libcocos2dcpp.so
71eb00c000-71eb00e000 rwxp 00ad9000 fe:42 1153428                        /data/app/~~Tpoeh1Xo8SLHqIfLOei9Cg==/com.robtopx.geometryjump-Yla-eCkANKm8To_NQH2vxg==/lib/arm64/libcocos2dcpp.so
71eb00e000-71eb015000 r-xp 00adb000 fe:42 1153428                        /data/app/~~Tpoeh1Xo8SLHqIfLOei9Cg==/com.robtopx.geometryjump-Yla-eCkANKm8To_NQH2vxg==/lib/arm64/libcocos2dcpp.so
71eb015000-71eb016000 rwxp 00ae2000 fe:42 1153428                        /data/app/~~Tpoeh1Xo8SLHqIfLOei9Cg==/com.robtopx.geometryjump-Yla-eCkANKm8To_NQH2vxg==/lib/arm64/libcocos2dcpp.so
71eb016000-71eb017000 r-xp 00ae3000 fe:42 1153428                        /data/app/~~Tpoeh1Xo8SLHqIfLOei9Cg==/com.robtopx.geometryjump-Yla-eCkANKm8To_NQH2vxg==/lib/arm64/libcocos2dcpp.so
71eb017000-71eb018000 rwxp 00ae4000 fe:42 1153428                        /data/app/~~Tpoeh1Xo8SLHqIfLOei9Cg==/com.robtopx.geometryjump-Yla-eCkANKm8To_NQH2vxg==/lib/arm64/libcocos2dcpp.so
71eb018000-71eb01b000 r-xp 00ae5000 fe:42 1153428                        /data/app/~~Tpoeh1Xo8SLHqIfLOei9Cg==/com.robtopx.geometryjump-Yla-eCkANKm8To_NQH2vxg==/lib/arm64/libcocos2dcpp.so
71eb01b000-71eb01c000 rwxp 00ae8000 fe:42 1153428                        /data/app/~~Tpoeh1Xo8SLHqIfLOei9Cg==/com.robtopx.geometryjump-Yla-eCkANKm8To_NQH2vxg==/lib/arm64/libcocos2dcpp.so
71eb01c000-71eb01f000 r-xp 00ae9000 fe:42 1153428                        /data/app/~~Tpoeh1Xo8SLHqIfLOei9Cg==/com.robtopx.geometryjump-Yla-eCkANKm8To_NQH2vxg==/lib/arm64/libcocos2dcpp.so
71eb01f000-71eb020000 rwxp 00aec000 fe:42 1153428                        /data/app/~~Tpoeh1Xo8SLHqIfLOei9Cg==/com.robtopx.geometryjump-Yla-eCkANKm8To_NQH2vxg==/lib/arm64/libcocos2dcpp.so
71eb020000-71eb024000 r-xp 00aed000 fe:42 1153428                        /data/app/~~Tpoeh1Xo8SLHqIfLOei9Cg==/com.robtopx.geometryjump-Yla-eCkANKm8To_NQH2vxg==/lib/arm64/libcocos2dcpp.so
71eb024000-71eb026000 rwxp 00af1000 fe:42 1153428                        /data/app/~~Tpoeh1Xo8SLHqIfLOei9Cg==/com.robtopx.geometryjump-Yla-eCkANKm8To_NQH2vxg==/lib/arm64/libcocos2dcpp.so
71eb026000-71eb028000 r-xp 00af3000 fe:42 1153428                        /data/app/~~Tpoeh1Xo8SLHqIfLOei9Cg==/com.robtopx.geometryjump-Yla-eCkANKm8To_NQH2vxg==/lib/arm64/libcocos2dcpp.so
71eb028000-71eb029000 rwxp 00af5000 fe:42 1153428                        /data/app/~~Tpoeh1Xo8SLHqIfLOei9Cg==/com.robtopx.geometryjump-Yla-eCkANKm8To_NQH2vxg==/lib/arm64/libcocos2dcpp.so
71eb029000-71eb039000 r-xp 00af6000 fe:42 1153428                        /data/app/~~Tpoeh1Xo8SLHqIfLOei9Cg==/com.robtopx.geometryjump-Yla-eCkANKm8To_NQH2vxg==/lib/arm64/libcocos2dcpp.so
71eb039000-71eb03a000 rwxp 00b06000 fe:42 1153428                        /data/app/~~Tpoeh1Xo8SLHqIfLOei9Cg==/com.robtopx.geometryjump-Yla-eCkANKm8To_NQH2vxg==/lib/arm64/libcocos2dcpp.so
71eb03a000-71eb03e000 r-xp 00b07000 fe:42 1153428                        /data/app/~~Tpoeh1Xo8SLHqIfLOei9Cg==/com.robtopx.geometryjump-Yla-eCkANKm8To_NQH2vxg==/lib/arm64/libcocos2dcpp.so
71eb03e000-71eb040000 rwxp 00b0b000 fe:42 1153428                        /data/app/~~Tpoeh1Xo8SLHqIfLOei9Cg==/com.robtopx.geometryjump-Yla-eCkANKm8To_NQH2vxg==/lib/arm64/libcocos2dcpp.so
71eb040000-71eb043000 r-xp 00b0d000 fe:42 1153428                        /data/app/~~Tpoeh1Xo8SLHqIfLOei9Cg==/com.robtopx.geometryjump-Yla-eCkANKm8To_NQH2vxg==/lib/arm64/libcocos2dcpp.so
71eb043000-71eb044000 rwxp 00b10000 fe:42 1153428                        /data/app/~~Tpoeh1Xo8SLHqIfLOei9Cg==/com.robtopx.geometryjump-Yla-eCkANKm8To_NQH2vxg==/lib/arm64/libcocos2dcpp.so
71eb044000-71eb047000 r-xp 00b11000 fe:42 1153428                        /data/app/~~Tpoeh1Xo8SLHqIfLOei9Cg==/com.robtopx.geometryjump-Yla-eCkANKm8To_NQH2vxg==/lib/arm64/libcocos2dcpp.so
71eb047000-71eb04a000 rwxp 00b14000 fe:42 1153428                        /data/app/~~Tpoeh1Xo8SLHqIfLOei9Cg==/com.robtopx.geometryjump-Yla-eCkANKm8To_NQH2vxg==/lib/arm64/libcocos2dcpp.so
71eb04a000-71eb04b000 r-xp 00b17000 fe:42 1153428                        /data/app/~~Tpoeh1Xo8SLHqIfLOei9Cg==/com.robtopx.geometryjump-Yla-eCkANKm8To_NQH2vxg==/lib/arm64/libcocos2dcpp.so
71eb04b000-71eb04c000 rwxp 00b18000 fe:42 1153428                        /data/app/~~Tpoeh1Xo8SLHqIfLOei9Cg==/com.robtopx.geometryjump-Yla-eCkANKm8To_NQH2vxg==/lib/arm64/libcocos2dcpp.so
71eb04c000-71eb04d000 r-xp 00b19000 fe:42 1153428                        /data/app/~~Tpoeh1Xo8SLHqIfLOei9Cg==/com.robtopx.geometryjump-Yla-eCkANKm8To_NQH2vxg==/lib/arm64/libcocos2dcpp.so
71eb04d000-71eb04f000 rwxp 00b1a000 fe:42 1153428                        /data/app/~~Tpoeh1Xo8SLHqIfLOei9Cg==/com.robtopx.geometryjump-Yla-eCkANKm8To_NQH2vxg==/lib/arm64/libcocos2dcpp.so
71eb04f000-71eb053000 r-xp 00b1c000 fe:42 1153428                        /data/app/~~Tpoeh1Xo8SLHqIfLOei9Cg==/com.robtopx.geometryjump-Yla-eCkANKm8To_NQH2vxg==/lib/arm64/libcocos2dcpp.so
71eb053000-71eb054000 rwxp 00b20000 fe:42 1153428                        /data/app/~~Tpoeh1Xo8SLHqIfLOei9Cg==/com.robtopx.geometryjump-Yla-eCkANKm8To_NQH2vxg==/lib/arm64/libcocos2dcpp.so
71eb054000-71eb062000 r-xp 00b21000 fe:42 1153428                        /data/app/~~Tpoeh1Xo8SLHqIfLOei9Cg==/com.robtopx.geometryjump-Yla-eCkANKm8To_NQH2vxg==/lib/arm64/libcocos2dcpp.so
71eb062000-71eb063000 rwxp 00b2f000 fe:42 1153428                        /data/app/~~Tpoeh1Xo8SLHqIfLOei9Cg==/com.robtopx.geometryjump-Yla-eCkANKm8To_NQH2vxg==/lib/arm64/libcocos2dcpp.so
71eb063000-71eb065000 r-xp 00b30000 fe:42 1153428                        /data/app/~~Tpoeh1Xo8SLHqIfLOei9Cg==/com.robtopx.geometryjump-Yla-eCkANKm8To_NQH2vxg==/lib/arm64/libcocos2dcpp.so
71eb065000-71eb066000 rwxp 00b32000 fe:42 1153428                        /data/app/~~Tpoeh1Xo8SLHqIfLOei9Cg==/com.robtopx.geometryjump-Yla-eCkANKm8To_NQH2vxg==/lib/arm64/libcocos2dcpp.so
71eb066000-71eb067000 r-xp 00b33000 fe:42 1153428                        /data/app/~~Tpoeh1Xo8SLHqIfLOei9Cg==/com.robtopx.geometryjump-Yla-eCkANKm8To_NQH2vxg==/lib/arm64/libcocos2dcpp.so
71eb067000-71eb068000 rwxp 00b34000 fe:42 1153428                        /data/app/~~Tpoeh1Xo8SLHqIfLOei9Cg==/com.robtopx.geometryjump-Yla-eCkANKm8To_NQH2vxg==/lib/arm64/libcocos2dcpp.so
71eb068000-71eb072000 r-xp 00b35000 fe:42 1153428                        /data/app/~~Tpoeh1Xo8SLHqIfLOei9Cg==/com.robtopx.geometryjump-Yla-eCkANKm8To_NQH2vxg==/lib/arm64/libcocos2dcpp.so
71eb072000-71eb075000 rwxp 00b3f000 fe:42 1153428                        /data/app/~~Tpoeh1Xo8SLHqIfLOei9Cg==/com.robtopx.geometryjump-Yla-eCkANKm8To_NQH2vxg==/lib/arm64/libcocos2dcpp.so
71eb075000-71eb1fe000 r-xp 00b42000 fe:42 1153428                        /data/app/~~Tpoeh1Xo8SLHqIfLOei9Cg==/com.robtopx.geometryjump-Yla-eCkANKm8To_NQH2vxg==/lib/arm64/libcocos2dcpp.so
71eb1fe000-71eb1ff000 rwxp 00ccb000 fe:42 1153428                        /data/app/~~Tpoeh1Xo8SLHqIfLOei9Cg==/com.robtopx.geometryjump-Yla-eCkANKm8To_NQH2vxg==/lib/arm64/libcocos2dcpp.so
71eb1ff000-71eb63e000 r-xp 00ccc000 fe:42 1153428                        /data/app/~~Tpoeh1Xo8SLHqIfLOei9Cg==/com.robtopx.geometryjump-Yla-eCkANKm8To_NQH2vxg==/lib/arm64/libcocos2dcpp.so
71eb63e000-71eb64e000 ---p 00000000 00:00 0 
71eb64e000-71eb762000 r--p 0110b000 fe:42 1153428                        /data/app/~~Tpoeh1Xo8SLHqIfLOei9Cg==/com.robtopx.geometryjump-Yla-eCkANKm8To_NQH2vxg==/lib/arm64/libcocos2dcpp.so
71eb762000-71eb775000 rw-p 0121f000 fe:42 1153428                        /data/app/~~Tpoeh1Xo8SLHqIfLOei9Cg==/com.robtopx.geometryjump-Yla-eCkANKm8To_NQH2vxg==/lib/arm64/libcocos2dcpp.so
71eb775000-71eb794000 rw-p 00000000 00:00 0                              [anon:.bss]
71eb800000-71ed600000 ---p 00000000 00:00 0 
71ed646000-71ed675000 r-xp 00000000 fe:42 1520770                        /data/data/com.geode.launcher/files/geode/unzipped/alphalaneous.alphas_geode_utils/alphalaneous.alphas_geode_utils.android64.so
71ed675000-71ed678000 ---p 00000000 00:00 0 
71ed678000-71ed67a000 r--p 0002e000 fe:42 1520770                        /data/data/com.geode.launcher/files/geode/unzipped/alphalaneous.alphas_geode_utils/alphalaneous.alphas_geode_utils.android64.so
71ed67a000-71ed67d000 ---p 00000000 00:00 0 
71ed67d000-71ed67e000 rw-p 0002f000 fe:42 1520770                        /data/data/com.geode.launcher/files/geode/unzipped/alphalaneous.alphas_geode_utils/alphalaneous.alphas_geode_utils.android64.so
71ed686000-71ed6d6000 r--p 00000000 fe:42 1153351                        /data/app/~~Tpoeh1Xo8SLHqIfLOei9Cg==/com.robtopx.geometryjump-Yla-eCkANKm8To_NQH2vxg==/lib/arm64/libfmod.so
71ed6d6000-71ed755000 r-xp 00050000 fe:42 1153351                        /data/app/~~Tpoeh1Xo8SLHqIfLOei9Cg==/com.robtopx.geometryjump-Yla-eCkANKm8To_NQH2vxg==/lib/arm64/libfmod.so
71ed755000-71ed756000 rwxp 000cf000 fe:42 1153351                        /data/app/~~Tpoeh1Xo8SLHqIfLOei9Cg==/com.robtopx.geometryjump-Yla-eCkANKm8To_NQH2vxg==/lib/arm64/libfmod.so
71ed756000-71ed762000 r-xp 000d0000 fe:42 1153351                        /data/app/~~Tpoeh1Xo8SLHqIfLOei9Cg==/com.robtopx.geometryjump-Yla-eCkANKm8To_NQH2vxg==/lib/arm64/libfmod.so
71ed762000-71ed763000 rwxp 000dc000 fe:42 1153351                        /data/app/~~Tpoeh1Xo8SLHqIfLOei9Cg==/com.robtopx.geometryjump-Yla-eCkANKm8To_NQH2vxg==/lib/arm64/libfmod.so
71ed763000-71ed790000 r-xp 000dd000 fe:42 1153351                        /data/app/~~Tpoeh1Xo8SLHqIfLOei9Cg==/com.robtopx.geometryjump-Yla-eCkANKm8To_NQH2vxg==/lib/arm64/libfmod.so
71ed790000-71ed792000 ---p 00000000 00:00 0 
71ed792000-71ed798000 r--p 0010c000 fe:42 1153351                        /data/app/~~Tpoeh1Xo8SLHqIfLOei9Cg==/com.robtopx.geometryjump-Yla-eCkANKm8To_NQH2vxg==/lib/arm64/libfmod.so
71ed798000-71ed79a000 ---p 00000000 00:00 0 
71ed79a000-71ed7a6000 rw-p 00114000 fe:42 1153351                        /data/app/~~Tpoeh1Xo8SLHqIfLOei9Cg==/com.robtopx.geometryjump-Yla-eCkANKm8To_NQH2vxg==/lib/arm64/libfmod.so
71ed7a6000-71ed7e5000 rw-p 00000000 00:00 0                              [anon:.bss]
71ed800000-71efc00000 ---p 00000000 00:00 0 
71efc58000-71efd9d000 r-xp 00200000 fe:42 1345756                        /data/app/~~fBOmmMkoN3J5b-dAUGNGew==/com.geode.launcher-BThikrXO9HinsMb3clvLqA==/base.apk
71efd9d000-71efda0000 ---p 00000000 00:00 0 
71efda0000-71efdab000 r--p 00344000 fe:42 1345756                        /data/app/~~fBOmmMkoN3J5b-dAUGNGew==/com.geode.launcher-BThikrXO9HinsMb3clvLqA==/base.apk
71efdab000-71efdae000 ---p 00000000 00:00 0 
71efdae000-71efdaf000 rw-p 0034e000 fe:42 1345756                        /data/app/~~fBOmmMkoN3J5b-dAUGNGew==/com.geode.launcher-BThikrXO9HinsMb3clvLqA==/base.apk
71efdaf000-71efdb7000 rw-p 00000000 00:00 0                              [anon:.bss]
71efe00000-71f2400000 ---p 00000000 00:00 0 
71f240f000-71f2413000 ---p 00000000 00:00 0 
71f2413000-71f2414000 ---p 00000000 00:00 0                              [anon:stack_and_tls:21554]
71f2414000-71f251b000 rw-p 00000000 00:00 0                              [anon:stack_and_tls:21554]
71f251b000-71f251f000 ---p 00000000 00:00 0 
71f251f000-71f2888000 ---p 00000000 00:00 0 
71f2888000-71f288c000 rw-p 00000000 00:00 0 
71f288c000-71f351f000 ---p 00000000 00:00 0 
71f351f000-71f3523000 ---p 00000000 00:00 0 
71f3523000-71f3524000 ---p 00000000 00:00 0                              [anon:stack_and_tls:21553]
71f3524000-71f362b000 rw-p 00000000 00:00 0                              [anon:stack_and_tls:21553]
71f362b000-71f362f000 ---p 00000000 00:00 0 
71f363b000-71f40a0000 ---p 00000000 00:00 0 
71f40a0000-71f40a4000 rw-p 00000000 00:00 0 
71f40a4000-71f463b000 ---p 00000000 00:00 0 
71f463b000-71f463f000 ---p 00000000 00:00 0 
71f463f000-71f4640000 ---p 00000000 00:00 0                              [anon:stack_and_tls:21599]
71f4640000-71f473b000 rw-p 00000000 00:00 0                              [anon:stack_and_tls:21599]
71f473b000-71f473f000 ---p 00000000 00:00 0 
71f473f000-71f54b8000 ---p 00000000 00:00 0 
71f54b8000-71f54bc000 rw-p 00000000 00:00 0 
71f54bc000-71f573f000 ---p 00000000 00:00 0 
71f573f000-71f5743000 ---p 00000000 00:00 0 
71f5743000-71f5744000 ---p 00000000 00:00 0                              [anon:stack_and_tls:21543]
71f5744000-71f584b000 rw-p 00000000 00:00 0                              [anon:stack_and_tls:21543]
71f584b000-71f584f000 ---p 00000000 00:00 0 
71f584f000-71f5d42000 r--s 00000000 fe:42 1141068                        /data/data/com.google.android.gms/files/fonts/opentype/Noto_COLR_Emoji_Compat-400-100_0-0_0.ttf
71f5d42000-71f6235000 r--s 00000000 fe:42 1141068                        /data/data/com.google.android.gms/files/fonts/opentype/Noto_COLR_Emoji_Compat-400-100_0-0_0.ttf
71f6235000-71f6438000 ---p 00000000 00:00 0 
71f6438000-71f643c000 rw-p 00000000 00:00 0 
71f643c000-71f7235000 ---p 00000000 00:00 0 
71f7235000-71f7239000 ---p 00000000 00:00 0 
71f7239000-71f723a000 ---p 00000000 00:00 0                              [anon:stack_and_tls:21541]
71f723a000-71f7341000 rw-p 00000000 00:00 0                              [anon:stack_and_tls:21541]
71f7341000-71f7345000 ---p 00000000 00:00 0 
71f7345000-71f7d90000 ---p 00000000 00:00 0 
71f7d90000-71f7d94000 rw-p 00000000 00:00 0 
71f7d94000-71f8345000 ---p 00000000 00:00 0 
71f8345000-71f8349000 ---p 00000000 00:00 0 
71f8349000-71f8445000 rw-p 00000000 00:00 0                              [anon:stack_and_tls:21447]
71f8445000-71f8449000 ---p 00000000 00:00 0 
71f8449000-71f8a1c000 ---p 00000000 00:00 0 
71f8a1c000-71f8a20000 rw-p 00000000 00:00 0 
71f8a20000-71f9449000 ---p 00000000 00:00 0 
71f9449000-71f944d000 ---p 00000000 00:00 0 
71f944d000-71f9549000 rw-p 00000000 00:00 0                              [anon:stack_and_tls:21439]
71f9549000-71f954d000 ---p 00000000 00:00 0 
71f954d000-71fa29c000 ---p 00000000 00:00 0 
71fa29c000-71fa2a0000 rw-p 00000000 00:00 0 
71fa2a0000-71fa7c8000 ---p 00000000 00:00 0 
71fa7c8000-71fa7cc000 rw-p 00000000 00:00 0 
71fa7cc000-71fb54d000 ---p 00000000 00:00 0 
71fb54d000-71fb551000 ---p 00000000 00:00 0 
71fb551000-71fb64d000 rw-p 00000000 00:00 0                              [anon:stack_and_tls:21444]
71fb64d000-71fb655000 ---p 00000000 00:00 0 
71fb655000-71fb656000 ---p 00000000 00:00 0                              [anon:stack_and_tls:21434]
71fb656000-71fb75d000 rw-p 00000000 00:00 0                              [anon:stack_and_tls:21434]
71fb75d000-71fb761000 ---p 00000000 00:00 0 
71fb761000-71fbfee000 r--p 00000000 fe:11 124137984                      /system/fonts/DroidSansFallbackBBK.ttf
71fbfee000-71fc038000 ---p 00000000 00:00 0 
71fc038000-71fc03c000 rw-p 00000000 00:00 0 
71fc03c000-71fdcb0000 ---p 00000000 00:00 0 
71fdcb0000-71fdcb4000 rw-p 00000000 00:00 0 
71fdcb4000-71fdfee000 ---p 00000000 00:00 0 
71fdfee000-71fdff2000 ---p 00000000 00:00 0 
71fdff2000-71fdff3000 ---p 00000000 00:00 0                              [anon:stack_and_tls:21431]
71fdff3000-71fe0ee000 rw-p 00000000 00:00 0                              [anon:stack_and_tls:21431]
71fe0ee000-71fe0f6000 ---p 00000000 00:00 0 
71fe0f6000-71fe0f7000 ---p 00000000 00:00 0                              [anon:stack_and_tls:21430]
71fe0f7000-71fe1f2000 rw-p 00000000 00:00 0                              [anon:stack_and_tls:21430]
71fe1f2000-71fe1f6000 ---p 00000000 00:00 0 
71fe1f6000-71fe658000 ---p 00000000 00:00 0 
71fe658000-71fe65c000 rw-p 00000000 00:00 0 
71fe65c000-71ff1f6000 ---p 00000000 00:00 0 
71ff1f6000-71ff1fa000 ---p 00000000 00:00 0 
71ff1fa000-71ff2f6000 rw-p 00000000 00:00 0                              [anon:stack_and_tls:21427]
71ff2f6000-71ff2fa000 ---p 00000000 00:00 0 
71ff2fa000-7200224000 ---p 00000000 00:00 0 
7200224000-7200228000 rw-p 00000000 00:00 0 
7200228000-72002fa000 ---p 00000000 00:00 0 
72002fa000-72005bc000 rw-p 00000000 00:00 0                              [anon:scudo:secondary]
72005bc000-7200ec0000 ---p 00000000 00:00 0 
7200ec0000-7200ec4000 rw-p 00000000 00:00 0 
7200ec4000-72015bc000 ---p 00000000 00:00 0 
72015bc000-72015c0000 ---p 00000000 00:00 0 
72015c0000-72015c1000 ---p 00000000 00:00 0                              [anon:stack_and_tls:21414]
72015c1000-72016c8000 rw-p 00000000 00:00 0                              [anon:stack_and_tls:21414]
72016c8000-72016cc000 ---p 00000000 00:00 0 
72016cc000-72020a0000 ---p 00000000 00:00 0 
72020a0000-72020a4000 rw-p 00000000 00:00 0 
72020a4000-7202efc000 ---p 00000000 00:00 0 
7202efc000-7202f00000 rw-p 00000000 00:00 0 
7202f00000-72046ac000 ---p 00000000 00:00 0 
72046ac000-72046b0000 rw-p 00000000 00:00 0 
72046b0000-72052e4000 ---p 00000000 00:00 0 
72052e4000-72052e8000 rw-p 00000000 00:00 0 
72052e8000-7205a44000 ---p 00000000 00:00 0 
7205a44000-7205a48000 rw-p 00000000 00:00 0 
7205a48000-7206d64000 ---p 00000000 00:00 0 
7206d64000-7206d68000 rw-p 00000000 00:00 0 
7206d68000-72076cc000 ---p 00000000 00:00 0 
72076cc000-72076d0000 ---p 00000000 00:00 0 
72076d0000-72076d1000 ---p 00000000 00:00 0                              [anon:stack_and_tls:21359]
72076d1000-72077d8000 rw-p 00000000 00:00 0                              [anon:stack_and_tls:21359]
72077d8000-72077dc000 ---p 00000000 00:00 0 
72077dc000-7208170000 ---p 00000000 00:00 0 
7208170000-7208174000 rw-p 00000000 00:00 0 
7208174000-72087dc000 ---p 00000000 00:00 0 
72087dc000-72087e0000 ---p 00000000 00:00 0 
72087e0000-72088dc000 rw-p 00000000 00:00 0                              [anon:stack_and_tls:21358]
72088dc000-72088e0000 ---p 00000000 00:00 0 
72088e0000-72090ec000 ---p 00000000 00:00 0 
72090ec000-72090f0000 rw-p 00000000 00:00 0 
72090f0000-72098e0000 ---p 00000000 00:00 0 
72098e0000-72098e4000 ---p 00000000 00:00 0 
72098e4000-72098e5000 ---p 00000000 00:00 0                              [anon:stack_and_tls:21357]
72098e5000-72099ec000 rw-p 00000000 00:00 0                              [anon:stack_and_tls:21357]
72099ec000-72099f0000 ---p 00000000 00:00 0 
72099f0000-720a888000 ---p 00000000 00:00 0 
720a888000-720a88c000 rw-p 00000000 00:00 0 
720a88c000-720a9f0000 ---p 00000000 00:00 0 
720a9f0000-720a9f4000 ---p 00000000 00:00 0 
720a9f4000-720a9f5000 ---p 00000000 00:00 0                              [anon:stack_and_tls:21356]
720a9f5000-720aaf0000 rw-p 00000000 00:00 0                              [anon:stack_and_tls:21356]
720aaf0000-720aaf4000 ---p 00000000 00:00 0 
720aaf4000-720b198000 ---p 00000000 00:00 0 
720b198000-720b19c000 rw-p 00000000 00:00 0 
720b19c000-720baf4000 ---p 00000000 00:00 0 
720baf4000-720bf00000 rw-p 00000000 fe:42 1491557                        /data/app/~~fBOmmMkoN3J5b-dAUGNGew==/com.geode.launcher-BThikrXO9HinsMb3clvLqA==/oat/arm64/base.vdex
720bf00000-720c034000 r--p 00000000 fe:42 1555471                        /data/app/~~fBOmmMkoN3J5b-dAUGNGew==/com.geode.launcher-BThikrXO9HinsMb3clvLqA==/oat/arm64/base.odex
720c034000-720c591000 r-xp 00134000 fe:42 1555471                        /data/app/~~fBOmmMkoN3J5b-dAUGNGew==/com.geode.launcher-BThikrXO9HinsMb3clvLqA==/oat/arm64/base.odex
720c591000-720c594000 ---p 00000000 00:00 0 
720c594000-720c59e000 r--p 00694000 fe:42 1555471                        /data/app/~~fBOmmMkoN3J5b-dAUGNGew==/com.geode.launcher-BThikrXO9HinsMb3clvLqA==/oat/arm64/base.odex
720c59e000-720c5a0000 ---p 00000000 00:00 0 
720c5a0000-720c5a4000 rw-p 00000000 00:00 0                              [anon:.bss]
720c600000-720d400000 ---p 00000000 00:00 0 
720d451000-720da30000 ---p 00000000 00:00 0 
720da30000-720da34000 rw-p 00000000 00:00 0 
720da34000-720edc4000 ---p 00000000 00:00 0 
720edc4000-720edc8000 rw-p 00000000 00:00 0 
720edc8000-72102d4000 ---p 00000000 00:00 0 
72102d4000-72102d8000 rw-p 00000000 00:00 0 
72102d8000-72113a4000 ---p 00000000 00:00 0 
72113a4000-72113a8000 rw-p 00000000 00:00 0 
72113a8000-72120bc000 ---p 00000000 00:00 0 
72120bc000-72120c0000 rw-p 00000000 00:00 0 
72120c0000-7212c4c000 ---p 00000000 00:00 0 
7212c4c000-7212c50000 rw-p 00000000 00:00 0 
7212c50000-7213451000 ---p 00000000 00:00 0 
7213451000-7213551000 r--s 00000000 00:11 880                            /dev/__properties__/u:object_r:zygote_wrap_prop:s0
7213551000-72135de000 r--p 00000000 fe:11 117052529                      /system/lib64/libvivo_runtime.so
72135de000-72135e1000 ---p 00000000 00:00 0                              [page size compat]
72135e1000-72135f1000 r-xp 00090000 fe:11 117052529                      /system/lib64/libvivo_runtime.so
72135f1000-72135f2000 r--p 000a0000 fe:11 117052529                      /system/lib64/libvivo_runtime.so
72135f2000-72135f5000 ---p 00000000 00:00 0 
72135f5000-72135f6000 rw-p 000a4000 fe:11 117052529                      /system/lib64/libvivo_runtime.so
7213603000-7253603000 ---p 00000000 00:00 0                              [anon:libwebview reservation]
7253603000-7253829000 r--p 00000000 fe:1c 73                             /apex/com.android.tethering/lib64/libhttpengine.so
7253829000-725382b000 ---p 00000000 00:00 0                              [page size compat]
725382b000-7253d30000 r-xp 00228000 fe:1c 73                             /apex/com.android.tethering/lib64/libhttpengine.so
7253d30000-7253d33000 ---p 00000000 00:00 0                              [page size compat]
7253d33000-7253d48000 r--p 00730000 fe:1c 73                             /apex/com.android.tethering/lib64/libhttpengine.so
7253d48000-7253d4b000 ---p 00000000 00:00 0 
7253d4b000-7253d4d000 rw-p 00748000 fe:1c 73                             /apex/com.android.tethering/lib64/libhttpengine.so
7253d4d000-7253d5a000 rw-p 00000000 00:00 0                              [anon:.bss]
7253d9f000-7253da2000 r-xp 00000000 fe:42 1152610                        /data/data/com.geode.launcher/files/geode/unzipped/alk.ime-input/alk.ime-input.android64.so
7253da2000-7253da5000 ---p 00000000 00:00 0 
7253da5000-7253da6000 r--p 00002000 fe:42 1152610                        /data/data/com.geode.launcher/files/geode/unzipped/alk.ime-input/alk.ime-input.android64.so
7253da6000-7253da9000 ---p 00000000 00:00 0 
7253da9000-7253daa000 rw-p 00002000 fe:42 1152610                        /data/data/com.geode.launcher/files/geode/unzipped/alk.ime-input/alk.ime-input.android64.so
7253de0000-7253de8000 r--p 00000000 fe:11 117049968                      /system/lib64/vendor.vivo.hardware.vperf-V1-ndk.so
7253de8000-7253df0000 r-xp 00008000 fe:11 117049968                      /system/lib64/vendor.vivo.hardware.vperf-V1-ndk.so
7253df0000-7253df1000 r--p 00010000 fe:11 117049968                      /system/lib64/vendor.vivo.hardware.vperf-V1-ndk.so
7253df1000-7253df4000 ---p 00000000 00:00 0 
7253df4000-7253df5000 rw-p 00014000 fe:11 117049968                      /system/lib64/vendor.vivo.hardware.vperf-V1-ndk.so
7253e00000-7255400000 ---p 00000000 00:00 0 
725544d000-7255455000 r--p 00000000 fe:11 138887141                      /system/lib64/libvivo-vperfd-client_system.so
7255455000-7255462000 r-xp 00008000 fe:11 138887141                      /system/lib64/libvivo-vperfd-client_system.so
7255462000-7255465000 ---p 00000000 00:00 0                              [page size compat]
7255465000-7255466000 r--p 00018000 fe:11 138887141                      /system/lib64/libvivo-vperfd-client_system.so
7255466000-7255469000 ---p 00000000 00:00 0 
7255469000-725546a000 rw-p 0001c000 fe:11 138887141                      /system/lib64/libvivo-vperfd-client_system.so
725546a000-725546b000 rw-p 00000000 00:00 0                              [anon:.bss]
72554a7000-72554af000 r--p 00000000 fe:11 117049964                      /system/lib64/vendor.vivo.hardware.vperf-V1-cpp.so
72554af000-72554b7000 r-xp 00008000 fe:11 117049964                      /system/lib64/vendor.vivo.hardware.vperf-V1-cpp.so
72554b7000-72554ba000 r--p 00010000 fe:11 117049964                      /system/lib64/vendor.vivo.hardware.vperf-V1-cpp.so
72554ba000-72554bb000 ---p 00000000 00:00 0 
72554bb000-72554bc000 rw-p 00014000 fe:11 117049964                      /system/lib64/vendor.vivo.hardware.vperf-V1-cpp.so
72554c4000-72554f8000 r--p 00000000 fe:1c 69                             /apex/com.android.tethering/lib64/libcrypto_httpengine.so
72554f8000-7255562000 --xp 00034000 fe:1c 69                             /apex/com.android.tethering/lib64/libcrypto_httpengine.so
7255562000-7255597000 r-xp 0009e000 fe:1c 69                             /apex/com.android.tethering/lib64/libcrypto_httpengine.so
7255597000-7255598000 ---p 00000000 00:00 0                              [page size compat]
7255598000-725559a000 r--p 000d4000 fe:1c 69                             /apex/com.android.tethering/lib64/libcrypto_httpengine.so
725559a000-725559c000 ---p 00000000 00:00 0 
725559c000-725559d000 rw-p 000d8000 fe:1c 69                             /apex/com.android.tethering/lib64/libcrypto_httpengine.so
725559d000-725559e000 rw-p 00000000 00:00 0                              [anon:.bss]
7255600000-7257e00000 ---p 00000000 00:00 0 
7257e54000-7257e55000 r--p 00000000 fe:11 116828541                      /system/lib64/libhidltransport.so
7257e55000-7257e58000 ---p 00000000 00:00 0                              [page size compat]
7257e58000-7257e59000 r-xp 00004000 fe:11 116828541                      /system/lib64/libhidltransport.so
7257e59000-7257e5c000 ---p 00000000 00:00 0                              [page size compat]
7257e5c000-7257e5d000 r--p 00008000 fe:11 116828541                      /system/lib64/libhidltransport.so
7257e82000-7258717000 r--p 00000000 fe:13 56222080                       /vendor/lib64/egl/mt6989/libGLES_mali.so
7258717000-725a8cf000 r-xp 00895000 fe:13 56222080                       /vendor/lib64/egl/mt6989/libGLES_mali.so
725a8cf000-725a9e2000 r--p 02a4d000 fe:13 56222080                       /vendor/lib64/egl/mt6989/libGLES_mali.so
725a9e2000-725aac6000 rw-p 02b5f000 fe:13 56222080                       /vendor/lib64/egl/mt6989/libGLES_mali.so
725aac6000-725ab2c000 rw-p 00000000 00:00 0                              [anon:.bss]
725ab8b000-725ab9e000 r--p 00000000 fe:12 7267840                        /system_ext/lib64/vendor.vivo.hardware.vperf@1.0.so
725ab9e000-725ab9f000 ---p 00000000 00:00 0                              [page size compat]
725ab9f000-725abb9000 r-xp 00014000 fe:12 7267840                        /system_ext/lib64/vendor.vivo.hardware.vperf@1.0.so
725abb9000-725abbb000 ---p 00000000 00:00 0                              [page size compat]
725abbb000-725abbe000 r--p 00030000 fe:12 7267840                        /system_ext/lib64/vendor.vivo.hardware.vperf@1.0.so
725abbe000-725abbf000 ---p 00000000 00:00 0 
725abbf000-725abc0000 rw-p 00034000 fe:12 7267840                        /system_ext/lib64/vendor.vivo.hardware.vperf@1.0.so
725abcf000-725abd0000 r--p 00000000 fe:11 117016442                      /system/lib64/libwebviewchromium_loader.so
725abd0000-725abd3000 ---p 00000000 00:00 0                              [page size compat]
725abd3000-725abd4000 r-xp 00004000 fe:11 117016442                      /system/lib64/libwebviewchromium_loader.so
725abd4000-725abd7000 ---p 00000000 00:00 0                              [page size compat]
725abd7000-725abd8000 r--p 00008000 fe:11 117016442                      /system/lib64/libwebviewchromium_loader.so
725abd8000-725abdb000 ---p 00000000 00:00 0 
725abdb000-725abdc000 rw-p 00000000 00:00 0                              [anon:.bss]
725ac00000-725de00000 ---p 00000000 00:00 0 
725de5a000-725de5f000 r--p 00000000 fe:11 117035771                      /system/lib64/libcompiler_rt.so
725de5f000-725de62000 ---p 00000000 00:00 0                              [page size compat]
725de62000-725de6a000 r-xp 00008000 fe:11 117035771                      /system/lib64/libcompiler_rt.so
725de6a000-725de6b000 r--p 00010000 fe:11 117035771                      /system/lib64/libcompiler_rt.so
725de8b000-725df8b000 r--s 00000000 00:11 772                            /dev/__properties__/u:object_r:vendor_mtk_sec_video_path_support_prop:s0
725df8b000-725df94000 r--p 00000000 07:a8 138                            /apex/com.android.vndk.v34/lib64/libz.so
725df94000-725df9b000 ---p 00000000 00:00 0 
725df9b000-725dfab000 r-xp 00010000 07:a8 138                            /apex/com.android.vndk.v34/lib64/libz.so
725dfab000-725dfac000 r--p 00020000 07:a8 138                            /apex/com.android.vndk.v34/lib64/libz.so
725dfac000-725dfbb000 ---p 00000000 00:00 0 
725dfbb000-725dfbc000 rw-p 00020000 07:a8 138                            /apex/com.android.vndk.v34/lib64/libz.so
725dfc1000-725dfc3000 r--p 00000000 fe:13 59488342                       /vendor/lib64/libladder.so
725dfc3000-725dfc6000 r-xp 00002000 fe:13 59488342                       /vendor/lib64/libladder.so
725dfc6000-725dfc7000 r--p 00005000 fe:13 59488342                       /vendor/lib64/libladder.so
725dfc7000-725dfc8000 rw-p 00005000 fe:13 59488342                       /vendor/lib64/libladder.so
725e001000-725e007000 r--p 00000000 07:a8 29                             /apex/com.android.vndk.v34/lib64/android.hardware.graphics.allocator-V2-ndk.so
725e007000-725e011000 ---p 00000000 00:00 0 
725e011000-725e016000 r-xp 00010000 07:a8 29                             /apex/com.android.vndk.v34/lib64/android.hardware.graphics.allocator-V2-ndk.so
725e016000-725e021000 ---p 00000000 00:00 0 
725e021000-725e022000 r--p 00020000 07:a8 29                             /apex/com.android.vndk.v34/lib64/android.hardware.graphics.allocator-V2-ndk.so
725e022000-725e031000 ---p 00000000 00:00 0 
725e031000-725e032000 rw-p 00020000 07:a8 29                             /apex/com.android.vndk.v34/lib64/android.hardware.graphics.allocator-V2-ndk.so
725e045000-725e145000 r--s 00000000 00:11 286                            /dev/__properties__/u:object_r:graphics_config_writable_prop:s0
725e145000-725e245000 r--s 00000000 00:11 879                            /dev/__properties__/u:object_r:zygote_config_prop:s0
725e245000-725e246000 r--p 00000000 07:a8 92                             /apex/com.android.vndk.v34/lib64/libhardware.so
725e246000-725e255000 ---p 00000000 00:00 0 
725e255000-725e256000 r-xp 00010000 07:a8 92                             /apex/com.android.vndk.v34/lib64/libhardware.so
725e256000-725e265000 ---p 00000000 00:00 0 
725e265000-725e266000 r--p 00020000 07:a8 92                             /apex/com.android.vndk.v34/lib64/libhardware.so
725e282000-725e291000 r--p 00000000 07:a8 133                            /apex/com.android.vndk.v34/lib64/libutils.so
725e291000-725e292000 ---p 00000000 00:00 0 
725e292000-725e29f000 r-xp 00010000 07:a8 133                            /apex/com.android.vndk.v34/lib64/libutils.so
725e29f000-725e2a2000 ---p 00000000 00:00 0 
725e2a2000-725e2a3000 r--p 00020000 07:a8 133                            /apex/com.android.vndk.v34/lib64/libutils.so
725e2a3000-725e2b2000 ---p 00000000 00:00 0 
725e2b2000-725e2b3000 rw-p 00020000 07:a8 133                            /apex/com.android.vndk.v34/lib64/libutils.so
725e2dc000-725e2dd000 r--p 00000000 07:a8 37                             /apex/com.android.vndk.v34/lib64/android.hardware.graphics.common@1.1.so
725e2dd000-725e2ec000 ---p 00000000 00:00 0 
725e2ec000-725e2ed000 r-xp 00010000 07:a8 37                             /apex/com.android.vndk.v34/lib64/android.hardware.graphics.common@1.1.so
725e2ed000-725e2fc000 ---p 00000000 00:00 0 
725e2fc000-725e2fd000 r--p 00020000 07:a8 37                             /apex/com.android.vndk.v34/lib64/android.hardware.graphics.common@1.1.so
725e301000-725e305000 r--p 00000000 07:a8 134                            /apex/com.android.vndk.v34/lib64/libutilscallstack.so
725e305000-725e311000 ---p 00000000 00:00 0 
725e311000-725e314000 r-xp 00010000 07:a8 134                            /apex/com.android.vndk.v34/lib64/libutilscallstack.so
725e314000-725e321000 ---p 00000000 00:00 0 
725e321000-725e322000 r--p 00020000 07:a8 134                            /apex/com.android.vndk.v34/lib64/libutilscallstack.so
725e322000-725e331000 ---p 00000000 00:00 0 
725e331000-725e332000 rw-p 00020000 07:a8 134                            /apex/com.android.vndk.v34/lib64/libutilscallstack.so
725e361000-725e363000 r--p 00000000 fe:13 59395667                       /vendor/lib64/libgralloctypes_mtk.so
725e363000-725e368000 r-xp 00002000 fe:13 59395667                       /vendor/lib64/libgralloctypes_mtk.so
725e368000-725e369000 r--p 00007000 fe:13 59395667                       /vendor/lib64/libgralloctypes_mtk.so
725e369000-725e36a000 rw-p 00007000 fe:13 59395667                       /vendor/lib64/libgralloctypes_mtk.so
725e3b1000-725e3b3000 r--p 00000000 fe:13 59395664                       /vendor/lib64/libgralloc_metadata.so
725e3b3000-725e3b4000 r-xp 00002000 fe:13 59395664                       /vendor/lib64/libgralloc_metadata.so
725e3b4000-725e3b5000 r--p 00003000 fe:13 59395664                       /vendor/lib64/libgralloc_metadata.so
725e3b5000-725e3b6000 rw-p 00003000 fe:13 59395664                       /vendor/lib64/libgralloc_metadata.so
725e3c1000-725e3cc000 r--p 00000000 07:a8 40                             /apex/com.android.vndk.v34/lib64/android.hardware.graphics.mapper@2.0.so
725e3cc000-725e3d1000 ---p 00000000 00:00 0 
725e3d1000-725e3d9000 r-xp 00010000 07:a8 40                             /apex/com.android.vndk.v34/lib64/android.hardware.graphics.mapper@2.0.so
725e3d9000-725e3e1000 ---p 00000000 00:00 0 
725e3e1000-725e3e3000 r--p 00020000 07:a8 40                             /apex/com.android.vndk.v34/lib64/android.hardware.graphics.mapper@2.0.so
725e3e3000-725e3f2000 ---p 00000000 00:00 0 
725e3f2000-725e3f3000 rw-p 00021000 07:a8 40                             /apex/com.android.vndk.v34/lib64/android.hardware.graphics.mapper@2.0.so
725e402000-725e40e000 r--p 00000000 07:a8 42                             /apex/com.android.vndk.v34/lib64/android.hardware.graphics.mapper@3.0.so
725e40e000-725e412000 ---p 00000000 00:00 0 
725e412000-725e41c000 r-xp 00010000 07:a8 42                             /apex/com.android.vndk.v34/lib64/android.hardware.graphics.mapper@3.0.so
725e41c000-725e422000 ---p 00000000 00:00 0 
725e422000-725e424000 r--p 00020000 07:a8 42                             /apex/com.android.vndk.v34/lib64/android.hardware.graphics.mapper@3.0.so
725e424000-725e433000 ---p 00000000 00:00 0 
725e433000-725e434000 rw-p 00021000 07:a8 42                             /apex/com.android.vndk.v34/lib64/android.hardware.graphics.mapper@3.0.so
725e445000-725e451000 r--p 00000000 fe:13 59395653                       /vendor/lib64/libgpud.so
725e451000-725e461000 r-xp 0000c000 fe:13 59395653                       /vendor/lib64/libgpud.so
725e461000-725e462000 r--p 0001c000 fe:13 59395653                       /vendor/lib64/libgpud.so
725e462000-725e463000 rw-p 0001c000 fe:13 59395653                       /vendor/lib64/libgpud.so
725e463000-725e465000 rw-p 00000000 00:00 0                              [anon:.bss]
725e48f000-725e493000 r--p 00000000 07:a8 35                             /apex/com.android.vndk.v34/lib64/android.hardware.graphics.common-V4-ndk.so
725e493000-725e49f000 ---p 00000000 00:00 0 
725e49f000-725e4a2000 r-xp 00010000 07:a8 35                             /apex/com.android.vndk.v34/lib64/android.hardware.graphics.common-V4-ndk.so
725e4a2000-725e4af000 ---p 00000000 00:00 0 
725e4af000-725e4b0000 r--p 00020000 07:a8 35                             /apex/com.android.vndk.v34/lib64/android.hardware.graphics.common-V4-ndk.so
725e4b0000-725e4bf000 ---p 00000000 00:00 0 
725e4bf000-725e4c0000 rw-p 00020000 07:a8 35                             /apex/com.android.vndk.v34/lib64/android.hardware.graphics.common-V4-ndk.so
725e4cd000-725e4db000 r--p 00000000 07:a8 43                             /apex/com.android.vndk.v34/lib64/android.hardware.graphics.mapper@4.0.so
725e4db000-725e4dd000 ---p 00000000 00:00 0 
725e4dd000-725e4ea000 r-xp 00010000 07:a8 43                             /apex/com.android.vndk.v34/lib64/android.hardware.graphics.mapper@4.0.so
725e4ea000-725e4ed000 ---p 00000000 00:00 0 
725e4ed000-725e4ef000 r--p 00020000 07:a8 43                             /apex/com.android.vndk.v34/lib64/android.hardware.graphics.mapper@4.0.so
725e4ef000-725e4fe000 ---p 00000000 00:00 0 
725e4fe000-725e4ff000 rw-p 00021000 07:a8 43                             /apex/com.android.vndk.v34/lib64/android.hardware.graphics.mapper@4.0.so
725e510000-725e55e000 r--p 00000000 07:a8 71                             /apex/com.android.vndk.v34/lib64/libc++.so
725e55e000-725e560000 ---p 00000000 00:00 0 
725e560000-725e5bf000 r-xp 00050000 07:a8 71                             /apex/com.android.vndk.v34/lib64/libc++.so
725e5bf000-725e5c0000 ---p 00000000 00:00 0 
725e5c0000-725e5c7000 r--p 000b0000 07:a8 71                             /apex/com.android.vndk.v34/lib64/libc++.so
725e5c7000-725e5d6000 ---p 00000000 00:00 0 
725e5d6000-725e5d7000 rw-p 000b6000 07:a8 71                             /apex/com.android.vndk.v34/lib64/libc++.so
725e5d7000-725e5da000 rw-p 00000000 00:00 0                              [anon:.bss]
725e60c000-725e614000 r--p 00000000 fe:13 58618363                       /vendor/lib64/libdrm.so
725e614000-725e623000 r-xp 00008000 fe:13 58618363                       /vendor/lib64/libdrm.so
725e623000-725e624000 r--p 00017000 fe:13 58618363                       /vendor/lib64/libdrm.so
725e624000-725e625000 rw-p 00017000 fe:13 58618363                       /vendor/lib64/libdrm.so
725e625000-725e626000 rw-p 00000000 00:00 0                              [anon:.bss]
725e645000-725e646000 r--p 00000000 07:a8 97                             /apex/com.android.vndk.v34/lib64/libion.so
725e646000-725e655000 ---p 00000000 00:00 0 
725e655000-725e657000 r-xp 00010000 07:a8 97                             /apex/com.android.vndk.v34/lib64/libion.so
725e657000-725e665000 ---p 00000000 00:00 0 
725e665000-725e666000 r--p 00020000 07:a8 97                             /apex/com.android.vndk.v34/lib64/libion.so
725e666000-725e675000 ---p 00000000 00:00 0 
725e675000-725e676000 rw-p 00020000 07:a8 97                             /apex/com.android.vndk.v34/lib64/libion.so
725e696000-725e697000 r--p 00000000 07:a8 36                             /apex/com.android.vndk.v34/lib64/android.hardware.graphics.common@1.0.so
725e697000-725e6a6000 ---p 00000000 00:00 0 
725e6a6000-725e6a7000 r-xp 00010000 07:a8 36                             /apex/com.android.vndk.v34/lib64/android.hardware.graphics.common@1.0.so
725e6a7000-725e6b6000 ---p 00000000 00:00 0 
725e6b6000-725e6b7000 r--p 00020000 07:a8 36                             /apex/com.android.vndk.v34/lib64/android.hardware.graphics.common@1.0.so
725e6c7000-725e6c9000 r--p 00000000 fe:13 59395661                       /vendor/lib64/libgralloc_extra.so
725e6c9000-725e6cd000 r-xp 00002000 fe:13 59395661                       /vendor/lib64/libgralloc_extra.so
725e6cd000-725e6ce000 r--p 00006000 fe:13 59395661                       /vendor/lib64/libgralloc_extra.so
725e6ce000-725e6cf000 rw-p 00006000 fe:13 59395661                       /vendor/lib64/libgralloc_extra.so
725e71f000-725e720000 r--p 00000000 07:a8 38                             /apex/com.android.vndk.v34/lib64/android.hardware.graphics.common@1.2.so
725e720000-725e72f000 ---p 00000000 00:00 0 
725e72f000-725e730000 r-xp 00010000 07:a8 38                             /apex/com.android.vndk.v34/lib64/android.hardware.graphics.common@1.2.so
725e730000-725e73f000 ---p 00000000 00:00 0 
725e73f000-725e740000 r--p 00020000 07:a8 38                             /apex/com.android.vndk.v34/lib64/android.hardware.graphics.common@1.2.so
725e76f000-725e770000 r--p 00000000 fe:13 75781873                       /vendor/lib64/mt6989/arm.graphics-V4-ndk.so
725e770000-725e771000 r-xp 00001000 fe:13 75781873                       /vendor/lib64/mt6989/arm.graphics-V4-ndk.so
725e771000-725e772000 r--p 00002000 fe:13 75781873                       /vendor/lib64/mt6989/arm.graphics-V4-ndk.so
725e7ae000-725e7b5000 r--p 00000000 fe:13 59273333                       /vendor/lib64/libged.so
725e7b5000-725e7bd000 r-xp 00007000 fe:13 59273333                       /vendor/lib64/libged.so
725e7bd000-725e7be000 r--p 0000f000 fe:13 59273333                       /vendor/lib64/libged.so
725e7be000-725e7bf000 rw-p 0000f000 fe:13 59273333                       /vendor/lib64/libged.so
725e7c4000-725e7ce000 r--p 00000000 07:a8 81                             /apex/com.android.vndk.v34/lib64/libcutils.so
725e7ce000-725e7d4000 ---p 00000000 00:00 0 
725e7d4000-725e7df000 r-xp 00010000 07:a8 81                             /apex/com.android.vndk.v34/lib64/libcutils.so
725e7df000-725e7e4000 ---p 00000000 00:00 0 
725e7e4000-725e7e6000 r--p 00020000 07:a8 81                             /apex/com.android.vndk.v34/lib64/libcutils.so
725e7e6000-725e7f5000 ---p 00000000 00:00 0 
725e7f5000-725e7f6000 rw-p 00021000 07:a8 81                             /apex/com.android.vndk.v34/lib64/libcutils.so
725e802000-725e80e000 r--p 00000000 07:a8 41                             /apex/com.android.vndk.v34/lib64/android.hardware.graphics.mapper@2.1.so
725e80e000-725e812000 ---p 00000000 00:00 0 
725e812000-725e81b000 r-xp 00010000 07:a8 41                             /apex/com.android.vndk.v34/lib64/android.hardware.graphics.mapper@2.1.so
725e81b000-725e822000 ---p 00000000 00:00 0 
725e822000-725e824000 r--p 00020000 07:a8 41                             /apex/com.android.vndk.v34/lib64/android.hardware.graphics.mapper@2.1.so
725e824000-725e833000 ---p 00000000 00:00 0 
725e833000-725e834000 rw-p 00021000 07:a8 41                             /apex/com.android.vndk.v34/lib64/android.hardware.graphics.mapper@2.1.so
725e855000-725e89a000 r--p 00000000 07:a8 95                             /apex/com.android.vndk.v34/lib64/libhidlbase.so
725e89a000-725e8a5000 ---p 00000000 00:00 0 
725e8a5000-725e8fa000 r-xp 00050000 07:a8 95                             /apex/com.android.vndk.v34/lib64/libhidlbase.so
725e8fa000-725e905000 ---p 00000000 00:00 0 
725e905000-725e910000 r--p 000b0000 07:a8 95                             /apex/com.android.vndk.v34/lib64/libhidlbase.so
725e910000-725e91f000 ---p 00000000 00:00 0 
725e91f000-725e920000 rw-p 000ba000 07:a8 95                             /apex/com.android.vndk.v34/lib64/libhidlbase.so
725e946000-725e948000 r--p 00000000 07:a8 23                             /apex/com.android.vndk.v34/lib64/android.hardware.common-V2-ndk.so
725e948000-725e956000 ---p 00000000 00:00 0 
725e956000-725e957000 r-xp 00010000 07:a8 23                             /apex/com.android.vndk.v34/lib64/android.hardware.common-V2-ndk.so
725e957000-725e966000 ---p 00000000 00:00 0 
725e966000-725e967000 r--p 00020000 07:a8 23                             /apex/com.android.vndk.v34/lib64/android.hardware.common-V2-ndk.so
725e967000-725e976000 ---p 00000000 00:00 0 
725e976000-725e977000 rw-p 00020000 07:a8 23                             /apex/com.android.vndk.v34/lib64/android.hardware.common-V2-ndk.so
725e99f000-725e9a7000 r--p 00000000 07:a8 103                            /apex/com.android.vndk.v34/lib64/liblzma.so
725e9a7000-725e9af000 ---p 00000000 00:00 0 
725e9af000-725e9ce000 r-xp 00010000 07:a8 103                            /apex/com.android.vndk.v34/lib64/liblzma.so
725e9ce000-725e9cf000 ---p 00000000 00:00 0 
725e9cf000-725e9d0000 r--p 00030000 07:a8 103                            /apex/com.android.vndk.v34/lib64/liblzma.so
725e9d0000-725e9df000 ---p 00000000 00:00 0 
725e9df000-725e9e0000 rw-p 00030000 07:a8 103                            /apex/com.android.vndk.v34/lib64/liblzma.so
725e9e0000-725e9e6000 rw-p 00000000 00:00 0                              [anon:.bss]
725ea01000-725ea3c000 r--p 00000000 07:a8 131                            /apex/com.android.vndk.v34/lib64/libunwindstack.so
725ea3c000-725ea41000 ---p 00000000 00:00 0 
725ea41000-725eaac000 r-xp 00040000 07:a8 131                            /apex/com.android.vndk.v34/lib64/libunwindstack.so
725eaac000-725eab1000 ---p 00000000 00:00 0 
725eab1000-725eab9000 r--p 000b0000 07:a8 131                            /apex/com.android.vndk.v34/lib64/libunwindstack.so
725eab9000-725eac8000 ---p 00000000 00:00 0 
725eac8000-725eac9000 rw-p 000b7000 07:a8 131                            /apex/com.android.vndk.v34/lib64/libunwindstack.so
725eb01000-725eb33000 r--p 00000000 fe:13 56366321                       /vendor/lib64/hw/mt6989/android.hardware.graphics.mapper@4.0-impl-mediatek.so
725eb33000-725ebb6000 r-xp 00032000 fe:13 56366321                       /vendor/lib64/hw/mt6989/android.hardware.graphics.mapper@4.0-impl-mediatek.so
725ebb6000-725ebb9000 r--p 000b5000 fe:13 56366321                       /vendor/lib64/hw/mt6989/android.hardware.graphics.mapper@4.0-impl-mediatek.so
725ebb9000-725ebbb000 rw-p 000b7000 fe:13 56366321                       /vendor/lib64/hw/mt6989/android.hardware.graphics.mapper@4.0-impl-mediatek.so
725ebbb000-725ebbd000 rw-p 00000000 00:00 0                              [anon:.bss]
725ebc4000-725ebcd000 r--p 00000000 07:a8 90                             /apex/com.android.vndk.v34/lib64/libgralloctypes.so
725ebcd000-725ebd4000 ---p 00000000 00:00 0 
725ebd4000-725ebde000 r-xp 00010000 07:a8 90                             /apex/com.android.vndk.v34/lib64/libgralloctypes.so
725ebde000-725ebe4000 ---p 00000000 00:00 0 
725ebe4000-725ebe5000 r--p 00020000 07:a8 90                             /apex/com.android.vndk.v34/lib64/libgralloctypes.so
725ebe5000-725ebf4000 ---p 00000000 00:00 0 
725ebf4000-725ebf5000 rw-p 00020000 07:a8 90                             /apex/com.android.vndk.v34/lib64/libgralloctypes.so
725ec0a000-725ec14000 r--p 00000000 07:a8 83                             /apex/com.android.vndk.v34/lib64/libdmabufheap.so
725ec14000-725ec1a000 ---p 00000000 00:00 0 
725ec1a000-725ec26000 r-xp 00010000 07:a8 83                             /apex/com.android.vndk.v34/lib64/libdmabufheap.so
725ec26000-725ec2a000 ---p 00000000 00:00 0 
725ec2a000-725ec2b000 r--p 00020000 07:a8 83                             /apex/com.android.vndk.v34/lib64/libdmabufheap.so
725ec2b000-725ec3a000 ---p 00000000 00:00 0 
725ec3a000-725ec3b000 rw-p 00020000 07:a8 83                             /apex/com.android.vndk.v34/lib64/libdmabufheap.so
725ec51000-725ec65000 r--p 00000000 07:a8 66                             /apex/com.android.vndk.v34/lib64/libbase.so
725ec65000-725ec71000 ---p 00000000 00:00 0 
725ec71000-725ec9b000 r-xp 00020000 07:a8 66                             /apex/com.android.vndk.v34/lib64/libbase.so
725ec9b000-725eca1000 ---p 00000000 00:00 0 
725eca1000-725eca2000 r--p 00050000 07:a8 66                             /apex/com.android.vndk.v34/lib64/libbase.so
725eca2000-725ecb1000 ---p 00000000 00:00 0 
725ecb1000-725ecb2000 rw-p 00050000 07:a8 66                             /apex/com.android.vndk.v34/lib64/libbase.so
725eccd000-725edcd000 r--s 00000000 00:11 865                            /dev/__properties__/u:object_r:vndk_prop:s0
725edcd000-725edd1000 r--p 00000000 fe:42 1737609                        /data/misc/apexdata/com.android.art/dalvik-cache/arm64/system@framework@com.android.location.provider.jar@classes.odex
725ee13000-725ee15000 r--p 00000000 fe:1c 71                             /apex/com.android.tethering/lib64/libframework-connectivity-jni.so
725ee15000-725ee17000 ---p 00000000 00:00 0                              [page size compat]
725ee17000-725ee19000 r-xp 00004000 fe:1c 71                             /apex/com.android.tethering/lib64/libframework-connectivity-jni.so
725ee19000-725ee1b000 ---p 00000000 00:00 0                              [page size compat]
725ee1b000-725ee1c000 r--p 00008000 fe:1c 71                             /apex/com.android.tethering/lib64/libframework-connectivity-jni.so
725ee1c000-725ee1f000 ---p 00000000 00:00 0 
725ee1f000-725ee20000 rw-p 0000c000 fe:1c 71                             /apex/com.android.tethering/lib64/libframework-connectivity-jni.so
725ee46000-725ef46000 r--s 00000000 00:11 869                            /dev/__properties__/u:object_r:vold_status_prop:s0
725ef46000-725f046000 r--s 00000000 00:11 291                            /dev/__properties__/u:object_r:hdmi_config_prop:s0
725f046000-725f146000 r--s 00000000 00:11 359                            /dev/__properties__/u:object_r:packagemanager_config_prop:s0
725f146000-725f246000 r--s 00000000 00:11 792                            /dev/__properties__/u:object_r:vendor_mtk_telephony_addon_prop:s0
725f246000-725f24c000 r--p 00000000 fe:11 117067899                      /system/lib64/librs_jni.so
725f24c000-725f24e000 ---p 00000000 00:00 0                              [page size compat]
725f24e000-725f25a000 r-xp 00008000 fe:11 117067899                      /system/lib64/librs_jni.so
725f25a000-725f25c000 r--p 00014000 fe:11 117067899                      /system/lib64/librs_jni.so
725f25c000-725f25e000 ---p 00000000 00:00 0 
725f25e000-725f25f000 rw-p 00000000 00:00 0                              [anon:.bss]
725f2a5000-725f3a5000 r--s 00000000 00:11 181                            /dev/__properties__/u:object_r:config_prop:s0
725f3a5000-725f43d000 r--s 000f8000 fe:12 1515486                        /system_ext/app/mediatek-res/mediatek-res.apk
725f43d000-725fdaa000 r--s 04b3c000 fe:11 131108309                      /system/framework/vivo-res.apk
725fdaa000-725fe47000 r--s 05952000 fe:11 131108309                      /system/framework/vivo-res.apk
725fe47000-7261097000 r--s 01743000 fe:11 131112064                      /system/framework/framework-res.apk
7261097000-726112f000 r--s 02b3b000 fe:11 131112064                      /system/framework/framework-res.apk
726112f000-7261133000 r--p 00000000 fe:11 116751989                      /system/lib64/libvintf_jni.so
7261133000-7261139000 r-xp 00004000 fe:11 116751989                      /system/lib64/libvintf_jni.so
7261139000-726113b000 ---p 00000000 00:00 0                              [page size compat]
726113b000-726113c000 r--p 0000c000 fe:11 116751989                      /system/lib64/libvintf_jni.so
726113c000-726113f000 ---p 00000000 00:00 0 
726113f000-7261140000 rw-p 00000000 00:00 0                              [anon:.bss]
7261159000-7261183000 r--p 00000000 fe:11 116751976                      /system/lib64/libvintf.so
7261183000-7261185000 ---p 00000000 00:00 0                              [page size compat]
7261185000-72611f3000 r-xp 0002c000 fe:11 116751976                      /system/lib64/libvintf.so
72611f3000-72611f5000 ---p 00000000 00:00 0                              [page size compat]
72611f5000-72611f8000 r--p 0009c000 fe:11 116751976                      /system/lib64/libvintf.so
72611f8000-72611f9000 ---p 00000000 00:00 0 
72611f9000-72611fa000 rw-p 00000000 00:00 0                              [anon:.bss]
7261207000-7261307000 r--s 00000000 00:11 323                            /dev/__properties__/u:object_r:log_prop:s0
7261307000-7261312000 r--p 00000000 fe:11 116735094                      /system/lib64/libstagefright_amrnb_common.so
7261312000-7261313000 ---p 00000000 00:00 0                              [page size compat]
7261313000-726131d000 r-xp 0000c000 fe:11 116735094                      /system/lib64/libstagefright_amrnb_common.so
726131d000-726131f000 ---p 00000000 00:00 0                              [page size compat]
726131f000-7261320000 r--p 00018000 fe:11 116735094                      /system/lib64/libstagefright_amrnb_common.so
7261370000-726137d000 r--p 00000000 fe:11 116767077                      /system/lib64/librtp_jni.so
726137d000-7261380000 ---p 00000000 00:00 0                              [page size compat]
7261380000-72613af000 r-xp 00010000 fe:11 116767077                      /system/lib64/librtp_jni.so
72613af000-72613b0000 ---p 00000000 00:00 0                              [page size compat]
72613b0000-72613b2000 r--p 00040000 fe:11 116767077                      /system/lib64/librtp_jni.so
72613b2000-72613b4000 ---p 00000000 00:00 0 
72613b4000-72613b5000 rw-p 00044000 fe:11 116767077                      /system/lib64/librtp_jni.so
72613ce000-72613d3000 r--p 00000000 fe:11 116831989                      /system/lib64/libaudioeffect_jni.so
72613d3000-72613d6000 ---p 00000000 00:00 0                              [page size compat]
72613d6000-72613de000 r-xp 00008000 fe:11 116831989                      /system/lib64/libaudioeffect_jni.so
72613de000-72613df000 r--p 00010000 fe:11 116831989                      /system/lib64/libaudioeffect_jni.so
72613df000-72613e2000 ---p 00000000 00:00 0 
72613e2000-72613e3000 rw-p 00000000 00:00 0                              [anon:.bss]
7261413000-7261513000 r--s 00000000 00:11 654                            /dev/__properties__/u:object_r:vendor_mtk_default_prop:s0
7261513000-7261613000 r--s 00000000 00:11 332                            /dev/__properties__/u:object_r:media_variant_prop:s0
7261613000-7261649000 r--p 00000000 fe:11 116916980                      /system/lib64/libmedia_jni.so
7261649000-726164b000 ---p 00000000 00:00 0                              [page size compat]
726164b000-726169f000 r-xp 00038000 fe:11 116916980                      /system/lib64/libmedia_jni.so
726169f000-72616a5000 r--p 0008c000 fe:11 116916980                      /system/lib64/libmedia_jni.so
72616a5000-72616a7000 ---p 00000000 00:00 0 
72616a7000-72616a8000 rw-p 00094000 fe:11 116916980                      /system/lib64/libmedia_jni.so
72616f6000-72617bd000 r--p 00000000 fe:11 117052634                      /system/lib64/libprotobuf-cpp-full.so
72617bd000-72617be000 ---p 00000000 00:00 0                              [page size compat]
72617be000-7261914000 r-xp 000c8000 fe:11 117052634                      /system/lib64/libprotobuf-cpp-full.so
7261914000-7261916000 ---p 00000000 00:00 0                              [page size compat]
7261916000-726191f000 r--p 00220000 fe:11 117052634                      /system/lib64/libprotobuf-cpp-full.so
726191f000-7261922000 ---p 00000000 00:00 0 
7261922000-7261924000 rw-p 0022c000 fe:11 117052634                      /system/lib64/libprotobuf-cpp-full.so
726195f000-7261968000 r--p 00000000 fe:11 116183292                      /system/lib64/libsoundpool.so
7261968000-726196b000 ---p 00000000 00:00 0                              [page size compat]
726196b000-7261978000 r-xp 0000c000 fe:11 116183292                      /system/lib64/libsoundpool.so
7261978000-726197b000 ---p 00000000 00:00 0                              [page size compat]
726197b000-726197c000 r--p 0001c000 fe:11 116183292                      /system/lib64/libsoundpool.so
726197c000-726197f000 ---p 00000000 00:00 0 
726197f000-7261980000 rw-p 00020000 fe:11 116183292                      /system/lib64/libsoundpool.so
72619a3000-72619a5000 r--p 00000000 fe:11 138884981                      /system/lib64/libmediadrmmetrics_consumer.so
72619a5000-72619a7000 ---p 00000000 00:00 0                              [page size compat]
72619a7000-72619aa000 r-xp 00004000 fe:11 138884981                      /system/lib64/libmediadrmmetrics_consumer.so
72619aa000-72619ab000 ---p 00000000 00:00 0                              [page size compat]
72619ab000-72619ac000 r--p 00008000 fe:11 138884981                      /system/lib64/libmediadrmmetrics_consumer.so
72619e3000-72619ea000 r--p 00000000 fe:11 116925433                      /system/lib64/libvcode_nc.so
72619ea000-72619eb000 ---p 00000000 00:00 0                              [page size compat]
72619eb000-72619f3000 r-xp 00008000 fe:11 116925433                      /system/lib64/libvcode_nc.so
72619f3000-72619f5000 r--p 00010000 fe:11 116925433                      /system/lib64/libvcode_nc.so
72619f5000-72619f7000 ---p 00000000 00:00 0 
72619f7000-72619f8000 rw-p 00014000 fe:11 116925433                      /system/lib64/libvcode_nc.so
7261a00000-7265600000 ---p 00000000 00:00 0 
7265604000-726567b000 r--p 00000000 fe:11 116183280                      /system/lib64/libsonivox.so
726567b000-726567c000 ---p 00000000 00:00 0                              [page size compat]
726567c000-7265695000 r-xp 00078000 fe:11 116183280                      /system/lib64/libsonivox.so
7265695000-7265698000 ---p 00000000 00:00 0                              [page size compat]
7265698000-7265699000 r--p 00094000 fe:11 116183280                      /system/lib64/libsonivox.so
7265699000-726569c000 ---p 00000000 00:00 0 
726569c000-726569d000 rw-p 00098000 fe:11 116183280                      /system/lib64/libsonivox.so
726569d000-72656a4000 rw-p 00000000 00:00 0                              [anon:.bss]
72656e9000-7265701000 r--p 00000000 fe:11 116416629                      /system/lib64/libmtp.so
7265701000-726572b000 r-xp 00018000 fe:11 116416629                      /system/lib64/libmtp.so
726572b000-726572d000 ---p 00000000 00:00 0                              [page size compat]
726572d000-7265730000 r--p 00044000 fe:11 116416629                      /system/lib64/libmtp.so
7265730000-7265731000 ---p 00000000 00:00 0 
7265731000-7265732000 rw-p 00048000 fe:11 116416629                      /system/lib64/libmtp.so
7265797000-72657c5000 r--p 00000000 fe:11 116757225                      /system/lib64/android.hardware.tv.tuner-V2-ndk.so
72657c5000-72657c7000 ---p 00000000 00:00 0                              [page size compat]
72657c7000-72657f6000 r-xp 00030000 fe:11 116757225                      /system/lib64/android.hardware.tv.tuner-V2-ndk.so
72657f6000-72657f7000 ---p 00000000 00:00 0                              [page size compat]
72657f7000-72657fb000 r--p 00060000 fe:11 116757225                      /system/lib64/android.hardware.tv.tuner-V2-ndk.so
72657fb000-72657fc000 rw-p 00064000 fe:11 116757225                      /system/lib64/android.hardware.tv.tuner-V2-ndk.so
7265800000-7267800000 ---p 00000000 00:00 0 
7267841000-726784c000 r--p 00000000 fe:11 138884984                      /system/lib64/libmediadrmmetrics_full.so
726784c000-726784d000 ---p 00000000 00:00 0                              [page size compat]
726784d000-726785b000 r-xp 0000c000 fe:11 138884984                      /system/lib64/libmediadrmmetrics_full.so
726785b000-726785d000 ---p 00000000 00:00 0                              [page size compat]
726785d000-726785f000 r--p 0001c000 fe:11 138884984                      /system/lib64/libmediadrmmetrics_full.so
726785f000-7267861000 ---p 00000000 00:00 0 
7267861000-7267862000 rw-p 00020000 fe:11 138884984                      /system/lib64/libmediadrmmetrics_full.so
726788a000-726798a000 r--s 00000000 00:11 170                            /dev/__properties__/u:object_r:camera_config_prop:s0
726798a000-7267bce000 r--p 00000000 fe:11 117066969                      /system/fonts/Roboto-Regular.ttf
7267bd0000-7267cce000 r--p 00000000 00:20 5                              /dev/binderfs/hwbinder
7267cce000-7267d4a000 r--p 00000000 fe:2a 177                            /apex/com.android.conscrypt/lib64/libc++.so
7267d4a000-7267d4d000 ---p 00000000 00:00 0 
7267d4d000-7267de2000 --xp 0007b000 fe:2a 177                            /apex/com.android.conscrypt/lib64/libc++.so
7267de2000-7267de5000 ---p 00000000 00:00 0 
7267de5000-7267ded000 r--p 0010f000 fe:2a 177                            /apex/com.android.conscrypt/lib64/libc++.so
7267ded000-7267dee000 r--p 00000000 00:00 0                              [anon:.bss]
7267dee000-7267df0000 ---p 00000000 00:00 0 
7267df0000-7267df1000 rw-p 00116000 fe:2a 177                            /apex/com.android.conscrypt/lib64/libc++.so
7267df1000-7267df9000 rw-p 00000000 00:00 0                              [anon:.bss]
7267e3e000-7267ebf000 r--p 00000000 fe:2a 178                            /apex/com.android.conscrypt/lib64/libcrypto.so
7267ebf000-7267ec2000 ---p 00000000 00:00 0                              [page size compat]
7267ec2000-7267eec000 r-xp 00084000 fe:2a 178                            /apex/com.android.conscrypt/lib64/libcrypto.so
7267eec000-7267f5c000 --xp 000ae000 fe:2a 178                            /apex/com.android.conscrypt/lib64/libcrypto.so
7267f5c000-7267fe5000 r-xp 0011e000 fe:2a 178                            /apex/com.android.conscrypt/lib64/libcrypto.so
7267fe5000-7267fe6000 ---p 00000000 00:00 0                              [page size compat]
7267fe6000-7267ff6000 r--p 001a8000 fe:2a 178                            /apex/com.android.conscrypt/lib64/libcrypto.so
7267ff6000-7267ff7000 rw-p 001b8000 fe:2a 178                            /apex/com.android.conscrypt/lib64/libcrypto.so
7267ff7000-7267fff000 rw-p 00000000 00:00 0                              [anon:.bss]
7268000000-7269600000 ---p 00000000 00:00 0 
7269649000-7269674000 r--p 00000000 fe:2a 180                            /apex/com.android.conscrypt/lib64/libssl.so
7269674000-7269675000 ---p 00000000 00:00 0                              [page size compat]
7269675000-72696d8000 r-xp 0002c000 fe:2a 180                            /apex/com.android.conscrypt/lib64/libssl.so
72696d8000-72696d9000 ---p 00000000 00:00 0                              [page size compat]
72696d9000-72696dd000 r--p 00090000 fe:2a 180                            /apex/com.android.conscrypt/lib64/libssl.so
72696dd000-72696de000 rw-p 00094000 fe:2a 180                            /apex/com.android.conscrypt/lib64/libssl.so
7269700000-7269800000 r--s 00000000 00:11 413                            /dev/__properties__/u:object_r:surfaceflinger_prop:s0
7269800000-726c200000 ---p 00000000 00:00 0 
726c259000-726c25a000 r--p 00000000 fe:11 116693615                      /system/lib64/libasyncio.so
726c25a000-726c25d000 ---p 00000000 00:00 0                              [page size compat]
726c25d000-726c25e000 r-xp 00004000 fe:11 116693615                      /system/lib64/libasyncio.so
726c25e000-726c261000 ---p 00000000 00:00 0                              [page size compat]
726c261000-726c262000 r--p 00008000 fe:11 116693615                      /system/lib64/libasyncio.so
726c29e000-726c2b5000 r--p 00000000 fe:2a 179                            /apex/com.android.conscrypt/lib64/libjavacrypto.so
726c2b5000-726c2b6000 ---p 00000000 00:00 0                              [page size compat]
726c2b6000-726c2d7000 r-xp 00018000 fe:2a 179                            /apex/com.android.conscrypt/lib64/libjavacrypto.so
726c2d7000-726c2da000 ---p 00000000 00:00 0                              [page size compat]
726c2da000-726c2dc000 r--p 0003c000 fe:2a 179                            /apex/com.android.conscrypt/lib64/libjavacrypto.so
726c2dc000-726c2de000 ---p 00000000 00:00 0 
726c2de000-726c2e0000 rw-p 00040000 fe:2a 179                            /apex/com.android.conscrypt/lib64/libjavacrypto.so
726c2e0000-726c2e1000 rw-p 00000000 00:00 0                              [anon:.bss]
726c300000-726c400000 r--s 00000000 00:11 368                            /dev/__properties__/u:object_r:persist_wm_debug_prop:s0
726c400000-726c500000 r--s 00000000 00:11 165                            /dev/__properties__/u:object_r:build_odm_prop:s0
726c500000-726c600000 r--s 00000000 00:11 279                            /dev/__properties__/u:object_r:framework_status_prop:s0
726c600000-726e1c0000 r--s 00000000 07:78 18                             /apex/com.android.i18n/etc/icu/icudt76l.dat
726e202000-726e302000 r--s 00000000 00:11 344                            /dev/__properties__/u:object_r:module_sdkextensions_prop:s0
726e302000-726e303000 r--p 00000000 fe:3c 30                             /apex/com.android.os.statsd/lib64/libstats_jni.so
726e303000-726e306000 ---p 00000000 00:00 0                              [page size compat]
726e306000-726e307000 r-xp 00004000 fe:3c 30                             /apex/com.android.os.statsd/lib64/libstats_jni.so
726e307000-726e30a000 ---p 00000000 00:00 0                              [page size compat]
726e30a000-726e30b000 r--p 00008000 fe:3c 30                             /apex/com.android.os.statsd/lib64/libstats_jni.so
726e353000-726e453000 r--s 00000000 00:11 153                            /dev/__properties__/u:object_r:boot_status_prop:s0
726e453000-726e553000 r--s 00000000 00:11 298                            /dev/__properties__/u:object_r:hwservicemanager_prop:s0
726e553000-726e653000 r--s 00000000 00:11 273                            /dev/__properties__/u:object_r:exported_system_prop:s0
726e653000-726e753000 r--s 00000000 00:11 297                            /dev/__properties__/u:object_r:hw_timeout_multiplier_prop:s0
726e753000-726e853000 r--s 00000000 00:11 285                            /dev/__properties__/u:object_r:graphics_config_prop:s0
726e853000-726e953000 r--s 00000000 00:11 385                            /dev/__properties__/u:object_r:radio_prop:s0
726e953000-726ea53000 r--s 00000000 00:11 157                            /dev/__properties__/u:object_r:bootloader_prop:s0
726ea53000-726eb53000 r--s 00000000 00:11 406                            /dev/__properties__/u:object_r:soc_prop:s0
726eb53000-726ec53000 r--s 00000000 00:11 167                            /dev/__properties__/u:object_r:build_vendor_prop:s0
726ec80000-726ec98000 r-xp 00350000 fe:42 1345756                        /data/app/~~fBOmmMkoN3J5b-dAUGNGew==/com.geode.launcher-BThikrXO9HinsMb3clvLqA==/base.apk
726ec98000-726ec9b000 ---p 00000000 00:00 0 
726ec9b000-726ec9c000 r--p 00367000 fe:42 1345756                        /data/app/~~fBOmmMkoN3J5b-dAUGNGew==/com.geode.launcher-BThikrXO9HinsMb3clvLqA==/base.apk
726ec9c000-726ec9f000 ---p 00000000 00:00 0 
726ec9f000-726eca0000 rw-p 00367000 fe:42 1345756                        /data/app/~~fBOmmMkoN3J5b-dAUGNGew==/com.geode.launcher-BThikrXO9HinsMb3clvLqA==/base.apk
726eca0000-726eca1000 rw-p 00000000 00:00 0                              [anon:.bss]
726ecef000-726ecf3000 ---p 00000000 00:00 0 
726ecf3000-726ecf4000 ---p 00000000 00:00 0                              [anon:stack_and_tls:21353]
726ecf4000-726edfb000 rw-p 00000000 00:00 0                              [anon:stack_and_tls:21353]
726edfb000-726edff000 ---p 00000000 00:00 0 
726ee59000-726eed1000 r--s 0ab12000 fe:42 1153314                        /data/app/~~Tpoeh1Xo8SLHqIfLOei9Cg==/com.robtopx.geometryjump-Yla-eCkANKm8To_NQH2vxg==/base.apk
726eed1000-726eed5000 ---p 00000000 00:00 0 
726eed5000-726eed6000 ---p 00000000 00:00 0                              [anon:stack_and_tls:21352]
726eed6000-726efd1000 rw-p 00000000 00:00 0                              [anon:stack_and_tls:21352]
726efd1000-726efd5000 ---p 00000000 00:00 0 
726efd5000-726ff14000 ---p 00000000 00:00 0 
726ff14000-726ff18000 rw-p 00000000 00:00 0 
726ff18000-7270ee8000 ---p 00000000 00:00 0 
7270ee8000-7270eec000 rw-p 00000000 00:00 0 
7270eec000-72719c0000 ---p 00000000 00:00 0 
72719c0000-72719c4000 rw-p 00000000 00:00 0 
72719c4000-7271fd5000 ---p 00000000 00:00 0 
7271fd5000-7273fd5000 rw-s 00000000 00:01 1124039                        /memfd:jit-cache (deleted)
7273fd5000-72740d5000 r--s 00000000 00:11 318                            /dev/__properties__/u:object_r:lmkd_config_prop:s0
72740d5000-72741ba000 rw-p 00000000 00:00 0                              [anon:dalvik-allocspace non moving space mark-bitmap 1]
72741ba000-727429f000 rw-p 00000000 00:00 0                              [anon:dalvik-allocspace non moving space live-bitmap 1]
72742c6000-72742d3000 r--p 00000000 fe:13 56433664                       /vendor/lib64/hw/mt6989/mapper.mediatek.so
72742d3000-72742e9000 r-xp 0000d000 fe:13 56433664                       /vendor/lib64/hw/mt6989/mapper.mediatek.so
72742e9000-72742eb000 r--p 00023000 fe:13 56433664                       /vendor/lib64/hw/mt6989/mapper.mediatek.so
72742eb000-72742ec000 rw-p 00024000 fe:13 56433664                       /vendor/lib64/hw/mt6989/mapper.mediatek.so
72742ec000-72742ed000 rw-p 00000000 00:00 0                              [anon:.bss]
7274329000-7274429000 r--s 00000000 00:11 861                            /dev/__properties__/u:object_r:vivo_font_prop:s0
7274429000-7274543000 r--s 00000000 00:01 5173                           /dev/ashmem/fontMap (deleted)
7274543000-7274643000 r--s 00000000 00:11 564                            /dev/__properties__/u:object_r:use_memfd_prop:s0
7274643000-7274743000 r--s 00000000 00:11 399                            /dev/__properties__/u:object_r:servicemanager_prop:s0
7274743000-7274747000 ---p 00000000 00:00 0 
7274747000-7274748000 ---p 00000000 00:00 0                              [anon:stack_and_tls:21351]
7274748000-7274843000 rw-p 00000000 00:00 0                              [anon:stack_and_tls:21351]
7274843000-727484b000 ---p 00000000 00:00 0 
727484b000-727484c000 ---p 00000000 00:00 0                              [anon:stack_and_tls:21350]
727484c000-7274947000 rw-p 00000000 00:00 0                              [anon:stack_and_tls:21350]
7274947000-727494f000 ---p 00000000 00:00 0 
727494f000-7274950000 ---p 00000000 00:00 0                              [anon:stack_and_tls:21349]
7274950000-7274a57000 rw-p 00000000 00:00 0                              [anon:stack_and_tls:21349]
7274a57000-7274a5f000 ---p 00000000 00:00 0 
7274a5f000-7274a60000 ---p 00000000 00:00 0                              [anon:stack_and_tls:21348]
7274a60000-7274b67000 rw-p 00000000 00:00 0                              [anon:stack_and_tls:21348]
7274b67000-7274b6f000 ---p 00000000 00:00 0 
7274b6f000-7274b70000 ---p 00000000 00:00 0                              [anon:stack_and_tls:21347]
7274b70000-7274c77000 rw-p 00000000 00:00 0                              [anon:stack_and_tls:21347]
7274c77000-7274c7f000 ---p 00000000 00:00 0 
7274c7f000-7274c80000 ---p 00000000 00:00 0                              [anon:stack_and_tls:21346]
7274c80000-7274d87000 rw-p 00000000 00:00 0                              [anon:stack_and_tls:21346]
7274d87000-7274d8f000 ---p 00000000 00:00 0 
7274d8f000-7274d90000 ---p 00000000 00:00 0                              [anon:stack_and_tls:21344]
7274d90000-7274e93000 rw-p 00000000 00:00 0                              [anon:stack_and_tls:21344]
7274e93000-7274e9b000 ---p 00000000 00:00 0 
7274e9b000-7274e9c000 ---p 00000000 00:00 0                              [anon:stack_and_tls:21331]
7274e9c000-7274f97000 rw-p 00000000 00:00 0                              [anon:stack_and_tls:21331]
7274f97000-7274f9b000 ---p 00000000 00:00 0 
7274f9b000-7275ed0000 ---p 00000000 00:00 0 
7275ed0000-7275ed4000 rw-p 00000000 00:00 0 
7275ed4000-7275f9b000 ---p 00000000 00:00 0 
7275f9b000-7275f9f000 ---p 00000000 00:00 0 
7275f9f000-7275fa0000 ---p 00000000 00:00 0                              [anon:stack_and_tls:21330]
7275fa0000-727609b000 rw-p 00000000 00:00 0                              [anon:stack_and_tls:21330]
727609b000-727609f000 ---p 00000000 00:00 0 
727609f000-727809f000 rw-s 02000000 00:01 1124039                        /memfd:jit-cache (deleted)
727809f000-727819f000 r--s 00000000 00:11 288                            /dev/__properties__/u:object_r:gwp_asan_prop:s0
727819f000-727829f000 r--s 00000000 00:11 234                            /dev/__properties__/u:object_r:device_config_memory_safety_native_prop:s0
727829f000-72782a3000 r--p 00000000 fe:3a 75                             /apex/com.android.art/lib64/libopenjdkjvm.so
72782a3000-72782a7000 r-xp 00004000 fe:3a 75                             /apex/com.android.art/lib64/libopenjdkjvm.so
72782a7000-72782a8000 r--p 00008000 fe:3a 75                             /apex/com.android.art/lib64/libopenjdkjvm.so
72782a8000-72782ab000 ---p 00000000 00:00 0 
72782ab000-72782ac000 rw-p 00000000 00:00 0                              [anon:.bss]
72782cd000-72782e7000 r--p 00000000 fe:3a 74                             /apex/com.android.art/lib64/libopenjdk.so
72782e7000-72782e9000 ---p 00000000 00:00 0                              [page size compat]
72782e9000-7278306000 r-xp 0001c000 fe:3a 74                             /apex/com.android.art/lib64/libopenjdk.so
7278306000-7278309000 ---p 00000000 00:00 0                              [page size compat]
7278309000-727830a000 r--p 0003c000 fe:3a 74                             /apex/com.android.art/lib64/libopenjdk.so
727830a000-727830d000 ---p 00000000 00:00 0 
727830d000-727830f000 rw-p 00040000 fe:3a 74                             /apex/com.android.art/lib64/libopenjdk.so
727834a000-727834b000 r--p 00000000 fe:3a 53                             /apex/com.android.art/lib64/libandroidio.so
727834b000-727834e000 ---p 00000000 00:00 0                              [page size compat]
727834e000-727834f000 r-xp 00004000 fe:3a 53                             /apex/com.android.art/lib64/libandroidio.so
727834f000-7278352000 ---p 00000000 00:00 0                              [page size compat]
7278352000-7278353000 r--p 00008000 fe:3a 53                             /apex/com.android.art/lib64/libandroidio.so
7278353000-7278356000 ---p 00000000 00:00 0 
7278356000-7278357000 rw-p 00000000 00:00 0                              [anon:.bss]
727838e000-7278396000 r--p 00000000 fe:3a 65                             /apex/com.android.art/lib64/libexpat.so
7278396000-72783b4000 r-xp 00008000 fe:3a 65                             /apex/com.android.art/lib64/libexpat.so
72783b4000-72783b6000 ---p 00000000 00:00 0                              [page size compat]
72783b6000-72783b8000 r--p 00028000 fe:3a 65                             /apex/com.android.art/lib64/libexpat.so
72783b8000-72783ba000 ---p 00000000 00:00 0 
72783ba000-72783bb000 rw-p 00000000 00:00 0                              [anon:.bss]
72783c1000-72783d5000 r--p 00000000 fe:3a 66                             /apex/com.android.art/lib64/libjavacore.so
72783d5000-72783f8000 r-xp 00014000 fe:3a 66                             /apex/com.android.art/lib64/libjavacore.so
72783f8000-72783f9000 ---p 00000000 00:00 0                              [page size compat]
72783f9000-72783fa000 r--p 00038000 fe:3a 66                             /apex/com.android.art/lib64/libjavacore.so
72783fa000-72783fd000 ---p 00000000 00:00 0 
72783fd000-72783ff000 rw-p 0003c000 fe:3a 66                             /apex/com.android.art/lib64/libjavacore.so
7278400000-7279fc0000 r--s 00000000 07:78 18                             /apex/com.android.i18n/etc/icu/icudt76l.dat
727a01d000-727a026000 r--p 00000000 07:78 27                             /apex/com.android.i18n/lib64/libicu_jni.so
727a026000-727a029000 ---p 00000000 00:00 0                              [page size compat]
727a029000-727a037000 r-xp 0000c000 07:78 27                             /apex/com.android.i18n/lib64/libicu_jni.so
727a037000-727a039000 ---p 00000000 00:00 0                              [page size compat]
727a039000-727a03a000 r--p 0001c000 07:78 27                             /apex/com.android.i18n/lib64/libicu_jni.so
727a03a000-727a03d000 ---p 00000000 00:00 0 
727a03d000-727a03e000 rw-p 00020000 07:78 27                             /apex/com.android.i18n/lib64/libicu_jni.so
727a04e000-727a050000 r--p 00000000 fe:11 116748643                      /system/lib64/libwebviewchromium_plat_support.so
727a050000-727a052000 ---p 00000000 00:00 0                              [page size compat]
727a052000-727a054000 r-xp 00004000 fe:11 116748643                      /system/lib64/libwebviewchromium_plat_support.so
727a054000-727a056000 ---p 00000000 00:00 0                              [page size compat]
727a056000-727a057000 r--p 00008000 fe:11 116748643                      /system/lib64/libwebviewchromium_plat_support.so
727a057000-727a05a000 ---p 00000000 00:00 0 
727a05a000-727a05b000 rw-p 0000c000 fe:11 116748643                      /system/lib64/libwebviewchromium_plat_support.so
727a080000-727a081000 r--p 00000000 fe:11 117025532                      /system/lib64/libstdc++.so
727a081000-727a084000 ---p 00000000 00:00 0                              [page size compat]
727a084000-727a086000 r-xp 00004000 fe:11 117025532                      /system/lib64/libstdc++.so
727a086000-727a088000 ---p 00000000 00:00 0                              [page size compat]
727a088000-727a089000 r--p 00008000 fe:11 117025532                      /system/lib64/libstdc++.so
727a0e4000-727a0eb000 r--p 00000000 fe:11 138885234                      /system/lib64/libRS.so
727a0eb000-727a0ec000 ---p 00000000 00:00 0                              [page size compat]
727a0ec000-727a0f4000 r-xp 00008000 fe:11 138885234                      /system/lib64/libRS.so
727a0f4000-727a0f5000 r--p 00010000 fe:11 138885234                      /system/lib64/libRS.so
727a0f5000-727a0f8000 ---p 00000000 00:00 0 
727a0f8000-727a0f9000 rw-p 00000000 00:00 0                              [anon:.bss]
727a10a000-727a129000 r--p 00000000 fe:11 116693359                      /system/lib64/android.hardware.renderscript@1.0.so
727a129000-727a12a000 ---p 00000000 00:00 0                              [page size compat]
727a12a000-727a155000 r-xp 00020000 fe:11 116693359                      /system/lib64/android.hardware.renderscript@1.0.so
727a155000-727a156000 ---p 00000000 00:00 0                              [page size compat]
727a156000-727a15a000 r--p 0004c000 fe:11 116693359                      /system/lib64/android.hardware.renderscript@1.0.so
727a15a000-727a15b000 rw-p 00050000 fe:11 116693359                      /system/lib64/android.hardware.renderscript@1.0.so
727a18d000-727a18f000 r--p 00000000 fe:11 116733949                      /system/lib64/libOpenSLES.so
727a18f000-727a191000 ---p 00000000 00:00 0                              [page size compat]
727a191000-727a192000 r-xp 00004000 fe:11 116733949                      /system/lib64/libOpenSLES.so
727a192000-727a195000 ---p 00000000 00:00 0                              [page size compat]
727a195000-727a196000 r--p 00008000 fe:11 116733949                      /system/lib64/libOpenSLES.so
727a1cb000-727a1cd000 r--p 00000000 fe:11 117035389                      /system/lib64/libOpenMAXAL.so
727a1cd000-727a1cf000 ---p 00000000 00:00 0                              [page size compat]
727a1cf000-727a1d0000 r-xp 00004000 fe:11 117035389                      /system/lib64/libOpenMAXAL.so
727a1d0000-727a1d3000 ---p 00000000 00:00 0                              [page size compat]
727a1d3000-727a1d4000 r--p 00008000 fe:11 117035389                      /system/lib64/libOpenMAXAL.so
727a212000-727a239000 r--p 00000000 fe:11 116752877                      /system/lib64/libaaudio_internal.so
727a239000-727a23a000 ---p 00000000 00:00 0                              [page size compat]
727a23a000-727a27d000 r-xp 00028000 fe:11 116752877                      /system/lib64/libaaudio_internal.so
727a27d000-727a27e000 ---p 00000000 00:00 0                              [page size compat]
727a27e000-727a285000 r--p 0006c000 fe:11 116752877                      /system/lib64/libaaudio_internal.so
727a285000-727a286000 ---p 00000000 00:00 0 
727a286000-727a287000 rw-p 00074000 fe:11 116752877                      /system/lib64/libaaudio_internal.so
727a2d6000-727a2d9000 r--p 00000000 fe:11 116928253                      /system/lib64/libjnigraphics.so
727a2d9000-727a2da000 ---p 00000000 00:00 0                              [page size compat]
727a2da000-727a2dc000 r-xp 00004000 fe:11 116928253                      /system/lib64/libjnigraphics.so
727a2dc000-727a2de000 ---p 00000000 00:00 0                              [page size compat]
727a2de000-727a2df000 r--p 00008000 fe:11 116928253                      /system/lib64/libjnigraphics.so
727a30b000-727a31f000 r--p 00000000 fe:11 116418806                      /system/lib64/libcamera2ndk.so
727a31f000-727a359000 r-xp 00014000 fe:11 116418806                      /system/lib64/libcamera2ndk.so
727a359000-727a35b000 ---p 00000000 00:00 0                              [page size compat]
727a35b000-727a35e000 r--p 00050000 fe:11 116418806                      /system/lib64/libcamera2ndk.so
727a35e000-727a35f000 ---p 00000000 00:00 0 
727a35f000-727a360000 rw-p 00054000 fe:11 116418806                      /system/lib64/libcamera2ndk.so
727a390000-727a394000 r--p 00000000 fe:11 116745207                      /system/lib64/libamidi.so
727a394000-727a398000 r-xp 00004000 fe:11 116745207                      /system/lib64/libamidi.so
727a398000-727a399000 r--p 00008000 fe:11 116745207                      /system/lib64/libamidi.so
727a399000-727a39c000 ---p 00000000 00:00 0 
727a39c000-727a39d000 rw-p 0000c000 fe:11 116745207                      /system/lib64/libamidi.so
727a3e2000-727a3e9000 r--p 00000000 fe:11 116517242                      /system/lib64/aaudio-aidl-cpp.so
727a3e9000-727a3ea000 ---p 00000000 00:00 0                              [page size compat]
727a3ea000-727a3f3000 r-xp 00008000 fe:11 116517242                      /system/lib64/aaudio-aidl-cpp.so
727a3f3000-727a3f6000 ---p 00000000 00:00 0                              [page size compat]
727a3f6000-727a3f9000 r--p 00014000 fe:11 116517242                      /system/lib64/aaudio-aidl-cpp.so
727a3f9000-727a3fa000 ---p 00000000 00:00 0 
727a3fa000-727a3fb000 rw-p 00018000 fe:11 116517242                      /system/lib64/aaudio-aidl-cpp.so
727a400000-727cc00000 ---p 00000000 00:00 0 
727cc12000-727cc6c000 rw-p 00000000 00:00 0                              [anon:scudo:secondary]
727cc6c000-727cc6d000 r--p 00000000 fe:11 116921077                      /system/lib64/com.android.media.aaudio-aconfig-cc.so
727cc6d000-727cc70000 ---p 00000000 00:00 0                              [page size compat]
727cc70000-727cc72000 r-xp 00004000 fe:11 116921077                      /system/lib64/com.android.media.aaudio-aconfig-cc.so
727cc72000-727cc74000 ---p 00000000 00:00 0                              [page size compat]
727cc74000-727cc75000 r--p 00008000 fe:11 116921077                      /system/lib64/com.android.media.aaudio-aconfig-cc.so
727cc75000-727cc78000 ---p 00000000 00:00 0 
727cc78000-727cc79000 rw-p 00000000 00:00 0                              [anon:.bss]
727cc99000-727cc9e000 r--p 00000000 fe:11 116687612                      /system/lib64/libaaudio.so
727cc9e000-727cca1000 ---p 00000000 00:00 0                              [page size compat]
727cca1000-727cca6000 r-xp 00008000 fe:11 116687612                      /system/lib64/libaaudio.so
727cca6000-727cca9000 ---p 00000000 00:00 0                              [page size compat]
727cca9000-727ccaa000 r--p 00010000 fe:11 116687612                      /system/lib64/libaaudio.so
727ccaa000-727ccad000 ---p 00000000 00:00 0 
727ccad000-727ccae000 rw-p 00000000 00:00 0                              [anon:.bss]
727cce0000-727cce8000 r--p 00000000 fe:11 116831985                      /system/lib64/libaudiodumpextmtk.so
727cce8000-727ccf3000 r-xp 00008000 fe:11 116831985                      /system/lib64/libaudiodumpextmtk.so
727ccf3000-727ccf4000 ---p 00000000 00:00 0                              [page size compat]
727ccf4000-727ccf5000 r--p 00014000 fe:11 116831985                      /system/lib64/libaudiodumpextmtk.so
727ccf5000-727ccf8000 ---p 00000000 00:00 0 
727ccf8000-727ccf9000 rw-p 00018000 fe:11 116831985                      /system/lib64/libaudiodumpextmtk.so
727cd16000-727cd21000 r--p 00000000 fe:11 117031799                      /system/lib64/android.hardware.power@1.3.so
727cd21000-727cd22000 ---p 00000000 00:00 0                              [page size compat]
727cd22000-727cd2b000 r-xp 0000c000 fe:11 117031799                      /system/lib64/android.hardware.power@1.3.so
727cd2b000-727cd2e000 ---p 00000000 00:00 0                              [page size compat]
727cd2e000-727cd30000 r--p 00018000 fe:11 117031799                      /system/lib64/android.hardware.power@1.3.so
727cd30000-727cd32000 ---p 00000000 00:00 0 
727cd32000-727cd33000 rw-p 0001c000 fe:11 117031799                      /system/lib64/android.hardware.power@1.3.so
727cd5a000-727cd64000 r--p 00000000 fe:11 117031790                      /system/lib64/android.hardware.power@1.1.so
727cd64000-727cd66000 ---p 00000000 00:00 0                              [page size compat]
727cd66000-727cd6f000 r-xp 0000c000 fe:11 117031790                      /system/lib64/android.hardware.power@1.1.so
727cd6f000-727cd72000 ---p 00000000 00:00 0                              [page size compat]
727cd72000-727cd74000 r--p 00018000 fe:11 117031790                      /system/lib64/android.hardware.power@1.1.so
727cd74000-727cd76000 ---p 00000000 00:00 0 
727cd76000-727cd77000 rw-p 0001c000 fe:11 117031790                      /system/lib64/android.hardware.power@1.1.so
727cd8b000-727cd91000 r--p 00000000 fe:11 117035377                      /system/lib64/dynamic_instrumentation_manager_aidl-cpp.so
727cd91000-727cd93000 ---p 00000000 00:00 0                              [page size compat]
727cd93000-727cd96000 r-xp 00008000 fe:11 117035377                      /system/lib64/dynamic_instrumentation_manager_aidl-cpp.so
727cd96000-727cd97000 ---p 00000000 00:00 0                              [page size compat]
727cd97000-727cd99000 r--p 0000c000 fe:11 117035377                      /system/lib64/dynamic_instrumentation_manager_aidl-cpp.so
727cd99000-727cd9b000 ---p 00000000 00:00 0 
727cd9b000-727cd9c000 rw-p 00010000 fe:11 117035377                      /system/lib64/dynamic_instrumentation_manager_aidl-cpp.so
727cdc0000-727cdc5000 r--p 00000000 fe:11 117030780                      /system/lib64/libactivitymanager_aidl.so
727cdc5000-727cdc8000 ---p 00000000 00:00 0                              [page size compat]
727cdc8000-727cdcc000 r-xp 00008000 fe:11 117030780                      /system/lib64/libactivitymanager_aidl.so
727cdcc000-727cdce000 r--p 0000c000 fe:11 117030780                      /system/lib64/libactivitymanager_aidl.so
727cdce000-727cdd0000 ---p 00000000 00:00 0 
727cdd0000-727cdd1000 rw-p 00010000 fe:11 117030780                      /system/lib64/libactivitymanager_aidl.so
727ce24000-727ce44000 r--p 00000000 fe:11 116744936                      /system/lib64/libandroid.so
727ce44000-727ce66000 r-xp 00020000 fe:11 116744936                      /system/lib64/libandroid.so
727ce66000-727ce68000 ---p 00000000 00:00 0                              [page size compat]
727ce68000-727ce6c000 r--p 00044000 fe:11 116744936                      /system/lib64/libandroid.so
727ce6c000-727ce6d000 rw-p 00048000 fe:11 116744936                      /system/lib64/libandroid.so
727ce85000-727ce91000 r--p 00000000 fe:11 116849261                      /system/lib64/android.hardware.power-V6-ndk.so
727ce91000-727ce9d000 r-xp 0000c000 fe:11 116849261                      /system/lib64/android.hardware.power-V6-ndk.so
727ce9d000-727ce9e000 r--p 00018000 fe:11 116849261                      /system/lib64/android.hardware.power-V6-ndk.so
727ce9e000-727cea1000 ---p 00000000 00:00 0 
727cea1000-727cea2000 rw-p 0001c000 fe:11 116849261                      /system/lib64/android.hardware.power-V6-ndk.so
727ced9000-727cee2000 r--p 00000000 fe:11 117031785                      /system/lib64/android.hardware.power@1.0.so
727cee2000-727cee5000 ---p 00000000 00:00 0                              [page size compat]
727cee5000-727ceee000 r-xp 0000c000 fe:11 117031785                      /system/lib64/android.hardware.power@1.0.so
727ceee000-727cef1000 ---p 00000000 00:00 0                              [page size compat]
727cef1000-727cef3000 r--p 00018000 fe:11 117031785                      /system/lib64/android.hardware.power@1.0.so
727cef3000-727cef5000 ---p 00000000 00:00 0 
727cef5000-727cef6000 rw-p 0001c000 fe:11 117031785                      /system/lib64/android.hardware.power@1.0.so
727cf1c000-727cf26000 r--p 00000000 fe:11 117031795                      /system/lib64/android.hardware.power@1.2.so
727cf26000-727cf28000 ---p 00000000 00:00 0                              [page size compat]
727cf28000-727cf30000 r-xp 0000c000 fe:11 117031795                      /system/lib64/android.hardware.power@1.2.so
727cf30000-727cf32000 r--p 00014000 fe:11 117031795                      /system/lib64/android.hardware.power@1.2.so
727cf32000-727cf34000 ---p 00000000 00:00 0 
727cf34000-727cf35000 rw-p 00018000 fe:11 117031795                      /system/lib64/android.hardware.power@1.2.so
727cf52000-727cf77000 r--p 00000000 fe:11 124152681                      /system/lib64/libpowermanager.so
727cf77000-727cf7a000 ---p 00000000 00:00 0                              [page size compat]
727cf7a000-727cfa3000 r-xp 00028000 fe:11 124152681                      /system/lib64/libpowermanager.so
727cfa3000-727cfa6000 ---p 00000000 00:00 0                              [page size compat]
727cfa6000-727cfb0000 r--p 00054000 fe:11 124152681                      /system/lib64/libpowermanager.so
727cfb0000-727cfb2000 ---p 00000000 00:00 0 
727cfb2000-727cfb3000 rw-p 00060000 fe:11 124152681                      /system/lib64/libpowermanager.so
727cfe8000-727cfea000 r--p 00000000 fe:11 117039733                      /system/lib64/android.os.flags-aconfig-cc.so
727cfea000-727cfec000 ---p 00000000 00:00 0                              [page size compat]
727cfec000-727cfed000 r-xp 00004000 fe:11 117039733                      /system/lib64/android.os.flags-aconfig-cc.so
727cfed000-727cff0000 ---p 00000000 00:00 0                              [page size compat]
727cff0000-727cff1000 r--p 00008000 fe:11 117039733                      /system/lib64/android.os.flags-aconfig-cc.so
727cff1000-727cff4000 ---p 00000000 00:00 0 
727cff4000-727cff5000 rw-p 00000000 00:00 0                              [anon:.bss]
727d018000-727d066000 r--p 00000000 fe:11 116844003                      /system/lib64/libxml2.so
727d066000-727d068000 ---p 00000000 00:00 0                              [page size compat]
727d068000-727d137000 r-xp 00050000 fe:11 116844003                      /system/lib64/libxml2.so
727d137000-727d138000 ---p 00000000 00:00 0                              [page size compat]
727d138000-727d13c000 r--p 00120000 fe:11 116844003                      /system/lib64/libxml2.so
727d13c000-727d13d000 rw-p 00124000 fe:11 116844003                      /system/lib64/libxml2.so
727d13d000-727d13e000 rw-p 00000000 00:00 0                              [anon:.bss]
727d14a000-727d16a000 r--p 00000000 fe:3a 77                             /apex/com.android.art/lib64/libperfetto_hprof.so
727d16a000-727d1ce000 r-xp 00020000 fe:3a 77                             /apex/com.android.art/lib64/libperfetto_hprof.so
727d1ce000-727d1d2000 r--p 00084000 fe:3a 77                             /apex/com.android.art/lib64/libperfetto_hprof.so
727d1d2000-727d1d3000 rw-p 00088000 fe:3a 77                             /apex/com.android.art/lib64/libperfetto_hprof.so
727d1d3000-727d1d4000 rw-p 00000000 00:00 0                              [anon:.bss]
727d204000-727d212000 r--p 00000000 fe:2d 28                             /apex/com.android.adbd/lib64/libbase.so
727d212000-727d214000 ---p 00000000 00:00 0                              [page size compat]
727d214000-727d234000 r-xp 00010000 fe:2d 28                             /apex/com.android.adbd/lib64/libbase.so
727d234000-727d235000 r--p 00030000 fe:2d 28                             /apex/com.android.adbd/lib64/libbase.so
727d235000-727d238000 ---p 00000000 00:00 0 
727d238000-727d239000 rw-p 00000000 00:00 0                              [anon:.bss]
727d246000-727d262000 r--p 00000000 fe:2d 33                             /apex/com.android.adbd/lib64/libprocessgroup.so
727d262000-727d29e000 r-xp 0001c000 fe:2d 33                             /apex/com.android.adbd/lib64/libprocessgroup.so
727d29e000-727d2a0000 r--p 00058000 fe:2d 33                             /apex/com.android.adbd/lib64/libprocessgroup.so
727d2a0000-727d2a2000 ---p 00000000 00:00 0 
727d2a2000-727d2a3000 rw-p 00000000 00:00 0                              [anon:.bss]
727d2cd000-727d2e6000 r--p 00000000 fe:2d 27                             /apex/com.android.adbd/lib64/libadbconnection_client.so
727d2e6000-727d2e9000 ---p 00000000 00:00 0                              [page size compat]
727d2e9000-727d33f000 r-xp 0001c000 fe:2d 27                             /apex/com.android.adbd/lib64/libadbconnection_client.so
727d33f000-727d341000 ---p 00000000 00:00 0                              [page size compat]
727d341000-727d344000 r--p 00074000 fe:2d 27                             /apex/com.android.adbd/lib64/libadbconnection_client.so
727d344000-727d345000 ---p 00000000 00:00 0 
727d345000-727d346000 rw-p 00078000 fe:2d 27                             /apex/com.android.adbd/lib64/libadbconnection_client.so
727d346000-727d360000 rw-p 00000000 00:00 0                              [anon:.bss]
727d373000-727d3ce000 rw-p 00000000 00:00 0                              [anon:scudo:secondary]
727d3ce000-727d3d6000 r--p 00000000 fe:3a 52                             /apex/com.android.art/lib64/libadbconnection.so
727d3d6000-727d3e5000 r-xp 00008000 fe:3a 52                             /apex/com.android.art/lib64/libadbconnection.so
727d3e5000-727d3e6000 ---p 00000000 00:00 0                              [page size compat]
727d3e6000-727d3e7000 r--p 00018000 fe:3a 52                             /apex/com.android.art/lib64/libadbconnection.so
727d3e7000-727d3ea000 ---p 00000000 00:00 0 
727d3ea000-727d3eb000 rw-p 00000000 00:00 0                              [anon:.bss]
727d400000-727f000000 ---p 00000000 00:00 0 
727f043000-727f0bf000 r--p 00000000 fe:2d 29                             /apex/com.android.adbd/lib64/libc++.so
727f0bf000-727f0c2000 ---p 00000000 00:00 0 
727f0c2000-727f157000 --xp 0007b000 fe:2d 29                             /apex/com.android.adbd/lib64/libc++.so
727f157000-727f15a000 ---p 00000000 00:00 0 
727f15a000-727f162000 r--p 0010f000 fe:2d 29                             /apex/com.android.adbd/lib64/libc++.so
727f162000-727f163000 r--p 00000000 00:00 0                              [anon:.bss]
727f163000-727f165000 ---p 00000000 00:00 0 
727f165000-727f166000 rw-p 00116000 fe:2d 29                             /apex/com.android.adbd/lib64/libc++.so
727f166000-727f16e000 rw-p 00000000 00:00 0                              [anon:.bss]
727f184000-727f284000 rw-p 00000000 00:00 0                              [anon:dalvik-non-moving-space inter region ref bitmap]
727f284000-7280284000 rw-p 00000000 00:00 0                              [anon:dalvik-region-space inter region ref bitmap]
7280284000-7280484000 rw-p 00000000 00:00 0                              [anon:dalvik-rb copying gc mark stack]
7280484000-7280c84000 rw-p 00000000 00:00 0                              [anon:dalvik-concurrent copying gc mark stack]
7280c84000-7280e84000 rw-p 00000000 00:00 0                              [anon:dalvik-rb copying gc mark stack]
7280e84000-7281684000 rw-p 00000000 00:00 0                              [anon:dalvik-concurrent copying gc mark stack]
7281684000-7281e85000 rw-p 00000000 00:00 0                              [anon:dalvik-live stack]
7281e85000-7282686000 rw-p 00000000 00:00 0                              [anon:dalvik-allocation stack]
7282686000-7282a87000 rw-p 00000000 00:00 0                              [anon:dalvik-card table]
7282a87000-7282b07000 rw-p 00000000 00:00 0                              [anon:dalvik-large object free list space allocation info map]
7282b46000-7282b48000 r--p 00000000 fe:12 7264497                        /system_ext/lib64/libdisp_dejitter.so
7282b48000-7282b4a000 ---p 00000000 00:00 0                              [page size compat]
7282b4a000-7282b4c000 r-xp 00004000 fe:12 7264497                        /system_ext/lib64/libdisp_dejitter.so
7282b4c000-7282b4e000 ---p 00000000 00:00 0                              [page size compat]
7282b4e000-7282b4f000 r--p 00008000 fe:12 7264497                        /system_ext/lib64/libdisp_dejitter.so
7282b4f000-7282b52000 ---p 00000000 00:00 0 
7282b52000-7282b53000 rw-p 00000000 00:00 0                              [anon:.bss]
7282b87000-7283387000 rw-p 00000000 00:00 0                              [anon:dalvik-region space live bitmap]
7283388000-72833f0000 rw-p 00000000 00:00 0                              [anon:scudo:secondary]
72833f0000-72833f2000 r--p 00000000 fe:12 7266928                        /system_ext/lib64/libsbectl.so
72833f2000-72833f4000 ---p 00000000 00:00 0                              [page size compat]
72833f4000-72833f6000 r-xp 00004000 fe:12 7266928                        /system_ext/lib64/libsbectl.so
72833f6000-72833f8000 ---p 00000000 00:00 0                              [page size compat]
72833f8000-72833f9000 r--p 00008000 fe:12 7266928                        /system_ext/lib64/libsbectl.so
72833f9000-72833fc000 ---p 00000000 00:00 0 
72833fc000-72833fd000 rw-p 0000c000 fe:12 7266928                        /system_ext/lib64/libsbectl.so
7283424000-7283426000 r--p 00000000 fe:12 7266916                        /system_ext/lib64/libperfctl.so
7283426000-7283428000 ---p 00000000 00:00 0                              [page size compat]
7283428000-728342a000 r-xp 00004000 fe:12 7266916                        /system_ext/lib64/libperfctl.so
728342a000-728342c000 ---p 00000000 00:00 0                              [page size compat]
728342c000-728342d000 r--p 00008000 fe:12 7266916                        /system_ext/lib64/libperfctl.so
728342d000-7283430000 ---p 00000000 00:00 0 
7283430000-7283431000 rw-p 0000c000 fe:12 7266916                        /system_ext/lib64/libperfctl.so
7283457000-728345b000 ---p 00000000 00:00 0 
728345b000-7283557000 rw-p 00000000 00:00 0                              [anon:stack_and_tls:21388]
7283557000-728355f000 ---p 00000000 00:00 0 
728355f000-728365b000 rw-p 00000000 00:00 0                              [anon:stack_and_tls:21387]
728365b000-7283663000 ---p 00000000 00:00 0 
7283663000-728375f000 rw-p 00000000 00:00 0                              [anon:stack_and_tls:21386]
728375f000-7283763000 ---p 00000000 00:00 0 
728376f000-7283773000 ---p 00000000 00:00 0 
7283773000-728386f000 rw-p 00000000 00:00 0                              [anon:stack_and_tls:21390]
728386f000-7283873000 ---p 00000000 00:00 0 
7283873000-7283973000 r--s 00000000 00:11 686                            /dev/__properties__/u:object_r:vendor_mtk_gpu_prop:s0
7283973000-7283977000 ---p 00000000 00:00 0 
7283977000-7283978000 ---p 00000000 00:00 0                              [anon:stack_and_tls:21370]
7283978000-7283a73000 rw-p 00000000 00:00 0                              [anon:stack_and_tls:21370]
7283a73000-7283a7b000 ---p 00000000 00:00 0 
7283a7b000-7283a7c000 ---p 00000000 00:00 0                              [anon:stack_and_tls:21365]
7283a7c000-7283b83000 rw-p 00000000 00:00 0                              [anon:stack_and_tls:21365]
7283b83000-7283b87000 ---p 00000000 00:00 0 
7283b87000-7283c87000 rw-p 00000000 00:00 0                              [anon:dalvik-allocspace zygote / non moving space mark-bitmap 0]
7283c87000-7283d87000 rw-p 00000000 00:00 0                              [anon:dalvik-allocspace zygote / non moving space live-bitmap 0]
7283d87000-7283f05000 r--p 00000000 fe:1b 43                             /apex/com.android.wifi/javalib/framework-wifi.jar
7283f05000-7283f92000 r--p 00000000 fe:1c 54                             /apex/com.android.tethering/javalib/framework-connectivity-t.jar
7283f92000-728410a000 r--p 00000000 fe:1c 55                             /apex/com.android.tethering/javalib/framework-connectivity.jar
728410a000-72841cc000 r--p 00000000 fe:3d 33                             /apex/com.android.media/javalib/updatable-media.jar
72841cc000-7284284000 r--p 00000000 fe:22 24                             /apex/com.android.ipsec/javalib/android.net.ipsec.ike.jar
7284284000-7284377000 r--p 00000000 fe:35 31                             /apex/com.android.healthfitness/javalib/framework-healthfitness.jar
7284377000-7284409000 r--p 00000000 fe:2a 174                            /apex/com.android.conscrypt/javalib/conscrypt.jar
7284409000-7284591000 r--p 00000000 07:150 41                            /apex/com.android.bt/javalib/framework-bluetooth.jar
7284591000-728461d000 r--p 00000000 07:d0 28                             /apex/com.android.adservices/javalib/framework-adservices.jar
728461d000-7284900000 r--p 00004000 07:78 21                             /apex/com.android.i18n/javalib/core-icu4j.jar
7284900000-72849c9000 r--p 00000000 fe:12 4162141                        /system_ext/framework/mediatek-framework.jar
72849c9000-7284b39000 r--p 00000000 fe:11 116928870                      /system/framework/vivo-media.jar
7284b39000-72853db000 r--p 00001000 fe:11 131109868                      /system/framework/vivo-framework.jar
72853db000-7285468000 r--p 00000000 fe:11 116830580                      /system/framework/ims-common.jar
7285468000-7285532000 r--p 00000000 fe:11 116718065                      /system/framework/voip-common.jar
7285532000-7285aab000 r--p 00000000 fe:11 131111552                      /system/framework/telephony-common.jar
7285aab000-7285f23000 r--p 02ce4000 fe:11 131110759                      /system/framework/framework.jar
7285f23000-728683d000 r--p 023cb000 fe:11 131110759                      /system/framework/framework.jar
728683d000-7287127000 r--p 01ae2000 fe:11 131110759                      /system/framework/framework.jar
7287127000-72879c4000 r--p 01246000 fe:11 131110759                      /system/framework/framework.jar
72879c4000-72882c7000 r--p 00944000 fe:11 131110759                      /system/framework/framework.jar
72882c7000-7288c05000 r--p 00007000 fe:11 131110759                      /system/framework/framework.jar
7288c05000-7288d04000 r--p 00000000 fe:3a 44                             /apex/com.android.art/javalib/apache-xml.jar
7288d04000-7288e00000 r--p 00000000 fe:3a 45                             /apex/com.android.art/javalib/bouncycastle.jar
7288e00000-72893c6000 r--p 00000000 fe:3a 47                             /apex/com.android.art/javalib/core-oj.jar
72893d3000-728943c000 rw-p 00000000 00:00 0                              [anon:scudo:secondary]
728943c000-72894bc000 r--p 00000000 fe:11 124153076                      /system/framework/framework-location.jar
72894bc000-72895d5000 rw-p 00000000 fe:42 1737568                        /data/misc/apexdata/com.android.art/dalvik-cache/arm64/boot.vdex
72895d5000-72896d5000 r--s 00000000 00:11 243                            /dev/__properties__/u:object_r:device_config_runtime_native_prop:s0
72896d5000-72897d5000 r--s 00000000 00:11 277                            /dev/__properties__/u:object_r:fingerprint_prop:s0
72897d5000-72898d5000 r--s 00000000 00:11 364                            /dev/__properties__/u:object_r:persist_debug_prop:s0
72898d5000-72899d5000 r--s 00000000 00:11 320                            /dev/__properties__/u:object_r:locale_prop:s0
72899d5000-7289ad5000 r--s 00000000 00:11 213                            /dev/__properties__/u:object_r:dalvik_dynamic_config_prop:s0
7289ad5000-7289bd5000 r--s 00000000 00:11 268                            /dev/__properties__/u:object_r:exported_config_prop:s0
7289bd5000-7289cd5000 r--s 00000000 00:11 221                            /dev/__properties__/u:object_r:default_prop:s0
7289cd7000-7289dd5000 r--p 00000000 00:20 4                              /dev/binderfs/binder
7289dd5000-7289ed5000 r--s 00000000 00:11 242                            /dev/__properties__/u:object_r:device_config_runtime_native_boot_prop:s0
7289ed5000-728a08a000 r--p 00000000 fe:3a 55                             /apex/com.android.art/lib64/libart.so
728a08a000-728a0d5000 ---p 00000000 00:00 0 
728a0d5000-728a90d000 r-xp 00200000 fe:3a 55                             /apex/com.android.art/lib64/libart.so
728a90d000-728aad5000 ---p 00000000 00:00 0 
728aad5000-728ab07000 r--p 00c00000 fe:3a 55                             /apex/com.android.art/lib64/libart.so
728ab07000-728acd5000 ---p 00000000 00:00 0 
728acd5000-728acd9000 rw-p 00e00000 fe:3a 55                             /apex/com.android.art/lib64/libart.so
728acd9000-728acf6000 rw-p 00000000 00:00 0                              [anon:.bss]
728ad00000-728ae00000 r--s 00000000 00:11 212                            /dev/__properties__/u:object_r:dalvik_config_prop:s0
728ae00000-728d400000 ---p 00000000 00:00 0 
728d459000-728d45b000 r--p 00000000 fe:11 116736888                      /system/lib64/libtombstoned_client.so
728d45b000-728d45d000 ---p 00000000 00:00 0                              [page size compat]
728d45d000-728d461000 r-xp 00004000 fe:11 116736888                      /system/lib64/libtombstoned_client.so
728d461000-728d462000 r--p 00008000 fe:11 116736888                      /system/lib64/libtombstoned_client.so
728d480000-728d483000 r--p 00000000 fe:11 116693611                      /system/lib64/libartpalette-system.so
728d483000-728d484000 ---p 00000000 00:00 0                              [page size compat]
728d484000-728d486000 r-xp 00004000 fe:11 116693611                      /system/lib64/libartpalette-system.so
728d486000-728d488000 ---p 00000000 00:00 0                              [page size compat]
728d488000-728d489000 r--p 00008000 fe:11 116693611                      /system/lib64/libartpalette-system.so
728d489000-728d48c000 ---p 00000000 00:00 0 
728d48c000-728d48d000 rw-p 00000000 00:00 0                              [anon:.bss]
728d4ce000-728d4d3000 r--p 00000000 fe:3a 68                             /apex/com.android.art/lib64/liblz4.so
728d4d3000-728d4d6000 ---p 00000000 00:00 0                              [page size compat]
728d4d6000-728d4f5000 r-xp 00008000 fe:3a 68                             /apex/com.android.art/lib64/liblz4.so
728d4f5000-728d4f6000 ---p 00000000 00:00 0                              [page size compat]
728d4f6000-728d4f7000 r--p 00028000 fe:3a 68                             /apex/com.android.art/lib64/liblz4.so
728d509000-728d530000 r--p 00000000 fe:3a 56                             /apex/com.android.art/lib64/libartbase.so
728d530000-728d531000 ---p 00000000 00:00 0                              [page size compat]
728d531000-728d562000 r-xp 00028000 fe:3a 56                             /apex/com.android.art/lib64/libartbase.so
728d562000-728d565000 ---p 00000000 00:00 0                              [page size compat]
728d565000-728d568000 r--p 0005c000 fe:3a 56                             /apex/com.android.art/lib64/libartbase.so
728d568000-728d569000 ---p 00000000 00:00 0 
728d569000-728d56a000 rw-p 00060000 fe:3a 56                             /apex/com.android.art/lib64/libartbase.so
728d5b2000-728d6b2000 r--s 00000000 00:11 215                            /dev/__properties__/u:object_r:dalvik_runtime_prop:s0
728d6b2000-728d7b2000 r--s 00000000 00:11 378                            /dev/__properties__/u:object_r:property_service_version_prop:s0
728d7b2000-728d8b2000 r--s 00000000 00:11 546                            /dev/__properties__/u:object_r:timezone_prop:s0
728d8c2000-728d955000 rw-p 00000000 00:00 0                              [anon:scudo:secondary]
728d955000-728d956000 r--p 00000000 fe:1c 72                             /apex/com.android.tethering/lib64/libframework-connectivity-tiramisu-jni.so
728d956000-728d959000 ---p 00000000 00:00 0                              [page size compat]
728d959000-728d95a000 r-xp 00004000 fe:1c 72                             /apex/com.android.tethering/lib64/libframework-connectivity-tiramisu-jni.so
728d95a000-728d95d000 ---p 00000000 00:00 0                              [page size compat]
728d95d000-728d95e000 r--p 00008000 fe:1c 72                             /apex/com.android.tethering/lib64/libframework-connectivity-tiramisu-jni.so
728d9b2000-728dab2000 r--s 00000000 00:11 269                            /dev/__properties__/u:object_r:exported_default_prop:s0
728dab2000-728dbb2000 r--s 00000000 00:11 531                            /dev/__properties__/u:object_r:system_prop:s0
728dbb2000-728dcb2000 r--s 00000000 00:11 326                            /dev/__properties__/u:object_r:logd_prop:s0
728dcb2000-728ddb2000 r--s 00000000 00:11 322                            /dev/__properties__/u:object_r:log_file_logger_prop:s0
728ddb2000-728deb2000 r--s 00000000 00:11 324                            /dev/__properties__/u:object_r:log_tag_prop:s0
728deb2000-728dfb2000 r--s 00000000 00:11 161                            /dev/__properties__/u:object_r:bq_config_prop:s0
728dfb2000-728e0b2000 r--s 00000000 00:11 166                            /dev/__properties__/u:object_r:build_prop:s0
728e0b2000-728e0c1000 ---p 00000000 00:00 0                              [anon:scudo:primary_reserve]
728e0c1000-728e141000 rw-p 00000000 00:00 0                              [anon:scudo:primary]
728e141000-728e441000 rw-p 00000000 00:00 0                              [anon:scudo:primary]
728e441000-729e0be000 ---p 00000000 00:00 0                              [anon:scudo:primary_reserve]
729e0be000-729e0fe000 rw-p 00000000 00:00 0                              [anon:scudo:primary]
729e0fe000-729e1be000 rw-p 00000000 00:00 0                              [anon:scudo:primary]
729e1be000-72ae0be000 ---p 00000000 00:00 0                              [anon:scudo:primary_reserve]
72ae0be000-72ae13e000 rw-p 00000000 00:00 0                              [anon:scudo:primary]
72ae13e000-72ae17e000 rw-p 00000000 00:00 0                              [anon:scudo:primary]
72ae17e000-72be0b7000 ---p 00000000 00:00 0                              [anon:scudo:primary_reserve]
72be0b7000-72be0f7000 rw-p 00000000 00:00 0                              [anon:scudo:primary]
72be0f7000-72be137000 rw-p 00000000 00:00 0                              [anon:scudo:primary]
72be137000-72ce0b8000 ---p 00000000 00:00 0                              [anon:scudo:primary_reserve]
72ce0b8000-72ce0f8000 rw-p 00000000 00:00 0                              [anon:scudo:primary]
72ce0f8000-72ce178000 rw-p 00000000 00:00 0                              [anon:scudo:primary]
72ce178000-72de0b3000 ---p 00000000 00:00 0                              [anon:scudo:primary_reserve]
72de0b3000-72de133000 rw-p 00000000 00:00 0                              [anon:scudo:primary]
72de133000-72e0273000 rw-p 00000000 00:00 0                              [anon:scudo:primary]
72e0273000-72ee0b9000 ---p 00000000 00:00 0                              [anon:scudo:primary_reserve]
72ee0b9000-72ee0f9000 rw-p 00000000 00:00 0                              [anon:scudo:primary]
72ee0f9000-72ee2b9000 rw-p 00000000 00:00 0                              [anon:scudo:primary]
72ee2b9000-72fe0bc000 ---p 00000000 00:00 0                              [anon:scudo:primary_reserve]
72fe0bc000-72fe0fc000 rw-p 00000000 00:00 0                              [anon:scudo:primary]
72fe0fc000-72fe17c000 rw-p 00000000 00:00 0                              [anon:scudo:primary]
72fe17c000-730e0c0000 ---p 00000000 00:00 0                              [anon:scudo:primary_reserve]
730e0c0000-730e140000 rw-p 00000000 00:00 0                              [anon:scudo:primary]
730e140000-730e4c0000 rw-p 00000000 00:00 0                              [anon:scudo:primary]
730e4c0000-731e0c2000 ---p 00000000 00:00 0                              [anon:scudo:primary_reserve]
731e0c2000-731e102000 rw-p 00000000 00:00 0                              [anon:scudo:primary]
731e102000-731e1c2000 rw-p 00000000 00:00 0                              [anon:scudo:primary]
731e1c2000-732e0b6000 ---p 00000000 00:00 0                              [anon:scudo:primary_reserve]
732e0b6000-732e0f6000 rw-p 00000000 00:00 0                              [anon:scudo:primary]
732e0f6000-732e176000 rw-p 00000000 00:00 0                              [anon:scudo:primary]
732e176000-733e0b6000 ---p 00000000 00:00 0                              [anon:scudo:primary_reserve]
733e0b6000-733e0f6000 rw-p 00000000 00:00 0                              [anon:scudo:primary]
733e0f6000-734e0c1000 ---p 00000000 00:00 0                              [anon:scudo:primary_reserve]
734e0c1000-734e141000 rw-p 00000000 00:00 0                              [anon:scudo:primary]
734e141000-734ecc1000 rw-p 00000000 00:00 0                              [anon:scudo:primary]
734ecc1000-735e0b8000 ---p 00000000 00:00 0                              [anon:scudo:primary_reserve]
735e0b8000-735e0f8000 rw-p 00000000 00:00 0                              [anon:scudo:primary]
735e0f8000-735e278000 rw-p 00000000 00:00 0                              [anon:scudo:primary]
735e278000-736e0b6000 ---p 00000000 00:00 0                              [anon:scudo:primary_reserve]
736e0b6000-736e136000 rw-p 00000000 00:00 0                              [anon:scudo:primary]
736e136000-737e0bc000 ---p 00000000 00:00 0                              [anon:scudo:primary_reserve]
737e0bc000-737e17c000 rw-p 00000000 00:00 0                              [anon:scudo:primary]
737e17c000-737ebbc000 rw-p 00000000 00:00 0                              [anon:scudo:primary]
737ebbc000-738e0b4000 ---p 00000000 00:00 0                              [anon:scudo:primary_reserve]
738e0b4000-738e0f4000 rw-p 00000000 00:00 0                              [anon:scudo:primary]
738e0f4000-738e174000 rw-p 00000000 00:00 0                              [anon:scudo:primary]
738e174000-739e0b8000 ---p 00000000 00:00 0                              [anon:scudo:primary_reserve]
739e0b8000-739e138000 rw-p 00000000 00:00 0                              [anon:scudo:primary]
739e138000-739e3f8000 rw-p 00000000 00:00 0                              [anon:scudo:primary]
739e3f8000-73ae0ba000 ---p 00000000 00:00 0                              [anon:scudo:primary_reserve]
73ae0ba000-73ae0fa000 rw-p 00000000 00:00 0                              [anon:scudo:primary]
73ae0fa000-73ae13a000 rw-p 00000000 00:00 0                              [anon:scudo:primary]
73ae13a000-73be0b3000 ---p 00000000 00:00 0                              [anon:scudo:primary_reserve]
73be0b3000-73be0f3000 rw-p 00000000 00:00 0                              [anon:scudo:primary]
73be0f3000-73be133000 rw-p 00000000 00:00 0                              [anon:scudo:primary]
73be133000-73ce0ba000 ---p 00000000 00:00 0                              [anon:scudo:primary_reserve]
73ce0ba000-73ce0fa000 rw-p 00000000 00:00 0                              [anon:scudo:primary]
73ce0fa000-73ce17a000 rw-p 00000000 00:00 0                              [anon:scudo:primary]
73ce17a000-73de0b7000 ---p 00000000 00:00 0                              [anon:scudo:primary_reserve]
73de0b7000-73de1f7000 rw-p 00000000 00:00 0                              [anon:scudo:primary]
73de1f7000-73de6f7000 rw-p 00000000 00:00 0                              [anon:scudo:primary]
73de6f7000-73ee0bb000 ---p 00000000 00:00 0                              [anon:scudo:primary_reserve]
73ee0bb000-73ee13b000 rw-p 00000000 00:00 0                              [anon:scudo:primary]
73ee13b000-73fe0c2000 ---p 00000000 00:00 0                              [anon:scudo:primary_reserve]
73fe0c2000-73fe102000 rw-p 00000000 00:00 0                              [anon:scudo:primary]
73fe102000-73fe142000 rw-p 00000000 00:00 0                              [anon:scudo:primary]
73fe142000-740e0bc000 ---p 00000000 00:00 0                              [anon:scudo:primary_reserve]
740e0bc000-740e0fc000 rw-p 00000000 00:00 0                              [anon:scudo:primary]
740e0fc000-740e17c000 rw-p 00000000 00:00 0                              [anon:scudo:primary]
740e17c000-741e0b4000 ---p 00000000 00:00 0                              [anon:scudo:primary_reserve]
741e0b4000-741e0f4000 rw-p 00000000 00:00 0                              [anon:scudo:primary]
741e0f4000-741eb74000 rw-p 00000000 00:00 0                              [anon:scudo:primary]
741eb74000-742e0bf000 ---p 00000000 00:00 0                              [anon:scudo:primary_reserve]
742e0bf000-742e0ff000 rw-p 00000000 00:00 0                              [anon:scudo:primary]
742e0ff000-742e67f000 rw-p 00000000 00:00 0                              [anon:scudo:primary]
742e67f000-743e0bd000 ---p 00000000 00:00 0                              [anon:scudo:primary_reserve]
743e0bd000-743e0fd000 rw-p 00000000 00:00 0                              [anon:scudo:primary]
743e0fd000-743e13d000 rw-p 00000000 00:00 0                              [anon:scudo:primary]
743e13d000-744e0bd000 ---p 00000000 00:00 0                              [anon:scudo:primary_reserve]
744e0bd000-744e0fd000 rw-p 00000000 00:00 0                              [anon:scudo:primary]
744e0fd000-745e0bf000 ---p 00000000 00:00 0                              [anon:scudo:primary_reserve]
745e0bf000-745e0ff000 rw-p 00000000 00:00 0                              [anon:scudo:primary]
745e0ff000-745e17f000 rw-p 00000000 00:00 0                              [anon:scudo:primary]
745e17f000-746e0b9000 ---p 00000000 00:00 0                              [anon:scudo:primary_reserve]
746e0b9000-746e0f9000 rw-p 00000000 00:00 0                              [anon:scudo:primary]
746e0f9000-746e1b9000 rw-p 00000000 00:00 0                              [anon:scudo:primary]
746e1b9000-747e0c2000 ---p 00000000 00:00 0                              [anon:scudo:primary_reserve]
747e0c2000-747e102000 rw-p 00000000 00:00 0                              [anon:scudo:primary]
747e102000-747e1c2000 rw-p 00000000 00:00 0                              [anon:scudo:primary]
747e1c2000-748e0bf000 ---p 00000000 00:00 0                              [anon:scudo:primary_reserve]
748e0bf000-748e0ff000 rw-p 00000000 00:00 0                              [anon:scudo:primary]
748e0ff000-748e17f000 rw-p 00000000 00:00 0                              [anon:scudo:primary]
748e17f000-749e0b2000 ---p 00000000 00:00 0                              [anon:scudo:primary_reserve]
749e0b2000-749e0b5000 ---p 00000000 00:00 0                              [anon:cfi shadow]
749e0b5000-749e0b6000 r--p 00000000 00:00 0                              [anon:cfi shadow]
749e0b6000-749e380000 ---p 00000000 00:00 0                              [anon:cfi shadow]
749e380000-749e381000 r--p 00000000 00:00 0                              [anon:cfi shadow]
749e381000-749e43f000 ---p 00000000 00:00 0                              [anon:cfi shadow]
749e43f000-749e440000 r--p 00000000 00:00 0                              [anon:cfi shadow]
749e440000-749e441000 r--p 00000000 00:00 0                              [anon:cfi shadow]
749e441000-749e442000 r--p 00000000 00:00 0                              [anon:cfi shadow]
749e442000-749e443000 r--p 00000000 00:00 0                              [anon:cfi shadow]
749e443000-749e444000 ---p 00000000 00:00 0                              [anon:cfi shadow]
749e444000-749e445000 r--p 00000000 00:00 0                              [anon:cfi shadow]
749e445000-749e446000 r--p 00000000 00:00 0                              [anon:cfi shadow]
749e446000-749e447000 r--p 00000000 00:00 0                              [anon:cfi shadow]
749e447000-749e45a000 ---p 00000000 00:00 0                              [anon:cfi shadow]
749e45a000-749e45b000 r--p 00000000 00:00 0                              [anon:cfi shadow]
749e45b000-749e45c000 r--p 00000000 00:00 0                              [anon:cfi shadow]
749e45c000-749e45d000 r--p 00000000 00:00 0                              [anon:cfi shadow]
749e45d000-749e45e000 r--p 00000000 00:00 0                              [anon:cfi shadow]
749e45e000-751e0b2000 ---p 00000000 00:00 0                              [anon:cfi shadow]
751e0b2000-751e0b3000 r--p 00000000 fe:11 117025275                      /system/lib64/libpackagelistparser.so
751e0b3000-751e0b6000 ---p 00000000 00:00 0                              [page size compat]
751e0b6000-751e0b7000 r-xp 00004000 fe:11 117025275                      /system/lib64/libpackagelistparser.so
751e0b7000-751e0ba000 ---p 00000000 00:00 0                              [page size compat]
751e0ba000-751e0bb000 r--p 00008000 fe:11 117025275                      /system/lib64/libpackagelistparser.so
751e0bb000-751e0be000 ---p 00000000 00:00 0 
751e0be000-751e0bf000 rw-p 00000000 00:00 0                              [anon:.bss]
751e0dc000-751e0ea000 r--p 00000000 fe:11 116916976                      /system/lib64/libmedia_helper.so
751e0ea000-751e0ec000 ---p 00000000 00:00 0                              [page size compat]
751e0ec000-751e0fc000 r-xp 00010000 fe:11 116916976                      /system/lib64/libmedia_helper.so
751e0fc000-751e0fd000 r--p 00020000 fe:11 116916976                      /system/lib64/libmedia_helper.so
751e10c000-751e11b000 r--p 00000000 fe:11 117033839                      /system/lib64/libmedia_quality_include.so
751e11b000-751e11c000 ---p 00000000 00:00 0                              [page size compat]
751e11c000-751e12b000 r-xp 00010000 fe:11 117033839                      /system/lib64/libmedia_quality_include.so
751e12b000-751e12c000 ---p 00000000 00:00 0                              [page size compat]
751e12c000-751e131000 r--p 00020000 fe:11 117033839                      /system/lib64/libmedia_quality_include.so
751e131000-751e134000 ---p 00000000 00:00 0 
751e134000-751e135000 rw-p 00028000 fe:11 117033839                      /system/lib64/libmedia_quality_include.so
751e156000-751e15d000 r--p 00000000 fe:11 117039224                      /system/lib64/packagemanager_aidl-cpp.so
751e15d000-751e15e000 ---p 00000000 00:00 0                              [page size compat]
751e15e000-751e164000 r-xp 00008000 fe:11 117039224                      /system/lib64/packagemanager_aidl-cpp.so
751e164000-751e166000 ---p 00000000 00:00 0                              [page size compat]
751e166000-751e168000 r--p 00010000 fe:11 117039224                      /system/lib64/packagemanager_aidl-cpp.so
751e168000-751e16a000 ---p 00000000 00:00 0 
751e16a000-751e16b000 rw-p 00014000 fe:11 117039224                      /system/lib64/packagemanager_aidl-cpp.so
751e1a6000-751e1c3000 r--p 00000000 fe:11 116755959                      /system/lib64/libstagefright_omx.so
751e1c3000-751e1c6000 ---p 00000000 00:00 0                              [page size compat]
751e1c6000-751e1f0000 r-xp 00020000 fe:11 116755959                      /system/lib64/libstagefright_omx.so
751e1f0000-751e1f2000 ---p 00000000 00:00 0                              [page size compat]
751e1f2000-751e1f8000 r--p 0004c000 fe:11 116755959                      /system/lib64/libstagefright_omx.so
751e1f8000-751e1fa000 ---p 00000000 00:00 0 
751e1fa000-751e1fb000 rw-p 00054000 fe:11 116755959                      /system/lib64/libstagefright_omx.so
751e207000-751e237000 r--p 00000000 fe:3a 80                             /apex/com.android.art/lib64/libunwindstack.so
751e237000-751e2af000 r-xp 00030000 fe:3a 80                             /apex/com.android.art/lib64/libunwindstack.so
751e2af000-751e2b7000 r--p 000a8000 fe:3a 80                             /apex/com.android.art/lib64/libunwindstack.so
751e2b7000-751e2b8000 rw-p 000b0000 fe:3a 80                             /apex/com.android.art/lib64/libunwindstack.so
751e2f5000-751e309000 r--p 00000000 fe:11 116763625                      /system/lib64/audiopolicy-aidl-cpp.so
751e309000-751e340000 r-xp 00014000 fe:11 116763625                      /system/lib64/audiopolicy-aidl-cpp.so
751e340000-751e341000 ---p 00000000 00:00 0                              [page size compat]
751e341000-751e345000 r--p 0004c000 fe:11 116763625                      /system/lib64/audiopolicy-aidl-cpp.so
751e345000-751e346000 rw-p 00050000 fe:11 116763625                      /system/lib64/audiopolicy-aidl-cpp.so
751e387000-751e393000 r--p 00000000 fe:11 116691437                      /system/lib64/android.hardware.configstore@1.1.so
751e393000-751e39c000 r-xp 0000c000 fe:11 116691437                      /system/lib64/android.hardware.configstore@1.1.so
751e39c000-751e39f000 ---p 00000000 00:00 0                              [page size compat]
751e39f000-751e3a1000 r--p 00018000 fe:11 116691437                      /system/lib64/android.hardware.configstore@1.1.so
751e3a1000-751e3a3000 ---p 00000000 00:00 0 
751e3a3000-751e3a4000 rw-p 0001c000 fe:11 116691437                      /system/lib64/android.hardware.configstore@1.1.so
751e3f1000-751e3f5000 r--p 00000000 fe:11 117049972                      /system/lib64/volumegroupcallback-aidl-cpp.so
751e3f5000-751e3f8000 r-xp 00004000 fe:11 117049972                      /system/lib64/volumegroupcallback-aidl-cpp.so
751e3f8000-751e3f9000 ---p 00000000 00:00 0                              [page size compat]
751e3f9000-751e3fb000 r--p 00008000 fe:11 117049972                      /system/lib64/volumegroupcallback-aidl-cpp.so
751e3fb000-751e3fd000 ---p 00000000 00:00 0 
751e3fd000-751e3fe000 rw-p 0000c000 fe:11 117049972                      /system/lib64/volumegroupcallback-aidl-cpp.so
751e400000-751ec00000 ---p 00000000 00:00 0 
751ec57000-751ec5d000 r--p 00000000 fe:11 116697723                      /system/lib64/libGLESv1_CM.so
751ec5d000-751ec5f000 ---p 00000000 00:00 0                              [page size compat]
751ec5f000-751ec62000 r-xp 00008000 fe:11 116697723                      /system/lib64/libGLESv1_CM.so
751ec62000-751ec63000 ---p 00000000 00:00 0                              [page size compat]
751ec63000-751ec64000 r--p 0000c000 fe:11 116697723                      /system/lib64/libGLESv1_CM.so
751ec86000-751ec8e000 r--p 00000000 fe:11 117038694                      /system/lib64/libnetdutils.so
751ec8e000-751ec9d000 r-xp 00008000 fe:11 117038694                      /system/lib64/libnetdutils.so
751ec9d000-751ec9e000 ---p 00000000 00:00 0                              [page size compat]
751ec9e000-751ec9f000 r--p 00018000 fe:11 117038694                      /system/lib64/libnetdutils.so
751ec9f000-751eca2000 ---p 00000000 00:00 0 
751eca2000-751eca3000 rw-p 00000000 00:00 0                              [anon:.bss]
751ecc2000-751eccb000 r--p 00000000 fe:11 124156917                      /system/lib64/liblzma.so
751eccb000-751ecce000 ---p 00000000 00:00 0                              [page size compat]
751ecce000-751ecf1000 r-xp 0000c000 fe:11 124156917                      /system/lib64/liblzma.so
751ecf1000-751ecf2000 ---p 00000000 00:00 0                              [page size compat]
751ecf2000-751ecf3000 r--p 00030000 fe:11 124156917                      /system/lib64/liblzma.so
751ecf3000-751ecf6000 ---p 00000000 00:00 0 
751ecf6000-751ecf7000 rw-p 00034000 fe:11 124156917                      /system/lib64/liblzma.so
751ecf7000-751ecff000 rw-p 00000000 00:00 0                              [anon:.bss]
751ed09000-751ed3f000 r--p 00000000 fe:11 116848872                      /system/lib64/libcamera_client.so
751ed3f000-751ed41000 ---p 00000000 00:00 0                              [page size compat]
751ed41000-751ed99000 r-xp 00038000 fe:11 116848872                      /system/lib64/libcamera_client.so
751ed99000-751eda7000 r--p 00090000 fe:11 116848872                      /system/lib64/libcamera_client.so
751eda7000-751eda9000 ---p 00000000 00:00 0 
751eda9000-751edaa000 rw-p 000a0000 fe:11 116848872                      /system/lib64/libcamera_client.so
751ee00000-7522600000 ---p 00000000 00:00 0 
7522648000-752264d000 r--p 00000000 fe:11 117051132                      /system/lib64/libdataloader.so
752264d000-7522650000 ---p 00000000 00:00 0                              [page size compat]
7522650000-752265b000 r-xp 00008000 fe:11 117051132                      /system/lib64/libdataloader.so
752265b000-752265c000 ---p 00000000 00:00 0                              [page size compat]
752265c000-752265d000 r--p 00014000 fe:11 117051132                      /system/lib64/libdataloader.so
752265d000-7522660000 ---p 00000000 00:00 0 
7522660000-7522661000 rw-p 00000000 00:00 0                              [anon:.bss]
752268f000-7522691000 r--p 00000000 fe:11 116684392                      /system/lib64/libusbhost.so
7522691000-7522693000 ---p 00000000 00:00 0                              [page size compat]
7522693000-7522696000 r-xp 00004000 fe:11 116684392                      /system/lib64/libusbhost.so
7522696000-7522697000 ---p 00000000 00:00 0                              [page size compat]
7522697000-7522698000 r--p 00008000 fe:11 116684392                      /system/lib64/libusbhost.so
75226cf000-7522726000 r--p 00000000 fe:11 116759656                      /system/lib64/libaudioclient.so
7522726000-7522727000 ---p 00000000 00:00 0                              [page size compat]
7522727000-75227df000 r-xp 00058000 fe:11 116759656                      /system/lib64/libaudioclient.so
75227df000-75227ec000 r--p 00110000 fe:11 116759656                      /system/lib64/libaudioclient.so
75227ec000-75227ef000 ---p 00000000 00:00 0 
75227ef000-75227f0000 rw-p 00120000 fe:11 116759656                      /system/lib64/libaudioclient.so
7522800000-7523000000 ---p 00000000 00:00 0 
7523048000-752304f000 r--p 00000000 fe:11 116761849                      /system/lib64/libstagefright_xmlparser.so
752304f000-7523050000 ---p 00000000 00:00 0                              [page size compat]
7523050000-7523062000 r-xp 00008000 fe:11 116761849                      /system/lib64/libstagefright_xmlparser.so
7523062000-7523064000 ---p 00000000 00:00 0                              [page size compat]
7523064000-7523065000 r--p 0001c000 fe:11 116761849                      /system/lib64/libstagefright_xmlparser.so
7523065000-7523068000 ---p 00000000 00:00 0 
7523068000-7523069000 rw-p 00000000 00:00 0                              [anon:.bss]
752309e000-75230a7000 r--p 00000000 fe:11 116736635                      /system/lib64/android.hardware.graphics.allocator@4.0.so
75230a7000-75230aa000 ---p 00000000 00:00 0                              [page size compat]
75230aa000-75230b1000 r-xp 0000c000 fe:11 116736635                      /system/lib64/android.hardware.graphics.allocator@4.0.so
75230b1000-75230b2000 ---p 00000000 00:00 0                              [page size compat]
75230b2000-75230b4000 r--p 00014000 fe:11 116736635                      /system/lib64/android.hardware.graphics.allocator@4.0.so
75230b4000-75230b6000 ---p 00000000 00:00 0 
75230b6000-75230b7000 rw-p 00018000 fe:11 116736635                      /system/lib64/android.hardware.graphics.allocator@4.0.so
75230e8000-75230f3000 r--p 00000000 fe:12 7264733                        /system_ext/lib64/libjpeg-alpha.so
75230f3000-75230f8000 ---p 00000000 00:00 0 
75230f8000-752314c000 r-xp 00010000 fe:12 7264733                        /system_ext/lib64/libjpeg-alpha.so
752314c000-7523158000 ---p 00000000 00:00 0 
7523158000-7523159000 r--p 00070000 fe:12 7264733                        /system_ext/lib64/libjpeg-alpha.so
7523159000-7523168000 ---p 00000000 00:00 0 
7523168000-7523169000 rw-p 00080000 fe:12 7264733                        /system_ext/lib64/libjpeg-alpha.so
75231a8000-75231a9000 r--p 00000000 fe:11 117022185                      /system/lib64/com.android.media.audioclient-aconfig-cc.so
75231a9000-75231ac000 ---p 00000000 00:00 0                              [page size compat]
75231ac000-75231ae000 r-xp 00004000 fe:11 117022185                      /system/lib64/com.android.media.audioclient-aconfig-cc.so
75231ae000-75231b0000 ---p 00000000 00:00 0                              [page size compat]
75231b0000-75231b1000 r--p 00008000 fe:11 117022185                      /system/lib64/com.android.media.audioclient-aconfig-cc.so
75231b1000-75231b4000 ---p 00000000 00:00 0 
75231b4000-75231b5000 rw-p 00000000 00:00 0                              [anon:.bss]
75231ce000-75231e2000 r--p 00000000 fe:11 116738797                      /system/lib64/android.hardware.drm-V1-ndk.so
75231e2000-75231f7000 r-xp 00014000 fe:11 116738797                      /system/lib64/android.hardware.drm-V1-ndk.so
75231f7000-75231fa000 ---p 00000000 00:00 0                              [page size compat]
75231fa000-75231fc000 r--p 0002c000 fe:11 116738797                      /system/lib64/android.hardware.drm-V1-ndk.so
75231fc000-75231fe000 ---p 00000000 00:00 0 
75231fe000-75231ff000 rw-p 00030000 fe:11 116738797                      /system/lib64/android.hardware.drm-V1-ndk.so
7523219000-752321b000 r--p 00000000 fe:11 117033836                      /system/lib64/libmedia_omx_client.so
752321b000-752321d000 ---p 00000000 00:00 0                              [page size compat]
752321d000-7523220000 r-xp 00004000 fe:11 117033836                      /system/lib64/libmedia_omx_client.so
7523220000-7523221000 ---p 00000000 00:00 0                              [page size compat]
7523221000-7523222000 r--p 00008000 fe:11 117033836                      /system/lib64/libmedia_omx_client.so
7523247000-752324d000 r--p 00000000 fe:11 116840058                      /system/lib64/libpiex.so
752324d000-752324f000 ---p 00000000 00:00 0                              [page size compat]
752324f000-752325f000 r-xp 00008000 fe:11 116840058                      /system/lib64/libpiex.so
752325f000-7523260000 r--p 00018000 fe:11 116840058                      /system/lib64/libpiex.so
7523260000-7523263000 ---p 00000000 00:00 0 
7523263000-7523264000 rw-p 00000000 00:00 0                              [anon:.bss]
752328a000-75232a6000 r--p 00000000 fe:12 7264667                        /system_ext/lib64/libgpud_sys.so
75232a6000-75232aa000 ---p 00000000 00:00 0                              [page size compat]
75232aa000-75232d7000 r-xp 00020000 fe:12 7264667                        /system_ext/lib64/libgpud_sys.so
75232d7000-75232da000 ---p 00000000 00:00 0                              [page size compat]
75232da000-75232db000 r--p 00050000 fe:12 7264667                        /system_ext/lib64/libgpud_sys.so
75232db000-75232ea000 ---p 00000000 00:00 0 
75232ea000-75232ec000 rw-p 00000000 00:00 0                              [anon:.bss]
752330a000-7523310000 r--p 00000000 fe:11 116689771                      /system/lib64/libmediametrics.so
7523310000-7523312000 ---p 00000000 00:00 0                              [page size compat]
7523312000-752331e000 r-xp 00008000 fe:11 116689771                      /system/lib64/libmediametrics.so
752331e000-752331f000 r--p 00014000 fe:11 116689771                      /system/lib64/libmediametrics.so
752331f000-7523322000 ---p 00000000 00:00 0 
7523322000-7523323000 rw-p 00018000 fe:11 116689771                      /system/lib64/libmediametrics.so
7523340000-7523347000 r--p 00000000 fe:12 7267142                        /system_ext/lib64/vendor.mediatek.hardware.mbrain-V2-ndk.so
7523347000-7523348000 ---p 00000000 00:00 0                              [page size compat]
7523348000-752334e000 r-xp 00008000 fe:12 7267142                        /system_ext/lib64/vendor.mediatek.hardware.mbrain-V2-ndk.so
752334e000-7523350000 ---p 00000000 00:00 0                              [page size compat]
7523350000-7523351000 r--p 00010000 fe:12 7267142                        /system_ext/lib64/vendor.mediatek.hardware.mbrain-V2-ndk.so
7523351000-7523354000 ---p 00000000 00:00 0 
7523354000-7523355000 rw-p 00014000 fe:12 7267142                        /system_ext/lib64/vendor.mediatek.hardware.mbrain-V2-ndk.so
752338a000-752339c000 r--p 00000000 fe:11 117033830                      /system/lib64/libmedia_omx.so
752339c000-752339e000 ---p 00000000 00:00 0                              [page size compat]
752339e000-75233b6000 r-xp 00014000 fe:11 117033830                      /system/lib64/libmedia_omx.so
75233b6000-75233bd000 r--p 0002c000 fe:11 117033830                      /system/lib64/libmedia_omx.so
75233bd000-75233be000 ---p 00000000 00:00 0 
75233be000-75233bf000 rw-p 00034000 fe:11 117033830                      /system/lib64/libmedia_omx.so
75233d5000-75233da000 r--p 00000000 fe:11 116754937                      /system/lib64/android.hardware.memtrack-V1-ndk.so
75233da000-75233dd000 ---p 00000000 00:00 0                              [page size compat]
75233dd000-75233e0000 r-xp 00008000 fe:11 116754937                      /system/lib64/android.hardware.memtrack-V1-ndk.so
75233e0000-75233e1000 ---p 00000000 00:00 0                              [page size compat]
75233e1000-75233e2000 r--p 0000c000 fe:11 116754937                      /system/lib64/android.hardware.memtrack-V1-ndk.so
75233e2000-75233e5000 ---p 00000000 00:00 0 
75233e5000-75233e6000 rw-p 00010000 fe:11 116754937                      /system/lib64/android.hardware.memtrack-V1-ndk.so
7523408000-7523413000 r--p 00000000 fe:11 117022953                      /system/lib64/android.hardware.graphics.mapper@2.1.so
7523413000-7523414000 ---p 00000000 00:00 0                              [page size compat]
7523414000-752341d000 r-xp 0000c000 fe:11 117022953                      /system/lib64/android.hardware.graphics.mapper@2.1.so
752341d000-7523420000 ---p 00000000 00:00 0                              [page size compat]
7523420000-7523422000 r--p 00018000 fe:11 117022953                      /system/lib64/android.hardware.graphics.mapper@2.1.so
7523422000-7523424000 ---p 00000000 00:00 0 
7523424000-7523425000 rw-p 0001c000 fe:11 117022953                      /system/lib64/android.hardware.graphics.mapper@2.1.so
7523457000-7523459000 r--p 00000000 fe:11 117040765                      /system/lib64/libshmemcompat.so
7523459000-752345b000 ---p 00000000 00:00 0                              [page size compat]
752345b000-752345d000 r-xp 00004000 fe:11 117040765                      /system/lib64/libshmemcompat.so
752345d000-752345f000 ---p 00000000 00:00 0                              [page size compat]
752345f000-7523460000 r--p 00008000 fe:11 117040765                      /system/lib64/libshmemcompat.so
7523499000-75234a2000 r--p 00000000 fe:11 116689766                      /system/lib64/libmediadrmmetrics_lite.so
75234a2000-75234a5000 ---p 00000000 00:00 0                              [page size compat]
75234a5000-75234b1000 r-xp 0000c000 fe:11 116689766                      /system/lib64/libmediadrmmetrics_lite.so
75234b1000-75234b2000 r--p 00018000 fe:11 116689766                      /system/lib64/libmediadrmmetrics_lite.so
75234b2000-75234b5000 ---p 00000000 00:00 0 
75234b5000-75234b6000 rw-p 0001c000 fe:11 116689766                      /system/lib64/libmediadrmmetrics_lite.so
75234cf000-75234ea000 r--p 00000000 fe:11 124152689                      /system/lib64/libprocessgroup.so
75234ea000-75234eb000 ---p 00000000 00:00 0                              [page size compat]
75234eb000-7523525000 r-xp 0001c000 fe:11 124152689                      /system/lib64/libprocessgroup.so
7523525000-7523527000 ---p 00000000 00:00 0                              [page size compat]
7523527000-7523529000 r--p 00058000 fe:11 124152689                      /system/lib64/libprocessgroup.so
7523529000-752352b000 ---p 00000000 00:00 0 
752352b000-752352c000 rw-p 00000000 00:00 0                              [anon:.bss]
752356e000-7523570000 r--p 00000000 fe:11 116698090                      /system/lib64/libmemtrack.so
7523570000-7523572000 ---p 00000000 00:00 0                              [page size compat]
7523572000-7523574000 r-xp 00004000 fe:11 116698090                      /system/lib64/libmemtrack.so
7523574000-7523576000 ---p 00000000 00:00 0                              [page size compat]
7523576000-7523577000 r--p 00008000 fe:11 116698090                      /system/lib64/libmemtrack.so
7523577000-752357a000 ---p 00000000 00:00 0 
752357a000-752357b000 rw-p 00000000 00:00 0                              [anon:.bss]
75235ae000-75235c0000 r--p 00000000 fe:11 124158056                      /system/lib64/libaudiofoundation.so
75235c0000-75235c2000 ---p 00000000 00:00 0                              [page size compat]
75235c2000-75235f4000 r-xp 00014000 fe:11 124158056                      /system/lib64/libaudiofoundation.so
75235f4000-75235f6000 ---p 00000000 00:00 0                              [page size compat]
75235f6000-75235f8000 r--p 00048000 fe:11 124158056                      /system/lib64/libaudiofoundation.so
75235f8000-75235fa000 ---p 00000000 00:00 0 
75235fa000-75235fb000 rw-p 00000000 00:00 0                              [anon:.bss]
7523606000-7523620000 r--p 00000000 fe:11 116748660                      /system/lib64/libwilhelm.so
7523620000-7523622000 ---p 00000000 00:00 0                              [page size compat]
7523622000-7523645000 r-xp 0001c000 fe:11 116748660                      /system/lib64/libwilhelm.so
7523645000-7523646000 ---p 00000000 00:00 0                              [page size compat]
7523646000-752364b000 r--p 00040000 fe:11 116748660                      /system/lib64/libwilhelm.so
752364b000-752364e000 ---p 00000000 00:00 0 
752364e000-752364f000 rw-p 00000000 00:00 0                              [anon:.bss]
7523685000-7523689000 r--p 00000000 fe:12 7264727                        /system_ext/lib64/libjpeg-alpha-oal.so
7523689000-7523695000 ---p 00000000 00:00 0 
7523695000-7523698000 r-xp 00010000 fe:12 7264727                        /system_ext/lib64/libjpeg-alpha-oal.so
7523698000-75236a5000 ---p 00000000 00:00 0 
75236a5000-75236a6000 r--p 00020000 fe:12 7264727                        /system_ext/lib64/libjpeg-alpha-oal.so
75236a6000-75236b5000 ---p 00000000 00:00 0 
75236b5000-75236b6000 rw-p 00030000 fe:12 7264727                        /system_ext/lib64/libjpeg-alpha-oal.so
75236e9000-75236ee000 r--p 00000000 fe:12 7266932                        /system_ext/lib64/libsf_cpupolicy.so
75236ee000-75236f1000 ---p 00000000 00:00 0                              [page size compat]
75236f1000-75236f8000 r-xp 00008000 fe:12 7266932                        /system_ext/lib64/libsf_cpupolicy.so
75236f8000-75236f9000 ---p 00000000 00:00 0                              [page size compat]
75236f9000-75236fa000 r--p 00010000 fe:12 7266932                        /system_ext/lib64/libsf_cpupolicy.so
75236fa000-75236fd000 ---p 00000000 00:00 0 
75236fd000-75236fe000 rw-p 00014000 fe:12 7266932                        /system_ext/lib64/libsf_cpupolicy.so
7523708000-752370b000 r--p 00000000 fe:11 116763632                      /system/lib64/audiopolicy-types-aidl-cpp.so
752370b000-752370c000 ---p 00000000 00:00 0                              [page size compat]
752370c000-7523711000 r-xp 00004000 fe:11 116763632                      /system/lib64/audiopolicy-types-aidl-cpp.so
7523711000-7523714000 ---p 00000000 00:00 0                              [page size compat]
7523714000-7523715000 r--p 0000c000 fe:11 116763632                      /system/lib64/audiopolicy-types-aidl-cpp.so
7523758000-7523759000 r--p 00000000 fe:11 116755956                      /system/lib64/libstagefright_http_support.so
7523759000-752375c000 ---p 00000000 00:00 0                              [page size compat]
752375c000-752375e000 r-xp 00004000 fe:11 116755956                      /system/lib64/libstagefright_http_support.so
752375e000-7523760000 ---p 00000000 00:00 0                              [page size compat]
7523760000-7523761000 r--p 00008000 fe:11 116755956                      /system/lib64/libstagefright_http_support.so
752379e000-75237a6000 r--p 00000000 fe:11 116844024                      /system/lib64/libz.so
75237a6000-75237b8000 r-xp 00008000 fe:11 116844024                      /system/lib64/libz.so
75237b8000-75237ba000 ---p 00000000 00:00 0                              [page size compat]
75237ba000-75237bb000 r--p 0001c000 fe:11 116844024                      /system/lib64/libz.so
75237bb000-75237be000 ---p 00000000 00:00 0 
75237be000-75237bf000 rw-p 00000000 00:00 0                              [anon:.bss]
75237c5000-75237d5000 r--p 00000000 fe:11 116744314                      /system/lib64/libbinder_ndk.so
75237d5000-75237e7000 r-xp 00010000 fe:11 116744314                      /system/lib64/libbinder_ndk.so
75237e7000-75237e9000 ---p 00000000 00:00 0                              [page size compat]
75237e9000-75237eb000 r--p 00024000 fe:11 116744314                      /system/lib64/libbinder_ndk.so
75237eb000-75237ed000 ---p 00000000 00:00 0 
75237ed000-75237ee000 rw-p 00000000 00:00 0                              [anon:.bss]
7523828000-752382c000 r--p 00000000 fe:11 116521708                      /system/lib64/libbpf_minimal.so
752382c000-7523834000 r-xp 00004000 fe:11 116521708                      /system/lib64/libbpf_minimal.so
7523834000-7523835000 r--p 0000c000 fe:11 116521708                      /system/lib64/libbpf_minimal.so
7523835000-7523838000 ---p 00000000 00:00 0 
7523838000-7523839000 rw-p 00010000 fe:11 116521708                      /system/lib64/libbpf_minimal.so
7523854000-75238bf000 r--p 00000000 fe:11 124139237                      /system/lib64/libdng_sdk.so
75238bf000-75238c0000 ---p 00000000 00:00 0                              [page size compat]
75238c0000-75239b3000 r-xp 0006c000 fe:11 124139237                      /system/lib64/libdng_sdk.so
75239b3000-75239b4000 ---p 00000000 00:00 0                              [page size compat]
75239b4000-75239bc000 r--p 00160000 fe:11 124139237                      /system/lib64/libdng_sdk.so
75239bc000-75239cc000 rw-p 00168000 fe:11 124139237                      /system/lib64/libdng_sdk.so
75239cc000-75239ce000 rw-p 00000000 00:00 0                              [anon:.bss]
7523a00000-7526e00000 ---p 00000000 00:00 0 
7526e49000-7526e52000 r--p 00000000 fe:11 116910972                      /system/lib64/android.hardware.graphics.allocator@2.0.so
7526e52000-7526e55000 ---p 00000000 00:00 0                              [page size compat]
7526e55000-7526e5d000 r-xp 0000c000 fe:11 116910972                      /system/lib64/android.hardware.graphics.allocator@2.0.so
7526e5d000-7526e5f000 r--p 00014000 fe:11 116910972                      /system/lib64/android.hardware.graphics.allocator@2.0.so
7526e5f000-7526e61000 ---p 00000000 00:00 0 
7526e61000-7526e62000 rw-p 00018000 fe:11 116910972                      /system/lib64/android.hardware.graphics.allocator@2.0.so
7526ea7000-75270c3000 r--p 00000000 fe:11 138886528                      /system/lib64/libpdfium.so
75270c3000-7527379000 r-xp 0021c000 fe:11 138886528                      /system/lib64/libpdfium.so
7527379000-752737b000 ---p 00000000 00:00 0                              [page size compat]
752737b000-752738e000 r--p 004d4000 fe:11 138886528                      /system/lib64/libpdfium.so
752738e000-752738f000 ---p 00000000 00:00 0 
752738f000-7527392000 rw-p 004e8000 fe:11 138886528                      /system/lib64/libpdfium.so
7527392000-7527394000 rw-p 00000000 00:00 0                              [anon:.bss]
7527397000-7527400000 rw-p 00000000 00:00 0                              [anon:scudo:secondary]
7527400000-752a200000 ---p 00000000 00:00 0 
752a24f000-752a25c000 r--p 00000000 fe:11 117034096                      /system/lib64/libsensor.so
752a25c000-752a25f000 ---p 00000000 00:00 0                              [page size compat]
752a25f000-752a26a000 r-xp 00010000 fe:11 117034096                      /system/lib64/libsensor.so
752a26a000-752a26b000 ---p 00000000 00:00 0                              [page size compat]
752a26b000-752a26f000 r--p 0001c000 fe:11 117034096                      /system/lib64/libsensor.so
752a26f000-752a270000 rw-p 00020000 fe:11 117034096                      /system/lib64/libsensor.so
752a29c000-752a29d000 r--p 00000000 fe:11 116697457                      /system/lib64/android.hardware.common.fmq-V1-cpp.so
752a29d000-752a2a0000 ---p 00000000 00:00 0                              [page size compat]
752a2a0000-752a2a1000 r-xp 00004000 fe:11 116697457                      /system/lib64/android.hardware.common.fmq-V1-cpp.so
752a2a1000-752a2a4000 ---p 00000000 00:00 0                              [page size compat]
752a2a4000-752a2a5000 r--p 00008000 fe:11 116697457                      /system/lib64/android.hardware.common.fmq-V1-cpp.so
752a2cb000-752a2d8000 r--p 00000000 fe:11 116698098                      /system/lib64/libmemunreachable.so
752a2d8000-752a2db000 ---p 00000000 00:00 0                              [page size compat]
752a2db000-752a304000 r-xp 00010000 fe:11 116698098                      /system/lib64/libmemunreachable.so
752a304000-752a307000 ---p 00000000 00:00 0                              [page size compat]
752a307000-752a30b000 r--p 0003c000 fe:11 116698098                      /system/lib64/libmemunreachable.so
752a30b000-752a30c000 rw-p 00040000 fe:11 116698098                      /system/lib64/libmemunreachable.so
752a356000-752a369000 r--p 00000000 fe:11 116421608                      /system/lib64/libclang_rt.ubsan_standalone-aarch64-android.so
752a369000-752a36c000 ---p 00000000 00:00 0 
752a36c000-752a38a000 r-xp 00012000 fe:11 116421608                      /system/lib64/libclang_rt.ubsan_standalone-aarch64-android.so
752a38a000-752a38d000 ---p 00000000 00:00 0 
752a38d000-752a38f000 r--p 0002f000 fe:11 116421608                      /system/lib64/libclang_rt.ubsan_standalone-aarch64-android.so
752a38f000-752a392000 ---p 00000000 00:00 0 
752a392000-752a395000 rw-p 00030000 fe:11 116421608                      /system/lib64/libclang_rt.ubsan_standalone-aarch64-android.so
752a395000-752a5b7000 rw-p 00000000 00:00 0                              [anon:.bss]
752a600000-752e200000 ---p 00000000 00:00 0 
752e253000-752e262000 r--p 00000000 fe:11 117021559                      /system/lib64/media_quality_aidl_interface-cpp.so
752e262000-752e263000 ---p 00000000 00:00 0                              [page size compat]
752e263000-752e272000 r-xp 00010000 fe:11 117021559                      /system/lib64/media_quality_aidl_interface-cpp.so
752e272000-752e273000 ---p 00000000 00:00 0                              [page size compat]
752e273000-752e278000 r--p 00020000 fe:11 117021559                      /system/lib64/media_quality_aidl_interface-cpp.so
752e278000-752e27b000 ---p 00000000 00:00 0 
752e27b000-752e27c000 rw-p 00028000 fe:11 117021559                      /system/lib64/media_quality_aidl_interface-cpp.so
752e29a000-752e35f000 r--p 00000000 fe:11 132289355                      /system/lib64/libinput.so
752e35f000-752e362000 ---p 00000000 00:00 0                              [page size compat]
752e362000-752e4d7000 r-xp 000c8000 fe:11 132289355                      /system/lib64/libinput.so
752e4d7000-752e4da000 ---p 00000000 00:00 0                              [page size compat]
752e4da000-752e50a000 r--p 00240000 fe:11 132289355                      /system/lib64/libinput.so
752e50a000-752e50e000 rw-p 00270000 fe:11 132289355                      /system/lib64/libinput.so
752e547000-752e56c000 r--p 00000000 fe:11 116737000                      /system/lib64/libui.so
752e56c000-752e56f000 ---p 00000000 00:00 0                              [page size compat]
752e56f000-752e5ae000 r-xp 00028000 fe:11 116737000                      /system/lib64/libui.so
752e5ae000-752e5af000 ---p 00000000 00:00 0                              [page size compat]
752e5af000-752e5b2000 r--p 00068000 fe:11 116737000                      /system/lib64/libui.so
752e5b2000-752e5b3000 ---p 00000000 00:00 0 
752e5b3000-752e5b5000 rw-p 00000000 00:00 0                              [anon:.bss]
752e5cd000-752e5d2000 r--p 00000000 fe:11 116736891                      /system/lib64/libtracing_perfetto.so
752e5d2000-752e5d5000 ---p 00000000 00:00 0                              [page size compat]
752e5d5000-752e5d9000 r-xp 00008000 fe:11 116736891                      /system/lib64/libtracing_perfetto.so
752e5d9000-752e5da000 r--p 0000c000 fe:11 116736891                      /system/lib64/libtracing_perfetto.so
752e5da000-752e5dd000 ---p 00000000 00:00 0 
752e5dd000-752e5de000 rw-p 00010000 fe:11 116736891                      /system/lib64/libtracing_perfetto.so
752e600000-752f600000 ---p 00000000 00:00 0 
752f603000-752f661000 rw-p 00000000 00:00 0                              [anon:scudo:secondary]
752f661000-752f6dd000 r--p 00000000 fe:3a 61                             /apex/com.android.art/lib64/libc++.so
752f6dd000-752f6e0000 ---p 00000000 00:00 0 
752f6e0000-752f775000 --xp 0007b000 fe:3a 61                             /apex/com.android.art/lib64/libc++.so
752f775000-752f778000 ---p 00000000 00:00 0 
752f778000-752f780000 r--p 0010f000 fe:3a 61                             /apex/com.android.art/lib64/libc++.so
752f780000-752f781000 r--p 00000000 00:00 0                              [anon:.bss]
752f781000-752f783000 ---p 00000000 00:00 0 
752f783000-752f784000 rw-p 00116000 fe:3a 61                             /apex/com.android.art/lib64/libc++.so
752f784000-752f78c000 rw-p 00000000 00:00 0                              [anon:.bss]
752f791000-752f800000 rw-p 00000000 00:00 0                              [anon:scudo:secondary]
752f800000-7530a00000 ---p 00000000 00:00 0 
7530a41000-7530a4b000 r--p 00000000 fe:12 7267158                        /system_ext/lib64/vendor.mediatek.hardware.mms@1.0.so
7530a4b000-7530a4d000 ---p 00000000 00:00 0                              [page size compat]
7530a4d000-7530a57000 r-xp 0000c000 fe:12 7267158                        /system_ext/lib64/vendor.mediatek.hardware.mms@1.0.so
7530a57000-7530a59000 ---p 00000000 00:00 0                              [page size compat]
7530a59000-7530a5b000 r--p 00018000 fe:12 7267158                        /system_ext/lib64/vendor.mediatek.hardware.mms@1.0.so
7530a5b000-7530a5d000 ---p 00000000 00:00 0 
7530a5d000-7530a5e000 rw-p 0001c000 fe:12 7267158                        /system_ext/lib64/vendor.mediatek.hardware.mms@1.0.so
7530a68000-7530a9f000 rw-p 00000000 00:00 0                              [anon:scudo:secondary]
7530a9f000-7530aa4000 r--p 00000000 07:78 23                             /apex/com.android.i18n/lib64/libandroidicu.so
7530aa4000-7530aa7000 ---p 00000000 00:00 0                              [page size compat]
7530aa7000-7530aa8000 r-xp 00008000 07:78 23                             /apex/com.android.i18n/lib64/libandroidicu.so
7530aa8000-7530aab000 ---p 00000000 00:00 0                              [page size compat]
7530aab000-7530aac000 r--p 0000c000 07:78 23                             /apex/com.android.i18n/lib64/libandroidicu.so
7530ac5000-7530afc000 rw-p 00000000 00:00 0                              [anon:scudo:secondary]
7530afc000-7530b22000 r--p 00000000 fe:11 117040752                      /system/lib64/libsfplugin_ccodec_utils.so
7530b22000-7530b24000 ---p 00000000 00:00 0                              [page size compat]
7530b24000-7530b90000 r-xp 00028000 fe:11 117040752                      /system/lib64/libsfplugin_ccodec_utils.so
7530b90000-7530b93000 r--p 00094000 fe:11 117040752                      /system/lib64/libsfplugin_ccodec_utils.so
7530b93000-7530b94000 ---p 00000000 00:00 0 
7530b94000-7530b95000 rw-p 00000000 00:00 0                              [anon:.bss]
7530b97000-7530c00000 rw-p 00000000 00:00 0                              [anon:scudo:secondary]
7530c00000-7534400000 ---p 00000000 00:00 0 
7534400000-7534461000 rw-p 00000000 00:00 0                              [anon:scudo:secondary]
7534461000-75344a2000 r--p 00000000 fe:11 117021288                      /system/lib64/libandroidfw.so
75344a2000-75344a5000 ---p 00000000 00:00 0                              [page size compat]
75344a5000-7534594000 r-xp 00044000 fe:11 117021288                      /system/lib64/libandroidfw.so
7534594000-7534595000 ---p 00000000 00:00 0                              [page size compat]
7534595000-7534598000 r--p 00134000 fe:11 117021288                      /system/lib64/libandroidfw.so
7534598000-7534599000 ---p 00000000 00:00 0 
7534599000-753459a000 rw-p 00138000 fe:11 117021288                      /system/lib64/libandroidfw.so
75345a1000-7534600000 rw-p 00000000 00:00 0                              [anon:scudo:secondary]
7534600000-7536e00000 ---p 00000000 00:00 0 
7536e0f000-7536e59000 rw-p 00000000 00:00 0                              [anon:scudo:secondary]
7536e59000-7536e9b000 r--p 00000000 fe:11 116759016                      /system/lib64/libbinder.so
7536e9b000-7536e9d000 ---p 00000000 00:00 0                              [page size compat]
7536e9d000-7536f00000 r-xp 00044000 fe:11 116759016                      /system/lib64/libbinder.so
7536f00000-7536f01000 ---p 00000000 00:00 0                              [page size compat]
7536f01000-7536f10000 r--p 000a8000 fe:11 116759016                      /system/lib64/libbinder.so
7536f10000-7536f11000 ---p 00000000 00:00 0 
7536f11000-7536f12000 rw-p 000b8000 fe:11 116759016                      /system/lib64/libbinder.so
7536f1c000-7536f45000 rw-p 00000000 00:00 0                              [anon:scudo:secondary]
7536f45000-7536f47000 r--p 00000000 fe:11 116420092                      /system/lib64/libfmq.so
7536f47000-7536f49000 ---p 00000000 00:00 0                              [page size compat]
7536f49000-7536f4a000 r-xp 00004000 fe:11 116420092                      /system/lib64/libfmq.so
7536f4a000-7536f4d000 ---p 00000000 00:00 0                              [page size compat]
7536f4d000-7536f4e000 r--p 00008000 fe:11 116420092                      /system/lib64/libfmq.so
7536f58000-7536faa000 rw-p 00000000 00:00 0                              [anon:scudo:secondary]
7536faa000-7536fc1000 r--p 00000000 fe:11 124146807                      /system/lib64/android.hardware.cas@1.0.so
7536fc1000-7536fc2000 ---p 00000000 00:00 0                              [page size compat]
7536fc2000-7536fe0000 r-xp 00018000 fe:11 124146807                      /system/lib64/android.hardware.cas@1.0.so
7536fe0000-7536fe2000 ---p 00000000 00:00 0                              [page size compat]
7536fe2000-7536fe7000 r--p 00038000 fe:11 124146807                      /system/lib64/android.hardware.cas@1.0.so
7536fe7000-7536fea000 ---p 00000000 00:00 0 
7536fea000-7536feb000 rw-p 00040000 fe:11 124146807                      /system/lib64/android.hardware.cas@1.0.so
7537000000-7539c00000 ---p 00000000 00:00 0 
7539c00000-7539c45000 rw-p 00000000 00:00 0                              [anon:scudo:secondary]
7539c45000-7539c47000 r--p 00000000 fe:11 116688381                      /system/lib64/libmedia_jni_utils.so
7539c47000-7539c49000 ---p 00000000 00:00 0                              [page size compat]
7539c49000-7539c4b000 r-xp 00004000 fe:11 116688381                      /system/lib64/libmedia_jni_utils.so
7539c4b000-7539c4d000 ---p 00000000 00:00 0                              [page size compat]
7539c4d000-7539c4e000 r--p 00008000 fe:11 116688381                      /system/lib64/libmedia_jni_utils.so
7539c54000-7539ca8000 rw-p 00000000 00:00 0                              [anon:scudo:secondary]
7539ca8000-7539cd7000 r--p 00000000 fe:11 116760812                      /system/lib64/libunwindstack.so
7539cd7000-7539cd8000 ---p 00000000 00:00 0                              [page size compat]
7539cd8000-7539d50000 r-xp 00030000 fe:11 116760812                      /system/lib64/libunwindstack.so
7539d50000-7539d58000 r--p 000a8000 fe:11 116760812                      /system/lib64/libunwindstack.so
7539d58000-7539d59000 rw-p 000b0000 fe:11 116760812                      /system/lib64/libunwindstack.so
7539d62000-7539dcb000 rw-p 00000000 00:00 0                              [anon:scudo:secondary]
7539dcb000-7539dd9000 r--p 00000000 fe:11 117022963                      /system/lib64/android.hardware.graphics.mapper@4.0.so
7539dd9000-7539ddb000 ---p 00000000 00:00 0                              [page size compat]
7539ddb000-7539de9000 r-xp 00010000 fe:11 117022963                      /system/lib64/android.hardware.graphics.mapper@4.0.so
7539de9000-7539deb000 ---p 00000000 00:00 0                              [page size compat]
7539deb000-7539ded000 r--p 00020000 fe:11 117022963                      /system/lib64/android.hardware.graphics.mapper@4.0.so
7539ded000-7539def000 ---p 00000000 00:00 0 
7539def000-7539df0000 rw-p 00024000 fe:11 117022963                      /system/lib64/android.hardware.graphics.mapper@4.0.so
7539e00000-753be00000 ---p 00000000 00:00 0 
753be01000-753be6a000 rw-p 00000000 00:00 0                              [anon:scudo:secondary]
753be6a000-753be6b000 r--p 00000000 fe:11 116182776                      /system/lib64/libshmemutil.so
753be6b000-753be6e000 ---p 00000000 00:00 0                              [page size compat]
753be6e000-753be70000 r-xp 00004000 fe:11 116182776                      /system/lib64/libshmemutil.so
753be70000-753be72000 ---p 00000000 00:00 0                              [page size compat]
753be72000-753be73000 r--p 00008000 fe:11 116182776                      /system/lib64/libshmemutil.so
753be73000-753beb4000 rw-p 00000000 00:00 0                              [anon:scudo:secondary]
753beb4000-753bf81000 r--p 00000000 fe:11 138886706                      /system/lib64/libstagefright.so
753bf81000-753bf84000 ---p 00000000 00:00 0                              [page size compat]
753bf84000-753c14a000 r-xp 000d0000 fe:11 138886706                      /system/lib64/libstagefright.so
753c14a000-753c14c000 ---p 00000000 00:00 0                              [page size compat]
753c14c000-753c15d000 r--p 00298000 fe:11 138886706                      /system/lib64/libstagefright.so
753c15d000-753c160000 ---p 00000000 00:00 0 
753c160000-753c161000 rw-p 002ac000 fe:11 138886706                      /system/lib64/libstagefright.so
753c161000-753c162000 rw-p 00000000 00:00 0                              [anon:.bss]
753c167000-753c1c0000 rw-p 00000000 00:00 0                              [anon:scudo:secondary]
753c1c0000-753c1c9000 r--p 00000000 fe:11 116922211                      /system/lib64/spatializer-aidl-cpp.so
753c1c9000-753c1cc000 ---p 00000000 00:00 0                              [page size compat]
753c1cc000-753c1d8000 r-xp 0000c000 fe:11 116922211                      /system/lib64/spatializer-aidl-cpp.so
753c1d8000-753c1db000 r--p 00018000 fe:11 116922211                      /system/lib64/spatializer-aidl-cpp.so
753c1db000-753c1dc000 ---p 00000000 00:00 0 
753c1dc000-753c1dd000 rw-p 0001c000 fe:11 116922211                      /system/lib64/spatializer-aidl-cpp.so
753c200000-753e600000 ---p 00000000 00:00 0 
753e609000-753e640000 rw-p 00000000 00:00 0                              [anon:scudo:secondary]
753e640000-753e653000 r--p 00000000 fe:11 117034234                      /system/lib64/android.hardware.graphics.bufferqueue@2.0.so
753e653000-753e654000 ---p 00000000 00:00 0                              [page size compat]
753e654000-753e66a000 r-xp 00014000 fe:11 117034234                      /system/lib64/android.hardware.graphics.bufferqueue@2.0.so
753e66a000-753e66c000 ---p 00000000 00:00 0                              [page size compat]
753e66c000-753e670000 r--p 0002c000 fe:11 117034234                      /system/lib64/android.hardware.graphics.bufferqueue@2.0.so
753e670000-753e671000 rw-p 00030000 fe:11 117034234                      /system/lib64/android.hardware.graphics.bufferqueue@2.0.so
753e68c000-753e6af000 r--p 00000000 fe:11 117021539                      /system/lib64/libyuv.so
753e6af000-753e6b0000 ---p 00000000 00:00 0                              [page size compat]
753e6b0000-753e71b000 r-xp 00024000 fe:11 117021539                      /system/lib64/libyuv.so
753e71b000-753e71c000 ---p 00000000 00:00 0                              [page size compat]
753e71c000-753e71e000 r--p 00090000 fe:11 117021539                      /system/lib64/libyuv.so
753e71e000-753e720000 ---p 00000000 00:00 0 
753e720000-753e721000 rw-p 00094000 fe:11 117021539                      /system/lib64/libyuv.so
753e729000-753e792000 rw-p 00000000 00:00 0                              [anon:scudo:secondary]
753e792000-753e794000 r--p 00000000 fe:11 116823922                      /system/lib64/aconfig_text_flags_c_lib.so
753e794000-753e796000 ---p 00000000 00:00 0                              [page size compat]
753e796000-753e797000 r-xp 00004000 fe:11 116823922                      /system/lib64/aconfig_text_flags_c_lib.so
753e797000-753e79a000 ---p 00000000 00:00 0                              [page size compat]
753e79a000-753e79b000 r--p 00008000 fe:11 116823922                      /system/lib64/aconfig_text_flags_c_lib.so
753e79b000-753e79e000 ---p 00000000 00:00 0 
753e79e000-753e79f000 rw-p 00000000 00:00 0                              [anon:.bss]
753e7af000-753e7d0000 rw-p 00000000 00:00 0                              [anon:scudo:secondary]
753e7d0000-753e7d2000 r--p 00000000 fe:11 116849403                      /system/lib64/android.hidl.token@1.0-utils.so
753e7d2000-753e7d4000 ---p 00000000 00:00 0                              [page size compat]
753e7d4000-753e7d5000 r-xp 00004000 fe:11 116849403                      /system/lib64/android.hidl.token@1.0-utils.so
753e7d5000-753e7d8000 ---p 00000000 00:00 0                              [page size compat]
753e7d8000-753e7d9000 r--p 00008000 fe:11 116849403                      /system/lib64/android.hidl.token@1.0-utils.so
753e7d9000-753e7dc000 ---p 00000000 00:00 0 
753e7dc000-753e7dd000 rw-p 00000000 00:00 0                              [anon:.bss]
753e7e5000-753e800000 rw-p 00000000 00:00 0                              [anon:scudo:secondary]
753e800000-7541600000 ---p 00000000 00:00 0 
7541617000-7541661000 rw-p 00000000 00:00 0                              [anon:scudo:secondary]
7541661000-7541662000 r--p 00000000 fe:11 116743421                      /system/lib64/libhidlallocatorutils.so
7541662000-7541665000 ---p 00000000 00:00 0                              [page size compat]
7541665000-7541666000 r-xp 00004000 fe:11 116743421                      /system/lib64/libhidlallocatorutils.so
7541666000-7541669000 ---p 00000000 00:00 0                              [page size compat]
7541669000-754166a000 r--p 00008000 fe:11 116743421                      /system/lib64/libhidlallocatorutils.so
7541683000-7541846000 r--p 00000000 fe:11 138886016                      /system/lib64/libhwui.so
7541846000-7541883000 ---p 00000000 00:00 0 
7541883000-7541f61000 r-xp 00200000 fe:11 138886016                      /system/lib64/libhwui.so
7541f61000-7542083000 ---p 00000000 00:00 0 
7542083000-75420b7000 r--p 00a00000 fe:11 138886016                      /system/lib64/libhwui.so
75420b7000-7542283000 ---p 00000000 00:00 0 
7542283000-7542285000 rw-p 00c00000 fe:11 138886016                      /system/lib64/libhwui.so
7542285000-754228f000 rw-p 00000000 00:00 0                              [anon:.bss]
7542292000-754230b000 r--p 00000000 fe:11 116742004                      /system/framework/org.apache.http.legacy.jar
754230b000-754230c000 r--p 00000000 fe:11 138885493                      /system/lib64/libion.so
754230c000-754230f000 ---p 00000000 00:00 0                              [page size compat]
754230f000-7542310000 r-xp 00004000 fe:11 138885493                      /system/lib64/libion.so
7542310000-7542313000 ---p 00000000 00:00 0                              [page size compat]
7542313000-7542314000 r--p 00008000 fe:11 138885493                      /system/lib64/libion.so
7542314000-7542317000 ---p 00000000 00:00 0 
7542317000-7542318000 rw-p 00000000 00:00 0                              [anon:.bss]
754231f000-754235b000 rw-p 00000000 00:00 0                              [anon:scudo:secondary]
754235b000-7542363000 r--p 00000000 fe:11 116696692                      /system/lib64/graphicbuffersource-aidl-ndk.so
7542363000-754236e000 r-xp 00008000 fe:11 116696692                      /system/lib64/graphicbuffersource-aidl-ndk.so
754236e000-754236f000 ---p 00000000 00:00 0                              [page size compat]
754236f000-7542370000 r--p 00014000 fe:11 116696692                      /system/lib64/graphicbuffersource-aidl-ndk.so
7542370000-7542373000 ---p 00000000 00:00 0 
7542373000-7542374000 rw-p 00018000 fe:11 116696692                      /system/lib64/graphicbuffersource-aidl-ndk.so
7542384000-7542392000 r--p 00000000 fe:11 116695543                      /system/lib64/libincfs.so
7542392000-7542394000 ---p 00000000 00:00 0                              [page size compat]
7542394000-75423b2000 r-xp 00010000 fe:11 116695543                      /system/lib64/libincfs.so
75423b2000-75423b4000 ---p 00000000 00:00 0                              [page size compat]
75423b4000-75423b5000 r--p 00030000 fe:11 116695543                      /system/lib64/libincfs.so
75423b5000-75423b8000 ---p 00000000 00:00 0 
75423b8000-75423b9000 rw-p 00034000 fe:11 116695543                      /system/lib64/libincfs.so
75423ca000-75423cc000 r--p 00000000 fe:12 7264676                        /system_ext/lib64/libgralloc_extra_sys.so
75423cc000-75423ce000 ---p 00000000 00:00 0                              [page size compat]
75423ce000-75423d0000 r-xp 00004000 fe:12 7264676                        /system_ext/lib64/libgralloc_extra_sys.so
75423d0000-75423d2000 ---p 00000000 00:00 0                              [page size compat]
75423d2000-75423d3000 r--p 00008000 fe:12 7264676                        /system_ext/lib64/libgralloc_extra_sys.so
75423d3000-75423d6000 ---p 00000000 00:00 0 
75423d6000-75423d7000 rw-p 0000c000 fe:12 7264676                        /system_ext/lib64/libgralloc_extra_sys.so
75423d8000-7542400000 rw-p 00000000 00:00 0                              [anon:scudo:secondary]
7542400000-7543400000 ---p 00000000 00:00 0 
7543401000-7543469000 r--s 004dd000 fe:42 1345756                        /data/app/~~fBOmmMkoN3J5b-dAUGNGew==/com.geode.launcher-BThikrXO9HinsMb3clvLqA==/base.apk
7543469000-754346b000 r--p 00000000 fe:11 116921081                      /system/lib64/com.android.media.audio-aconfig-cc.so
754346b000-754346d000 ---p 00000000 00:00 0                              [page size compat]
754346d000-754346f000 r-xp 00004000 fe:11 116921081                      /system/lib64/com.android.media.audio-aconfig-cc.so
754346f000-7543471000 ---p 00000000 00:00 0                              [page size compat]
7543471000-7543472000 r--p 00008000 fe:11 116921081                      /system/lib64/com.android.media.audio-aconfig-cc.so
7543472000-7543475000 ---p 00000000 00:00 0 
7543475000-7543476000 rw-p 00000000 00:00 0                              [anon:.bss]
754347d000-7543497000 rw-p 00000000 00:00 0                              [anon:scudo:secondary]
7543497000-75434a7000 r--p 00000000 fe:11 117020524                      /system/lib64/android.hardware.drm@1.3.so
75434a7000-75434b5000 r-xp 00010000 fe:11 117020524                      /system/lib64/android.hardware.drm@1.3.so
75434b5000-75434b7000 ---p 00000000 00:00 0                              [page size compat]
75434b7000-75434bb000 r--p 00020000 fe:11 117020524                      /system/lib64/android.hardware.drm@1.3.so
75434bb000-75434bc000 rw-p 00024000 fe:11 117020524                      /system/lib64/android.hardware.drm@1.3.so
75434be000-75434e6000 rw-p 00000000 00:00 0                              [anon:scudo:secondary]
75434e6000-7543500000 r--p 00000000 fe:11 116760804                      /system/lib64/libultrahdr.so
7543500000-7543502000 ---p 00000000 00:00 0                              [page size compat]
7543502000-7543536000 r-xp 0001c000 fe:11 116760804                      /system/lib64/libultrahdr.so
7543536000-7543538000 r--p 00050000 fe:11 116760804                      /system/lib64/libultrahdr.so
7543538000-754353a000 ---p 00000000 00:00 0 
754353a000-754353b000 rw-p 00000000 00:00 0                              [anon:.bss]
754354c000-754354d000 r--p 00000000 fe:11 116913021                      /system/lib64/android.hardware.graphics.common@1.1.so
754354d000-7543550000 ---p 00000000 00:00 0                              [page size compat]
7543550000-7543551000 r-xp 00004000 fe:11 116913021                      /system/lib64/android.hardware.graphics.common@1.1.so
7543551000-7543554000 ---p 00000000 00:00 0                              [page size compat]
7543554000-7543555000 r--p 00008000 fe:11 116913021                      /system/lib64/android.hardware.graphics.common@1.1.so
754355d000-7543592000 rw-p 00000000 00:00 0                              [anon:scudo:secondary]
7543592000-754359c000 r--p 00000000 fe:11 116736872                      /system/lib64/libtinyxml2.so
754359c000-754359e000 ---p 00000000 00:00 0                              [page size compat]
754359e000-75435b1000 r-xp 0000c000 fe:11 116736872                      /system/lib64/libtinyxml2.so
75435b1000-75435b2000 ---p 00000000 00:00 0                              [page size compat]
75435b2000-75435b3000 r--p 00020000 fe:11 116736872                      /system/lib64/libtinyxml2.so
75435b3000-75435b6000 ---p 00000000 00:00 0 
75435b6000-75435b7000 rw-p 00024000 fe:11 116736872                      /system/lib64/libtinyxml2.so
75435bd000-75435f2000 rw-p 00000000 00:00 0                              [anon:scudo:secondary]
75435f2000-75435f6000 r--p 00000000 fe:11 116742894                      /system/lib64/android.companion.virtual.virtualdevice_aidl-cpp.so
75435f6000-75435f8000 r-xp 00004000 fe:11 116742894                      /system/lib64/android.companion.virtual.virtualdevice_aidl-cpp.so
75435f8000-75435fa000 ---p 00000000 00:00 0                              [page size compat]
75435fa000-75435fc000 r--p 00008000 fe:11 116742894                      /system/lib64/android.companion.virtual.virtualdevice_aidl-cpp.so
75435fc000-75435fe000 ---p 00000000 00:00 0 
75435fe000-75435ff000 rw-p 0000c000 fe:11 116742894                      /system/lib64/android.companion.virtual.virtualdevice_aidl-cpp.so
7543601000-7543605000 ---p 00000000 00:00 0 
7543605000-7543606000 ---p 00000000 00:00 0                              [anon:stack_and_tls:21601]
7543606000-7543625000 rw-p 00000000 00:00 0                              [anon:stack_and_tls:21601]
7543625000-7543629000 ---p 00000000 00:00 0 
7543629000-754362c000 r--p 00000000 fe:11 117040491                      /system/lib64/libdebuggerd_client.so
754362c000-754362d000 ---p 00000000 00:00 0                              [page size compat]
754362d000-7543630000 r-xp 00004000 fe:11 117040491                      /system/lib64/libdebuggerd_client.so
7543630000-7543631000 ---p 00000000 00:00 0                              [page size compat]
7543631000-7543632000 r--p 00008000 fe:11 117040491                      /system/lib64/libdebuggerd_client.so
7543633000-7543659000 rw-p 00000000 00:00 0                              [anon:scudo:secondary]
7543659000-754365a000 r--p 00000000 fe:11 116926072                      /system/lib64/libsync.so
754365a000-754365d000 ---p 00000000 00:00 0                              [page size compat]
754365d000-754365e000 r-xp 00004000 fe:11 116926072                      /system/lib64/libsync.so
754365e000-7543661000 ---p 00000000 00:00 0                              [page size compat]
7543661000-7543662000 r--p 00008000 fe:11 116926072                      /system/lib64/libsync.so
7543662000-7543665000 ---p 00000000 00:00 0 
7543665000-7543666000 rw-p 00000000 00:00 0                              [anon:.bss]
7543668000-7543684000 rw-p 00000000 00:00 0                              [anon:scudo:secondary]
7543684000-754368d000 r--p 00000000 fe:3a 69                             /apex/com.android.art/lib64/liblzma.so
754368d000-7543690000 ---p 00000000 00:00 0                              [page size compat]
7543690000-75436ae000 r-xp 0000c000 fe:3a 69                             /apex/com.android.art/lib64/liblzma.so
75436ae000-75436b0000 ---p 00000000 00:00 0                              [page size compat]
75436b0000-75436b1000 r--p 0002c000 fe:3a 69                             /apex/com.android.art/lib64/liblzma.so
75436b1000-75436b4000 ---p 00000000 00:00 0 
75436b4000-75436b5000 rw-p 00030000 fe:3a 69                             /apex/com.android.art/lib64/liblzma.so
75436b5000-75436c0000 rw-p 00000000 00:00 0                              [anon:.bss]
75436c5000-75436d9000 rw-p 00000000 00:00 0                              [anon:scudo:secondary]
75436d9000-7543701000 r--p 00000000 fe:11 132289011                      /system/lib64/android.hardware.drm@1.2.so
7543701000-754372e000 r-xp 00028000 fe:11 132289011                      /system/lib64/android.hardware.drm@1.2.so
754372e000-7543731000 ---p 00000000 00:00 0                              [page size compat]
7543731000-7543739000 r--p 00058000 fe:11 132289011                      /system/lib64/android.hardware.drm@1.2.so
7543739000-754373a000 rw-p 00060000 fe:11 132289011                      /system/lib64/android.hardware.drm@1.2.so
7543740000-7543744000 ---p 00000000 00:00 0 
7543744000-7543745000 ---p 00000000 00:00 0                              [anon:stack_and_tls:21600]
7543745000-7543768000 rw-p 00000000 00:00 0                              [anon:stack_and_tls:21600]
7543768000-754376c000 ---p 00000000 00:00 0 
754376c000-754378b000 r--p 00000000 fe:11 116739192                      /system/lib64/android.hardware.media.c2-V1-ndk.so
754378b000-754378c000 ---p 00000000 00:00 0                              [page size compat]
754378c000-75437aa000 r-xp 00020000 fe:11 116739192                      /system/lib64/android.hardware.media.c2-V1-ndk.so
75437aa000-75437ac000 ---p 00000000 00:00 0                              [page size compat]
75437ac000-75437af000 r--p 00040000 fe:11 116739192                      /system/lib64/android.hardware.media.c2-V1-ndk.so
75437af000-75437b0000 ---p 00000000 00:00 0 
75437b0000-75437b1000 rw-p 00044000 fe:11 116739192                      /system/lib64/android.hardware.media.c2-V1-ndk.so
75437b6000-75437c6000 rwxp 00000000 00:00 0 
75437c6000-75437d8000 r--p 00000000 fe:11 116735098                      /system/lib64/libstagefright_bufferpool@2.0.1.so
75437d8000-75437da000 ---p 00000000 00:00 0                              [page size compat]
75437da000-75437f5000 r-xp 00014000 fe:11 116735098                      /system/lib64/libstagefright_bufferpool@2.0.1.so
75437f5000-75437f6000 ---p 00000000 00:00 0                              [page size compat]
75437f6000-75437f8000 r--p 00030000 fe:11 116735098                      /system/lib64/libstagefright_bufferpool@2.0.1.so
75437f8000-75437fa000 ---p 00000000 00:00 0 
75437fa000-75437fb000 rw-p 00000000 00:00 0                              [anon:.bss]
7543806000-754380f000 r--p 00000000 fe:11 116928376                      /system/lib64/libcodec2_hidl_client@1.0.so
754380f000-7543812000 ---p 00000000 00:00 0                              [page size compat]
7543812000-7543823000 r-xp 0000c000 fe:11 116928376                      /system/lib64/libcodec2_hidl_client@1.0.so
7543823000-7543826000 ---p 00000000 00:00 0                              [page size compat]
7543826000-7543827000 r--p 00020000 fe:11 116928376                      /system/lib64/libcodec2_hidl_client@1.0.so
754382a000-7543864000 rw-p 00000000 00:00 0                              [anon:scudo:secondary]
7543864000-7543866000 r--p 00000000 fe:11 116741109                      /system/lib64/libspeexresampler.so
7543866000-7543868000 ---p 00000000 00:00 0                              [page size compat]
7543868000-754386c000 r-xp 00004000 fe:11 116741109                      /system/lib64/libspeexresampler.so
754386c000-754386d000 r--p 00008000 fe:11 116741109                      /system/lib64/libspeexresampler.so
754386d000-7543870000 ---p 00000000 00:00 0 
7543870000-7543871000 rw-p 00000000 00:00 0                              [anon:.bss]
7543880000-754389f000 rw-p 00000000 00:00 0                              [anon:scudo:secondary]
754389f000-75438e8000 r--p 00000000 fe:11 117025127                      /system/lib64/libcodec2_vndk.so
75438e8000-75438eb000 ---p 00000000 00:00 0                              [page size compat]
75438eb000-754395b000 r-xp 0004c000 fe:11 117025127                      /system/lib64/libcodec2_vndk.so
754395b000-7543960000 r--p 000bc000 fe:11 117025127                      /system/lib64/libcodec2_vndk.so
7543960000-7543963000 ---p 00000000 00:00 0 
7543963000-7543964000 rw-p 000c4000 fe:11 117025127                      /system/lib64/libcodec2_vndk.so
7543966000-7543980000 rw-p 00000000 00:00 0                              [anon:scudo:secondary]
7543980000-754398f000 r--p 00000000 fe:11 138885230                      /system/lib64/libPlatformProperties.so
754398f000-7543990000 ---p 00000000 00:00 0                              [page size compat]
7543990000-754399d000 r-xp 00010000 fe:11 138885230                      /system/lib64/libPlatformProperties.so
754399d000-75439a0000 ---p 00000000 00:00 0                              [page size compat]
75439a0000-75439a1000 r--p 00020000 fe:11 138885230                      /system/lib64/libPlatformProperties.so
75439a3000-75439a7000 ---p 00000000 00:00 0 
75439a7000-75439af000 rw-p 00000000 00:00 0                              [anon:thread signal stack]
75439af000-75439c6000 rw-p 00000000 00:00 0                              [anon:scudo:secondary]
75439c6000-75439db000 r--p 00000000 fe:11 117034228                      /system/lib64/android.hardware.graphics.bufferqueue@1.0.so
75439db000-75439de000 ---p 00000000 00:00 0                              [page size compat]
75439de000-75439f7000 r-xp 00018000 fe:11 117034228                      /system/lib64/android.hardware.graphics.bufferqueue@1.0.so
75439f7000-75439fa000 ---p 00000000 00:00 0                              [page size compat]
75439fa000-75439fe000 r--p 00034000 fe:11 117034228                      /system/lib64/android.hardware.graphics.bufferqueue@1.0.so
75439fe000-75439ff000 rw-p 00038000 fe:11 117034228                      /system/lib64/android.hardware.graphics.bufferqueue@1.0.so
7543a00000-7543a08000 r--p 00000000 fe:11 117034088                      /system/lib64/libselinux.so
7543a08000-7543a1a000 r-xp 00008000 fe:11 117034088                      /system/lib64/libselinux.so
7543a1a000-7543a1c000 ---p 00000000 00:00 0                              [page size compat]
7543a1c000-7543a1d000 r--p 0001c000 fe:11 117034088                      /system/lib64/libselinux.so
7543a1d000-7543a20000 ---p 00000000 00:00 0 
7543a20000-7543a21000 rw-p 00020000 fe:11 117034088                      /system/lib64/libselinux.so
7543a21000-7543a22000 rw-p 00000000 00:00 0                              [anon:.bss]
7543a23000-7543a64000 rw-p 00000000 00:00 0                              [anon:scudo:secondary]
7543a64000-7543a67000 r--p 00000000 fe:11 116518392                      /system/lib64/libnetd_client.so
7543a67000-7543a68000 ---p 00000000 00:00 0                              [page size compat]
7543a68000-7543a6e000 r-xp 00004000 fe:11 116518392                      /system/lib64/libnetd_client.so
7543a6e000-7543a70000 ---p 00000000 00:00 0                              [page size compat]
7543a70000-7543a71000 r--p 0000c000 fe:11 116518392                      /system/lib64/libnetd_client.so
7543a71000-7543a74000 ---p 00000000 00:00 0 
7543a74000-7543a75000 rw-p 00010000 fe:11 116518392                      /system/lib64/libnetd_client.so
7543a79000-7543a9b000 rw-p 00000000 00:00 0                              [anon:scudo:secondary]
7543a9b000-7543aa3000 r--p 00000000 fe:11 116740208                      /system/lib64/libaudiopolicy.so
7543aa3000-7543ab2000 r-xp 00008000 fe:11 116740208                      /system/lib64/libaudiopolicy.so
7543ab2000-7543ab3000 ---p 00000000 00:00 0                              [page size compat]
7543ab3000-7543ab4000 r--p 00018000 fe:11 116740208                      /system/lib64/libaudiopolicy.so
7543ab9000-7543ae3000 rw-p 00000000 00:00 0                              [anon:scudo:secondary]
7543ae3000-7543ae9000 r--p 00000000 fe:12 7264663                        /system_ext/lib64/libged_sys.so
7543ae9000-7543aeb000 ---p 00000000 00:00 0                              [page size compat]
7543aeb000-7543af3000 r-xp 00008000 fe:12 7264663                        /system_ext/lib64/libged_sys.so
7543af3000-7543af4000 r--p 00010000 fe:12 7264663                        /system_ext/lib64/libged_sys.so
7543af4000-7543af7000 ---p 00000000 00:00 0 
7543af7000-7543af8000 rw-p 00014000 fe:12 7264663                        /system_ext/lib64/libged_sys.so
7543afd000-7543b01000 ---p 00000000 00:00 0 
7543b01000-7543b09000 rw-p 00000000 00:00 0                              [anon:thread signal stack]
7543b09000-7543b21000 rw-p 00000000 00:00 0                              [anon:scudo:secondary]
7543b21000-7543b24000 r--p 00000000 fe:11 116691817                      /system/lib64/android.hardware.graphics.common-V6-ndk.so
7543b24000-7543b25000 ---p 00000000 00:00 0                              [page size compat]
7543b25000-7543b28000 r-xp 00004000 fe:11 116691817                      /system/lib64/android.hardware.graphics.common-V6-ndk.so
7543b28000-7543b29000 ---p 00000000 00:00 0                              [page size compat]
7543b29000-7543b2a000 r--p 00008000 fe:11 116691817                      /system/lib64/android.hardware.graphics.common-V6-ndk.so
7543b2a000-7543b2d000 ---p 00000000 00:00 0 
7543b2d000-7543b2e000 rw-p 0000c000 fe:11 116691817                      /system/lib64/android.hardware.graphics.common-V6-ndk.so
7543b35000-7543b4f000 rw-p 00000000 00:00 0                              [anon:scudo:secondary]
7543b4f000-7543b5d000 r--p 00000000 fe:11 116684395                      /system/lib64/libutils.so
7543b5d000-7543b5f000 ---p 00000000 00:00 0                              [page size compat]
7543b5f000-7543b6c000 r-xp 00010000 fe:11 116684395                      /system/lib64/libutils.so
7543b6c000-7543b6f000 ---p 00000000 00:00 0                              [page size compat]
7543b6f000-7543b70000 r--p 00020000 fe:11 116684395                      /system/lib64/libutils.so
7543b70000-7543b73000 ---p 00000000 00:00 0 
7543b73000-7543b74000 rw-p 00024000 fe:11 116684395                      /system/lib64/libutils.so
7543b7c000-7543ba1000 rw-p 00000000 00:00 0                              [anon:scudo:secondary]
7543ba1000-7543ba2000 r--p 00000000 fe:11 117035751                      /system/lib64/libcodec2_hidl_client@1.2.so
7543ba2000-7543ba5000 ---p 00000000 00:00 0                              [page size compat]
7543ba5000-7543ba7000 r-xp 00004000 fe:11 117035751                      /system/lib64/libcodec2_hidl_client@1.2.so
7543ba7000-7543ba9000 ---p 00000000 00:00 0                              [page size compat]
7543ba9000-7543baa000 r--p 00008000 fe:11 117035751                      /system/lib64/libcodec2_hidl_client@1.2.so
7543bad000-7543be2000 rw-p 00000000 00:00 0                              [anon:scudo:secondary]
7543be2000-7543be8000 r--p 00000000 fe:11 116753658                      /system/lib64/libcodec2_hal_common.so
7543be8000-7543bea000 ---p 00000000 00:00 0                              [page size compat]
7543bea000-7543bf7000 r-xp 00008000 fe:11 116753658                      /system/lib64/libcodec2_hal_common.so
7543bf7000-7543bfa000 ---p 00000000 00:00 0                              [page size compat]
7543bfa000-7543bfb000 r--p 00018000 fe:11 116753658                      /system/lib64/libcodec2_hal_common.so
7543bfb000-7543bfe000 ---p 00000000 00:00 0 
7543bfe000-7543bff000 rw-p 00000000 00:00 0                              [anon:.bss]
7543c02000-7543c14000 rw-p 00000000 00:00 0                              [anon:scudo:secondary]
7543c14000-7543c15000 r--p 00000000 fe:11 116421628                      /system/lib64/libcodec2.so
7543c15000-7543c18000 ---p 00000000 00:00 0                              [page size compat]
7543c18000-7543c19000 r-xp 00004000 fe:11 116421628                      /system/lib64/libcodec2.so
7543c19000-7543c1c000 ---p 00000000 00:00 0                              [page size compat]
7543c1c000-7543c1d000 r--p 00008000 fe:11 116421628                      /system/lib64/libcodec2.so
7543c1e000-7543c5f000 rw-p 00000000 00:00 0                              [anon:scudo:secondary]
7543c5f000-7543c69000 r--p 00000000 fe:11 116691835                      /system/lib64/android.hardware.graphics.mapper@2.0.so
7543c69000-7543c6b000 ---p 00000000 00:00 0                              [page size compat]
7543c6b000-7543c74000 r-xp 0000c000 fe:11 116691835                      /system/lib64/android.hardware.graphics.mapper@2.0.so
7543c74000-7543c77000 ---p 00000000 00:00 0                              [page size compat]
7543c77000-7543c79000 r--p 00018000 fe:11 116691835                      /system/lib64/android.hardware.graphics.mapper@2.0.so
7543c79000-7543c7b000 ---p 00000000 00:00 0 
7543c7b000-7543c7c000 rw-p 0001c000 fe:11 116691835                      /system/lib64/android.hardware.graphics.mapper@2.0.so
7543c7c000-7543c8f000 rw-p 00000000 00:00 0                              [anon:scudo:secondary]
7543c8f000-7543c93000 r--p 00000000 fe:11 116921073                      /system/lib64/capture_state_listener-aidl-cpp.so
7543c93000-7543c96000 r-xp 00004000 fe:11 116921073                      /system/lib64/capture_state_listener-aidl-cpp.so
7543c96000-7543c97000 ---p 00000000 00:00 0                              [page size compat]
7543c97000-7543c99000 r--p 00008000 fe:11 116921073                      /system/lib64/capture_state_listener-aidl-cpp.so
7543c99000-7543c9b000 ---p 00000000 00:00 0 
7543c9b000-7543c9c000 rw-p 0000c000 fe:11 116921073                      /system/lib64/capture_state_listener-aidl-cpp.so
7543c9c000-7543cc9000 rw-p 00000000 00:00 0                              [anon:scudo:secondary]
7543cc9000-7543cd7000 r--p 00000000 fe:3a 60                             /apex/com.android.art/lib64/libbase.so
7543cd7000-7543cd9000 ---p 00000000 00:00 0                              [page size compat]
7543cd9000-7543cf9000 r-xp 00010000 fe:3a 60                             /apex/com.android.art/lib64/libbase.so
7543cf9000-7543cfa000 r--p 00030000 fe:3a 60                             /apex/com.android.art/lib64/libbase.so
7543cfa000-7543cfd000 ---p 00000000 00:00 0 
7543cfd000-7543cfe000 rw-p 00000000 00:00 0                              [anon:.bss]
7543d08000-7543d09000 r--p 00000000 fe:11 138886268                      /system/lib64/libnativeloader_lazy.so
7543d09000-7543d0c000 ---p 00000000 00:00 0                              [page size compat]
7543d0c000-7543d0d000 r-xp 00004000 fe:11 138886268                      /system/lib64/libnativeloader_lazy.so
7543d0d000-7543d10000 ---p 00000000 00:00 0                              [page size compat]
7543d10000-7543d11000 r--p 00008000 fe:11 138886268                      /system/lib64/libnativeloader_lazy.so
7543d11000-7543d14000 ---p 00000000 00:00 0 
7543d14000-7543d15000 rw-p 00000000 00:00 0                              [anon:.bss]
7543d16000-7543d53000 rw-p 00000000 00:00 0                              [anon:scudo:secondary]
7543d53000-7543d55000 r--p 00000000 fe:11 116697453                      /system/lib64/android.hardware.common-V2-ndk.so
7543d55000-7543d57000 ---p 00000000 00:00 0                              [page size compat]
7543d57000-7543d58000 r-xp 00004000 fe:11 116697453                      /system/lib64/android.hardware.common-V2-ndk.so
7543d58000-7543d5b000 ---p 00000000 00:00 0                              [page size compat]
7543d5b000-7543d5c000 r--p 00008000 fe:11 116697453                      /system/lib64/android.hardware.common-V2-ndk.so
7543d5c000-7543d5f000 ---p 00000000 00:00 0 
7543d5f000-7543d60000 rw-p 0000c000 fe:11 116697453                      /system/lib64/android.hardware.common-V2-ndk.so
7543d66000-7543d94000 rw-p 00000000 00:00 0                              [anon:scudo:secondary]
7543d94000-7543d96000 r--p 00000000 fe:11 117039228                      /system/lib64/server_configurable_flags.so
7543d96000-7543d98000 ---p 00000000 00:00 0                              [page size compat]
7543d98000-7543d9a000 r-xp 00004000 fe:11 117039228                      /system/lib64/server_configurable_flags.so
7543d9a000-7543d9c000 ---p 00000000 00:00 0                              [page size compat]
7543d9c000-7543d9d000 r--p 00008000 fe:11 117039228                      /system/lib64/server_configurable_flags.so
7543d9d000-7543dc9000 rw-p 00000000 00:00 0                              [anon:scudo:secondary]
7543dc9000-7543ddb000 r--p 00000000 fe:11 116737269                      /system/lib64/android.hardware.media.c2@1.1.so
7543ddb000-7543ddd000 ---p 00000000 00:00 0                              [page size compat]
7543ddd000-7543df0000 r-xp 00014000 fe:11 116737269                      /system/lib64/android.hardware.media.c2@1.1.so
7543df0000-7543df1000 ---p 00000000 00:00 0                              [page size compat]
7543df1000-7543df5000 r--p 00028000 fe:11 116737269                      /system/lib64/android.hardware.media.c2@1.1.so
7543df5000-7543df6000 rw-p 0002c000 fe:11 116737269                      /system/lib64/android.hardware.media.c2@1.1.so
7543df9000-7543e27000 rw-p 00000000 00:00 0                              [anon:scudo:secondary]
7543e27000-7543e2f000 r--p 00000000 fe:11 116698982                      /system/lib64/libgralloctypes.so
7543e2f000-7543e3a000 r-xp 00008000 fe:11 116698982                      /system/lib64/libgralloctypes.so
7543e3a000-7543e3b000 ---p 00000000 00:00 0                              [page size compat]
7543e3b000-7543e3c000 r--p 00014000 fe:11 116698982                      /system/lib64/libgralloctypes.so
7543e3c000-7543e3f000 ---p 00000000 00:00 0 
7543e3f000-7543e40000 rw-p 00000000 00:00 0                              [anon:.bss]
7543e40000-7543e44000 ---p 00000000 00:00 0 
7543e44000-7543e4c000 rw-p 00000000 00:00 0                              [anon:thread signal stack]
7543e4c000-7543e6b000 rw-p 00000000 00:00 0                              [anon:scudo:secondary]
7543e6b000-7543e6f000 r--p 00000000 fe:11 116759036                      /system/lib64/libbinderdebug.so
7543e6f000-7543e7a000 r-xp 00004000 fe:11 116759036                      /system/lib64/libbinderdebug.so
7543e7a000-7543e7b000 ---p 00000000 00:00 0                              [page size compat]
7543e7b000-7543e7c000 r--p 00010000 fe:11 116759036                      /system/lib64/libbinderdebug.so
7543e7c000-7543e7f000 ---p 00000000 00:00 0 
7543e7f000-7543e80000 rw-p 00000000 00:00 0                              [anon:.bss]
7543e86000-7543e8a000 ---p 00000000 00:00 0 
7543e8a000-7543e92000 rw-p 00000000 00:00 0                              [anon:thread signal stack]
7543e92000-7543eaa000 rw-p 00000000 00:00 0                              [anon:scudo:secondary]
7543eaa000-7543eaf000 r--p 00000000 fe:11 117027709                      /system/lib64/libheif.so
7543eaf000-7543eb2000 ---p 00000000 00:00 0                              [page size compat]
7543eb2000-7543eb7000 r-xp 00008000 fe:11 117027709                      /system/lib64/libheif.so
7543eb7000-7543eba000 ---p 00000000 00:00 0                              [page size compat]
7543eba000-7543ebb000 r--p 00010000 fe:11 117027709                      /system/lib64/libheif.so
7543ebb000-7543ef0000 rw-p 00000000 00:00 0                              [anon:scudo:secondary]
7543ef0000-7543ef2000 r--p 00000000 fe:11 116923881                      /system/lib64/libprocinfo.so
7543ef2000-7543ef4000 ---p 00000000 00:00 0                              [page size compat]
7543ef4000-7543ef5000 r-xp 00004000 fe:11 116923881                      /system/lib64/libprocinfo.so
7543ef5000-7543ef8000 ---p 00000000 00:00 0                              [page size compat]
7543ef8000-7543ef9000 r--p 00008000 fe:11 116923881                      /system/lib64/libprocinfo.so
7543efa000-7543efe000 ---p 00000000 00:00 0 
7543efe000-7543f06000 rw-p 00000000 00:00 0                              [anon:thread signal stack]
7543f06000-7543f27000 rw-p 00000000 00:00 0                              [anon:scudo:secondary]
7543f27000-7543f38000 r--p 00000000 fe:11 117032057                      /system/lib64/libpng.so
7543f38000-7543f3b000 ---p 00000000 00:00 0                              [page size compat]
7543f3b000-7543f6f000 r-xp 00014000 fe:11 117032057                      /system/lib64/libpng.so
7543f6f000-7543f70000 r--p 00048000 fe:11 117032057                      /system/lib64/libpng.so
7543f71000-7543f8c000 rw-p 00000000 00:00 0                              [anon:scudo:secondary]
7543f8c000-7543f95000 r--p 00000000 fe:11 117022197                      /system/lib64/com.android.window.flags.window-aconfig_flags_c_lib.so
7543f95000-7543f98000 ---p 00000000 00:00 0                              [page size compat]
7543f98000-7543f9a000 r-xp 0000c000 fe:11 117022197                      /system/lib64/com.android.window.flags.window-aconfig_flags_c_lib.so
7543f9a000-7543f9c000 ---p 00000000 00:00 0                              [page size compat]
7543f9c000-7543f9d000 r--p 00010000 fe:11 117022197                      /system/lib64/com.android.window.flags.window-aconfig_flags_c_lib.so
7543f9d000-7543fa0000 ---p 00000000 00:00 0 
7543fa0000-7543fa1000 rw-p 00000000 00:00 0                              [anon:.bss]
7543fa1000-7543fd0000 rw-p 00000000 00:00 0                              [anon:scudo:secondary]
7543fd0000-7543fd4000 r--p 00000000 fe:11 117021564                      /system/lib64/mediametricsservice-aidl-cpp.so
7543fd4000-7543fd7000 r-xp 00004000 fe:11 117021564                      /system/lib64/mediametricsservice-aidl-cpp.so
7543fd7000-7543fd8000 ---p 00000000 00:00 0                              [page size compat]
7543fd8000-7543fda000 r--p 00008000 fe:11 117021564                      /system/lib64/mediametricsservice-aidl-cpp.so
7543fda000-7543fdc000 ---p 00000000 00:00 0 
7543fdc000-7543fdd000 rw-p 0000c000 fe:11 117021564                      /system/lib64/mediametricsservice-aidl-cpp.so
7543fde000-754400b000 rw-p 00000000 00:00 0                              [anon:scudo:secondary]
754400b000-754400e000 r--p 00000000 fe:11 116755953                      /system/lib64/libstagefright_graphicbuffersource_aidl.so
754400e000-754400f000 ---p 00000000 00:00 0                              [page size compat]
754400f000-7544013000 r-xp 00004000 fe:11 116755953                      /system/lib64/libstagefright_graphicbuffersource_aidl.so
7544013000-7544014000 r--p 00008000 fe:11 116755953                      /system/lib64/libstagefright_graphicbuffersource_aidl.so
7544014000-7544068000 rw-p 00000000 00:00 0                              [anon:scudo:secondary]
7544068000-754406a000 r--p 00000000 fe:11 117052006                      /system/lib64/libjpegdecoder.so
754406a000-754406c000 ---p 00000000 00:00 0                              [page size compat]
754406c000-754406e000 r-xp 00004000 fe:11 117052006                      /system/lib64/libjpegdecoder.so
754406e000-7544070000 ---p 00000000 00:00 0                              [page size compat]
7544070000-7544071000 r--p 00008000 fe:11 117052006                      /system/lib64/libjpegdecoder.so
7544071000-754408b000 rw-p 00000000 00:00 0                              [anon:scudo:secondary]
754408b000-7544094000 r--p 00000000 fe:11 116518374                      /system/lib64/libnativedisplay.so
7544094000-7544097000 ---p 00000000 00:00 0                              [page size compat]
7544097000-754409e000 r-xp 0000c000 fe:11 116518374                      /system/lib64/libnativedisplay.so
754409e000-754409f000 ---p 00000000 00:00 0                              [page size compat]
754409f000-75440a0000 r--p 00014000 fe:11 116518374                      /system/lib64/libnativedisplay.so
75440a0000-75440a3000 ---p 00000000 00:00 0 
75440a3000-75440a4000 rw-p 00000000 00:00 0                              [anon:.bss]
75440a9000-75440df000 rw-p 00000000 00:00 0                              [anon:scudo:secondary]
75440df000-75440e4000 r--p 00000000 fe:11 116763640                      /system/lib64/av-types-aidl-cpp.so
75440e4000-75440e7000 ---p 00000000 00:00 0                              [page size compat]
75440e7000-75440ea000 r-xp 00008000 fe:11 116763640                      /system/lib64/av-types-aidl-cpp.so
75440ea000-75440eb000 ---p 00000000 00:00 0                              [page size compat]
75440eb000-75440ed000 r--p 0000c000 fe:11 116763640                      /system/lib64/av-types-aidl-cpp.so
75440ed000-75440ef000 ---p 00000000 00:00 0 
75440ef000-75440f0000 rw-p 00010000 fe:11 116763640                      /system/lib64/av-types-aidl-cpp.so
75440f0000-754411d000 rw-p 00000000 00:00 0                              [anon:scudo:secondary]
754411d000-7544121000 r--p 00000000 fe:11 116697719                      /system/lib64/lib-platform-compat-native-api.so
7544121000-7544123000 r-xp 00004000 fe:11 116697719                      /system/lib64/lib-platform-compat-native-api.so
7544123000-7544125000 ---p 00000000 00:00 0                              [page size compat]
7544125000-7544127000 r--p 00008000 fe:11 116697719                      /system/lib64/lib-platform-compat-native-api.so
7544127000-7544129000 ---p 00000000 00:00 0 
7544129000-754412a000 rw-p 0000c000 fe:11 116697719                      /system/lib64/lib-platform-compat-native-api.so
754412a000-7544145000 rw-p 00000000 00:00 0                              [anon:scudo:secondary]
7544145000-754415e000 r--p 00000000 fe:11 117040494                      /system/lib64/libdebugstore_cxx.so
754415e000-7544161000 ---p 00000000 00:00 0                              [page size compat]
7544161000-7544171000 r-xp 0001c000 fe:11 117040494                      /system/lib64/libdebugstore_cxx.so
7544171000-7544173000 r--p 0002c000 fe:11 117040494                      /system/lib64/libdebugstore_cxx.so
7544173000-7544175000 ---p 00000000 00:00 0 
7544175000-7544176000 rw-p 00030000 fe:11 117040494                      /system/lib64/libdebugstore_cxx.so
754417b000-7544196000 rw-p 00000000 00:00 0                              [anon:scudo:secondary]
7544196000-754419e000 r--p 00000000 fe:11 116833784                      /system/lib64/libmeminfo.so
754419e000-75441ac000 r-xp 00008000 fe:11 116833784                      /system/lib64/libmeminfo.so
75441ac000-75441ae000 ---p 00000000 00:00 0                              [page size compat]
75441ae000-75441af000 r--p 00018000 fe:11 116833784                      /system/lib64/libmeminfo.so
75441af000-75441b2000 ---p 00000000 00:00 0 
75441b2000-75441b3000 rw-p 00000000 00:00 0                              [anon:.bss]
75441b5000-75441c7000 rw-p 00000000 00:00 0                              [anon:scudo:secondary]
75441c7000-75441dc000 r--p 00000000 fe:11 116722932                      /system/lib64/android.hardware.camera.device@3.2.so
75441dc000-75441df000 ---p 00000000 00:00 0                              [page size compat]
75441df000-75441f7000 r-xp 00018000 fe:11 116722932                      /system/lib64/android.hardware.camera.device@3.2.so
75441f7000-75441fb000 r--p 00030000 fe:11 116722932                      /system/lib64/android.hardware.camera.device@3.2.so
75441fb000-75441fc000 rw-p 00034000 fe:11 116722932                      /system/lib64/android.hardware.camera.device@3.2.so
75441ff000-754421a000 rw-p 00000000 00:00 0                              [anon:scudo:secondary]
754421a000-754421b000 r--p 00000000 fe:11 117039725                      /system/lib64/android.media.audiopolicy-aconfig-cc.so
754421b000-754421e000 ---p 00000000 00:00 0                              [page size compat]
754421e000-7544220000 r-xp 00004000 fe:11 117039725                      /system/lib64/android.media.audiopolicy-aconfig-cc.so
7544220000-7544222000 ---p 00000000 00:00 0                              [page size compat]
7544222000-7544223000 r--p 00008000 fe:11 117039725                      /system/lib64/android.media.audiopolicy-aconfig-cc.so
7544223000-7544226000 ---p 00000000 00:00 0 
7544226000-7544227000 rw-p 00000000 00:00 0                              [anon:.bss]
7544229000-754425f000 rw-p 00000000 00:00 0                              [anon:scudo:secondary]
754425f000-7544260000 r--p 00000000 fe:11 116754941                      /system/lib64/android.hidl.safe_union@1.0.so
7544260000-7544263000 ---p 00000000 00:00 0                              [page size compat]
7544263000-7544264000 r-xp 00004000 fe:11 116754941                      /system/lib64/android.hidl.safe_union@1.0.so
7544264000-7544267000 ---p 00000000 00:00 0                              [page size compat]
7544267000-7544268000 r--p 00008000 fe:11 116754941                      /system/lib64/android.hidl.safe_union@1.0.so
7544271000-7544275000 ---p 00000000 00:00 0 
7544275000-754427d000 rw-p 00000000 00:00 0                              [anon:thread signal stack]
754427d000-7544298000 rw-p 00000000 00:00 0                              [anon:scudo:secondary]
7544298000-754429e000 r--p 00000000 fe:11 131805681                      /system/lib64/audioclient-types-aidl-cpp.so
754429e000-75442a0000 ---p 00000000 00:00 0                              [page size compat]
75442a0000-75442ac000 r-xp 00008000 fe:11 131805681                      /system/lib64/audioclient-types-aidl-cpp.so
75442ac000-75442ad000 r--p 00014000 fe:11 131805681                      /system/lib64/audioclient-types-aidl-cpp.so
75442b8000-75442bc000 ---p 00000000 00:00 0 
75442bc000-75442c4000 rw-p 00000000 00:00 0                              [anon:thread signal stack]
75442c4000-75442df000 rw-p 00000000 00:00 0                              [anon:scudo:secondary]
75442df000-754431a000 r--p 00000000 fe:11 116697962                      /system/lib64/libhidlbase.so
754431a000-754431b000 ---p 00000000 00:00 0                              [page size compat]
754431b000-7544370000 r-xp 0003c000 fe:11 116697962                      /system/lib64/libhidlbase.so
7544370000-7544373000 ---p 00000000 00:00 0                              [page size compat]
7544373000-754437e000 r--p 00094000 fe:11 116697962                      /system/lib64/libhidlbase.so
754437e000-754437f000 ---p 00000000 00:00 0 
754437f000-7544380000 rw-p 000a0000 fe:11 116697962                      /system/lib64/libhidlbase.so
7544382000-7544386000 ---p 00000000 00:00 0 
7544386000-754438e000 rw-p 00000000 00:00 0                              [anon:thread signal stack]
754438e000-75443a9000 rw-p 00000000 00:00 0                              [anon:scudo:secondary]
75443a9000-75443c0000 r--p 00000000 fe:11 116755947                      /system/lib64/libstagefright_foundation.so
75443c0000-75443c1000 ---p 00000000 00:00 0                              [page size compat]
75443c1000-75443e3000 r-xp 00018000 fe:11 116755947                      /system/lib64/libstagefright_foundation.so
75443e3000-75443e5000 ---p 00000000 00:00 0                              [page size compat]
75443e5000-75443e7000 r--p 0003c000 fe:11 116755947                      /system/lib64/libstagefright_foundation.so
75443e7000-75443e9000 ---p 00000000 00:00 0 
75443e9000-75443ea000 rw-p 00040000 fe:11 116755947                      /system/lib64/libstagefright_foundation.so
75443ea000-7544405000 rw-p 00000000 00:00 0                              [anon:scudo:secondary]
7544405000-75444af000 r--p 00000000 fe:11 117019232                      /system/lib64/libgui.so
75444af000-75444b1000 ---p 00000000 00:00 0                              [page size compat]
75444b1000-75445a6000 r-xp 000ac000 fe:11 117019232                      /system/lib64/libgui.so
75445a6000-75445a9000 ---p 00000000 00:00 0                              [page size compat]
75445a9000-75445cf000 r--p 001a4000 fe:11 117019232                      /system/lib64/libgui.so
75445cf000-75445d1000 ---p 00000000 00:00 0 
75445d1000-75445d2000 rw-p 001cc000 fe:11 117019232                      /system/lib64/libgui.so
75445d2000-75445d3000 rw-p 00000000 00:00 0                              [anon:.bss]
75445de000-75445f9000 rw-p 00000000 00:00 0                              [anon:scudo:secondary]
75445f9000-75445fd000 ---p 00000000 00:00 0 
75445fd000-7544605000 rw-p 00000000 00:00 0                              [anon:thread signal stack]
7544605000-7544643000 r--p 00000000 fe:11 116182757                      /system/lib64/libsfplugin_ccodec.so
7544643000-7544645000 ---p 00000000 00:00 0                              [page size compat]
7544645000-75446f3000 r-xp 00040000 fe:11 116182757                      /system/lib64/libsfplugin_ccodec.so
75446f3000-75446f5000 ---p 00000000 00:00 0                              [page size compat]
75446f5000-75446fd000 r--p 000f0000 fe:11 116182757                      /system/lib64/libsfplugin_ccodec.so
75446fd000-75446fe000 rw-p 000f8000 fe:11 116182757                      /system/lib64/libsfplugin_ccodec.so
75446fe000-754470e000 rwxp 00000000 00:00 0 
754470e000-7544712000 ---p 00000000 00:00 0 
7544712000-754471a000 rw-p 00000000 00:00 0                              [anon:thread signal stack]
754471a000-754471e000 ---p 00000000 00:00 0 
754471e000-7544726000 rw-p 00000000 00:00 0                              [anon:thread signal stack]
7544726000-754474c000 rw-p 00000000 00:00 0                              [anon:scudo:secondary]
754474c000-7544755000 r--p 00000000 fe:11 116923239                      /system/lib64/libcutils.so
7544755000-7544758000 ---p 00000000 00:00 0                              [page size compat]
7544758000-7544763000 r-xp 0000c000 fe:11 116923239                      /system/lib64/libcutils.so
7544763000-7544764000 ---p 00000000 00:00 0                              [page size compat]
7544764000-7544766000 r--p 00018000 fe:11 116923239                      /system/lib64/libcutils.so
7544766000-7544768000 ---p 00000000 00:00 0 
7544768000-7544769000 rw-p 0001c000 fe:11 116923239                      /system/lib64/libcutils.so
7544772000-7544776000 ---p 00000000 00:00 0 
7544776000-754477e000 rw-p 00000000 00:00 0                              [anon:thread signal stack]
754477e000-754479c000 rw-p 00000000 00:00 0                              [anon:scudo:secondary]
754479c000-75447a5000 r--p 00000000 fe:11 117040503                      /system/lib64/libdmabufheap.so
75447a5000-75447a8000 ---p 00000000 00:00 0                              [page size compat]
75447a8000-75447b5000 r-xp 0000c000 fe:11 117040503                      /system/lib64/libdmabufheap.so
75447b5000-75447b8000 ---p 00000000 00:00 0                              [page size compat]
75447b8000-75447b9000 r--p 0001c000 fe:11 117040503                      /system/lib64/libdmabufheap.so
75447b9000-75447bc000 ---p 00000000 00:00 0 
75447bc000-75447bd000 rw-p 00020000 fe:11 117040503                      /system/lib64/libdmabufheap.so
75447c1000-75447eb000 rw-p 00000000 00:00 0                              [anon:scudo:secondary]
75447eb000-75447ec000 r--p 00000000 fe:11 116697464                      /system/lib64/android.hardware.configstore-utils.so
75447ec000-75447ef000 ---p 00000000 00:00 0                              [page size compat]
75447ef000-75447f0000 r-xp 00004000 fe:11 116697464                      /system/lib64/android.hardware.configstore-utils.so
75447f0000-75447f3000 ---p 00000000 00:00 0                              [page size compat]
75447f3000-75447f4000 r--p 00008000 fe:11 116697464                      /system/lib64/android.hardware.configstore-utils.so
75447f4000-75447f8000 ---p 00000000 00:00 0 
75447f8000-7544800000 rw-p 00000000 00:00 0                              [anon:thread signal stack]
7544800000-7545a00000 ---p 00000000 00:00 0 
7545a07000-7545a4a000 rw-p 00000000 00:00 0                              [anon:scudo:secondary]
7545a4a000-7545a4b000 r--p 00000000 fe:11 116737275                      /system/lib64/android.hardware.media@1.0.so
7545a4b000-7545a4e000 ---p 00000000 00:00 0                              [page size compat]
7545a4e000-7545a4f000 r-xp 00004000 fe:11 116737275                      /system/lib64/android.hardware.media@1.0.so
7545a4f000-7545a52000 ---p 00000000 00:00 0                              [page size compat]
7545a52000-7545a53000 r--p 00008000 fe:11 116737275                      /system/lib64/android.hardware.media@1.0.so
7545a57000-7545a5b000 ---p 00000000 00:00 0 
7545a5b000-7545a63000 rw-p 00000000 00:00 0                              [anon:thread signal stack]
7545a63000-7545a84000 rw-p 00000000 00:00 0                              [anon:scudo:secondary]
7545a84000-7545a86000 r--p 00000000 fe:11 116823926                      /system/lib64/aconfig_view_accessibility_flags_c_lib.so
7545a86000-7545a88000 ---p 00000000 00:00 0                              [page size compat]
7545a88000-7545a89000 r-xp 00004000 fe:11 116823926                      /system/lib64/aconfig_view_accessibility_flags_c_lib.so
7545a89000-7545a8c000 ---p 00000000 00:00 0                              [page size compat]
7545a8c000-7545a8d000 r--p 00008000 fe:11 116823926                      /system/lib64/aconfig_view_accessibility_flags_c_lib.so
7545a8d000-7545a90000 ---p 00000000 00:00 0 
7545a90000-7545a91000 rw-p 00000000 00:00 0                              [anon:.bss]
7545a98000-7545ad0000 rw-p 00000000 00:00 0                              [anon:scudo:secondary]
7545ad0000-7545b0a000 r--p 00000000 fe:11 117027686                      /system/lib64/libharfbuzz_ng.so
7545b0a000-7545b0c000 ---p 00000000 00:00 0                              [page size compat]
7545b0c000-7545bdb000 r-xp 0003c000 fe:11 117027686                      /system/lib64/libharfbuzz_ng.so
7545bdb000-7545bdc000 ---p 00000000 00:00 0                              [page size compat]
7545bdc000-7545bdd000 r--p 0010c000 fe:11 117027686                      /system/lib64/libharfbuzz_ng.so
7545bdd000-7545be0000 ---p 00000000 00:00 0 
7545be0000-7545be1000 rw-p 00110000 fe:11 117027686                      /system/lib64/libharfbuzz_ng.so
7545be5000-7545c26000 rw-p 00000000 00:00 0                              [anon:scudo:secondary]
7545c26000-7545c27000 r--p 00000000 fe:11 116689273                      /system/lib64/shared-file-region-aidl-cpp.so
7545c27000-7545c2a000 ---p 00000000 00:00 0                              [page size compat]
7545c2a000-7545c2c000 r-xp 00004000 fe:11 116689273                      /system/lib64/shared-file-region-aidl-cpp.so
7545c2c000-7545c2e000 ---p 00000000 00:00 0                              [page size compat]
7545c2e000-7545c2f000 r--p 00008000 fe:11 116689273                      /system/lib64/shared-file-region-aidl-cpp.so
7545c37000-7545c3b000 ---p 00000000 00:00 0 
7545c3b000-7545c43000 rw-p 00000000 00:00 0                              [anon:thread signal stack]
7545c43000-7545c52000 r--p 00000000 fe:11 116744296                      /system/lib64/libbase.so
7545c52000-7545c53000 ---p 00000000 00:00 0                              [page size compat]
7545c53000-7545c73000 r-xp 00010000 fe:11 116744296                      /system/lib64/libbase.so
7545c73000-7545c74000 r--p 00030000 fe:11 116744296                      /system/lib64/libbase.so
7545c74000-7545c77000 ---p 00000000 00:00 0 
7545c77000-7545c78000 rw-p 00034000 fe:11 116744296                      /system/lib64/libbase.so
7545c7e000-7545c82000 ---p 00000000 00:00 0 
7545c82000-7545c8a000 rw-p 00000000 00:00 0                              [anon:thread signal stack]
7545c8a000-7545cab000 rw-p 00000000 00:00 0                              [anon:scudo:secondary]
7545cab000-7545cec000 r--p 00000000 fe:11 116923884                      /system/lib64/libprotobuf-cpp-lite.so
7545cec000-7545cef000 ---p 00000000 00:00 0                              [page size compat]
7545cef000-7545d39000 r-xp 00044000 fe:11 116923884                      /system/lib64/libprotobuf-cpp-lite.so
7545d39000-7545d3b000 ---p 00000000 00:00 0                              [page size compat]
7545d3b000-7545d3d000 r--p 00090000 fe:11 116923884                      /system/lib64/libprotobuf-cpp-lite.so
7545d3d000-7545d3f000 ---p 00000000 00:00 0 
7545d3f000-7545d40000 rw-p 00094000 fe:11 116923884                      /system/lib64/libprotobuf-cpp-lite.so
7545d44000-7545d48000 r--p 00000000 fe:11 138885242                      /system/lib64/libVGT.so
7545d48000-7545d4b000 r-xp 00004000 fe:11 138885242                      /system/lib64/libVGT.so
7545d4b000-7545d4c000 ---p 00000000 00:00 0                              [page size compat]
7545d4c000-7545d4d000 r--p 00008000 fe:11 138885242                      /system/lib64/libVGT.so
7545d4d000-7545d50000 ---p 00000000 00:00 0 
7545d50000-7545d51000 rw-p 0000c000 fe:11 138885242                      /system/lib64/libVGT.so
7545d59000-7545db2000 r--p 00000000 fe:12 4162048                        /system_ext/framework/androidx.window.extensions.jar
7545db2000-7545dcc000 r--p 00000000 fe:11 116689775                      /system/lib64/libmediandk.so
7545dcc000-7545dce000 ---p 00000000 00:00 0                              [page size compat]
7545dce000-7545df4000 r-xp 0001c000 fe:11 116689775                      /system/lib64/libmediandk.so
7545df4000-7545df6000 ---p 00000000 00:00 0                              [page size compat]
7545df6000-7545df8000 r--p 00044000 fe:11 116689775                      /system/lib64/libmediandk.so
7545df8000-7545dfa000 ---p 00000000 00:00 0 
7545dfa000-7545dfb000 rw-p 00048000 fe:11 116689775                      /system/lib64/libmediandk.so
7545e00000-7545e17000 r--p 00000000 fe:11 116695532                      /system/lib64/libimage_io.so
7545e17000-7545e18000 ---p 00000000 00:00 0                              [page size compat]
7545e18000-7545e34000 r-xp 00018000 fe:11 116695532                      /system/lib64/libimage_io.so
7545e34000-7545e36000 r--p 00034000 fe:11 116695532                      /system/lib64/libimage_io.so
7545e36000-7545e38000 ---p 00000000 00:00 0 
7545e38000-7545e39000 rw-p 00000000 00:00 0                              [anon:.bss]
7545e3b000-7545e54000 rw-p 00000000 00:00 0                              [anon:scudo:secondary]
7545e54000-7545e63000 r--p 00000000 fe:11 116923257                      /system/lib64/libdatasource.so
7545e63000-7545e64000 ---p 00000000 00:00 0                              [page size compat]
7545e64000-7545e78000 r-xp 00010000 fe:11 116923257                      /system/lib64/libdatasource.so
7545e78000-7545e7a000 r--p 00024000 fe:11 116923257                      /system/lib64/libdatasource.so
7545e7a000-7545e7c000 ---p 00000000 00:00 0 
7545e7c000-7545e7d000 rw-p 00028000 fe:11 116923257                      /system/lib64/libdatasource.so
7545e7f000-7545e83000 ---p 00000000 00:00 0 
7545e83000-7545e8b000 rw-p 00000000 00:00 0                              [anon:thread signal stack]
7545e8b000-7545e8c000 ---p 00000000 00:00 0 
7545e8c000-7545eac000 rw-p 00000000 00:00 0 
7545eac000-7545ead000 ---p 00000000 00:00 0 
7545ead000-7545eae000 r--p 00000000 fe:11 116928380                      /system/lib64/libcodec2_hidl_client@1.1.so
7545eae000-7545eb1000 ---p 00000000 00:00 0                              [page size compat]
7545eb1000-7545eb3000 r-xp 00004000 fe:11 116928380                      /system/lib64/libcodec2_hidl_client@1.1.so
7545eb3000-7545eb5000 ---p 00000000 00:00 0                              [page size compat]
7545eb5000-7545eb6000 r--p 00008000 fe:11 116928380                      /system/lib64/libcodec2_hidl_client@1.1.so
7545eb6000-7545eba000 ---p 00000000 00:00 0 
7545eba000-7545ec2000 rw-p 00000000 00:00 0                              [anon:thread signal stack]
7545ec2000-7545ec8000 r--p 00000000 fe:11 116521704                      /system/lib64/libbpf_bcc.so
7545ec8000-7545eca000 ---p 00000000 00:00 0                              [page size compat]
7545eca000-7545ed0000 r-xp 00008000 fe:11 116521704                      /system/lib64/libbpf_bcc.so
7545ed0000-7545ed2000 ---p 00000000 00:00 0                              [page size compat]
7545ed2000-7545ed4000 r--p 00010000 fe:11 116521704                      /system/lib64/libbpf_bcc.so
7545ed4000-7545ed6000 ---p 00000000 00:00 0 
7545ed6000-7545ed7000 rw-p 00014000 fe:11 116521704                      /system/lib64/libbpf_bcc.so
7545ed8000-7545edc000 ---p 00000000 00:00 0 
7545edc000-7545ee4000 rw-p 00000000 00:00 0                              [anon:thread signal stack]
7545ee4000-7545f1a000 rw-p 00000000 00:00 0                              [anon:scudo:secondary]
7545f1a000-7545f25000 r--p 00000000 fe:11 116739181                      /system/lib64/android.hardware.media.bufferpool2-V2-ndk.so
7545f25000-7545f26000 ---p 00000000 00:00 0                              [page size compat]
7545f26000-7545f2f000 r-xp 0000c000 fe:11 116739181                      /system/lib64/android.hardware.media.bufferpool2-V2-ndk.so
7545f2f000-7545f32000 ---p 00000000 00:00 0                              [page size compat]
7545f32000-7545f34000 r--p 00018000 fe:11 116739181                      /system/lib64/android.hardware.media.bufferpool2-V2-ndk.so
7545f34000-7545f36000 ---p 00000000 00:00 0 
7545f36000-7545f37000 rw-p 0001c000 fe:11 116739181                      /system/lib64/android.hardware.media.bufferpool2-V2-ndk.so
7545f37000-7545f3b000 ---p 00000000 00:00 0 
7545f3b000-7545f43000 rw-p 00000000 00:00 0                              [anon:thread signal stack]
7545f43000-7545f46000 r--p 00000000 fe:11 138886519                      /system/lib64/libtimeinstate.so
7545f46000-7545f47000 ---p 00000000 00:00 0                              [page size compat]
7545f47000-7545f4f000 r-xp 00004000 fe:11 138886519                      /system/lib64/libtimeinstate.so
7545f4f000-7545f50000 r--p 0000c000 fe:11 138886519                      /system/lib64/libtimeinstate.so
7545f50000-7545f53000 ---p 00000000 00:00 0 
7545f53000-7545f54000 rw-p 00000000 00:00 0                              [anon:.bss]
7545f54000-7545fa5000 rw-p 00000000 00:00 0                              [anon:scudo:secondary]
7545fa5000-7545fa7000 r--p 00000000 fe:11 124146813                      /system/lib64/android.hardware.common-V2-cpp.so
7545fa7000-7545fa9000 ---p 00000000 00:00 0                              [page size compat]
7545fa9000-7545faa000 r-xp 00004000 fe:11 124146813                      /system/lib64/android.hardware.common-V2-cpp.so
7545faa000-7545fad000 ---p 00000000 00:00 0                              [page size compat]
7545fad000-7545fae000 r--p 00008000 fe:11 124146813                      /system/lib64/android.hardware.common-V2-cpp.so
7545fae000-7545fc7000 rw-p 00000000 00:00 0                              [anon:scudo:secondary]
7545fc7000-7545fd0000 r--p 00000000 fe:11 116736631                      /system/lib64/android.hardware.graphics.allocator@3.0.so
7545fd0000-7545fd3000 ---p 00000000 00:00 0                              [page size compat]
7545fd3000-7545fdb000 r-xp 0000c000 fe:11 116736631                      /system/lib64/android.hardware.graphics.allocator@3.0.so
7545fdb000-7545fdd000 r--p 00014000 fe:11 116736631                      /system/lib64/android.hardware.graphics.allocator@3.0.so
7545fdd000-7545fdf000 ---p 00000000 00:00 0 
7545fdf000-7545fe0000 rw-p 00018000 fe:11 116736631                      /system/lib64/android.hardware.graphics.allocator@3.0.so
7545fe4000-7546035000 rw-p 00000000 00:00 0                              [anon:scudo:secondary]
7546035000-754613f000 r--p 00000000 fe:11 131112769                      /system/lib64/libandroid_runtime.so
754613f000-7546141000 ---p 00000000 00:00 0                              [page size compat]
7546141000-7546366000 r-xp 0010c000 fe:11 131112769                      /system/lib64/libandroid_runtime.so
7546366000-7546369000 ---p 00000000 00:00 0                              [page size compat]
7546369000-754638e000 r--p 00334000 fe:11 131112769                      /system/lib64/libandroid_runtime.so
754638e000-7546391000 ---p 00000000 00:00 0 
7546391000-7546393000 rw-p 0035c000 fe:11 131112769                      /system/lib64/libandroid_runtime.so
7546393000-7546396000 rw-p 00000000 00:00 0                              [anon:.bss]
754639c000-7546400000 r--s 00000000 fe:29 45                             /apex/com.android.tzdata/etc/tz/versioned/9/tzdata
7546400000-7549800000 ---p 00000000 00:00 0 
754980b000-754986b000 rw-p 00000000 00:00 0                              [anon:scudo:secondary]
754986b000-7549870000 r--p 00000000 fe:11 116751868                      /system/lib64/libvideopolicymanager.so
7549870000-7549873000 ---p 00000000 00:00 0                              [page size compat]
7549873000-7549876000 r-xp 00008000 fe:11 116751868                      /system/lib64/libvideopolicymanager.so
7549876000-7549877000 ---p 00000000 00:00 0                              [page size compat]
7549877000-7549879000 r--p 0000c000 fe:11 116751868                      /system/lib64/libvideopolicymanager.so
7549879000-754987b000 ---p 00000000 00:00 0 
754987b000-754987c000 rw-p 00010000 fe:11 116751868                      /system/lib64/libvideopolicymanager.so
7549881000-75498b7000 rw-p 00000000 00:00 0                              [anon:scudo:secondary]
75498b7000-75498b8000 r--p 00000000 fe:11 116916733                      /system/lib64/android.hardware.graphics.common@1.0.so
75498b8000-75498bb000 ---p 00000000 00:00 0                              [page size compat]
75498bb000-75498bc000 r-xp 00004000 fe:11 116916733                      /system/lib64/android.hardware.graphics.common@1.0.so
75498bc000-75498bf000 ---p 00000000 00:00 0                              [page size compat]
75498bf000-75498c0000 r--p 00008000 fe:11 116916733                      /system/lib64/android.hardware.graphics.common@1.0.so
75498c8000-75498d5000 r--p 00000000 fe:11 116849398                      /system/lib64/android.hidl.memory@1.0.so
75498d5000-75498d8000 ---p 00000000 00:00 0                              [page size compat]
75498d8000-75498e7000 r-xp 00010000 fe:11 116849398                      /system/lib64/android.hidl.memory@1.0.so
75498e7000-75498e8000 ---p 00000000 00:00 0                              [page size compat]
75498e8000-75498eb000 r--p 00020000 fe:11 116849398                      /system/lib64/android.hidl.memory@1.0.so
75498eb000-75498ec000 ---p 00000000 00:00 0 
75498ec000-75498ed000 rw-p 00024000 fe:11 116849398                      /system/lib64/android.hidl.memory@1.0.so
75498f5000-75498f9000 ---p 00000000 00:00 0 
75498f9000-7549901000 rw-p 00000000 00:00 0                              [anon:thread signal stack]
7549901000-754991c000 rw-p 00000000 00:00 0                              [anon:scudo:secondary]
754991c000-754991e000 r--p 00000000 fe:11 117052009                      /system/lib64/libjpegencoder.so
754991e000-7549920000 ---p 00000000 00:00 0                              [page size compat]
7549920000-7549922000 r-xp 00004000 fe:11 117052009                      /system/lib64/libjpegencoder.so
7549922000-7549924000 ---p 00000000 00:00 0                              [page size compat]
7549924000-7549925000 r--p 00008000 fe:11 117052009                      /system/lib64/libjpegencoder.so
7549925000-7549928000 ---p 00000000 00:00 0 
7549928000-7549929000 rw-p 00000000 00:00 0                              [anon:.bss]
754992c000-7549930000 ---p 00000000 00:00 0 
7549930000-7549938000 rw-p 00000000 00:00 0                              [anon:thread signal stack]
7549938000-7549958000 rw-p 00000000 00:00 0                              [anon:dalvik-LinearAlloc]
7549958000-754997e000 r--p 00000000 fe:11 117020529                      /system/lib64/android.hardware.drm@1.4.so
754997e000-7549980000 ---p 00000000 00:00 0                              [page size compat]
7549980000-75499a2000 r-xp 00028000 fe:11 117020529                      /system/lib64/android.hardware.drm@1.4.so
75499a2000-75499a4000 ---p 00000000 00:00 0                              [page size compat]
75499a4000-75499ac000 r--p 0004c000 fe:11 117020529                      /system/lib64/android.hardware.drm@1.4.so
75499ac000-75499ad000 rw-p 00054000 fe:11 117020529                      /system/lib64/android.hardware.drm@1.4.so
75499b0000-75499c7000 rw-p 00000000 00:00 0                              [anon:scudo:secondary]
75499c7000-75499cf000 r--p 00000000 fe:11 116698986                      /system/lib64/libgraphicsenv.so
75499cf000-75499d7000 r-xp 00008000 fe:11 116698986                      /system/lib64/libgraphicsenv.so
75499d7000-75499d9000 r--p 00010000 fe:11 116698986                      /system/lib64/libgraphicsenv.so
75499d9000-75499db000 ---p 00000000 00:00 0 
75499db000-75499dc000 rw-p 00014000 fe:11 116698986                      /system/lib64/libgraphicsenv.so
75499df000-7549a15000 rw-p 00000000 00:00 0                              [anon:scudo:secondary]
7549a15000-7549a16000 r--p 00000000 fe:11 117017839                      /system/lib64/libecosdkwrapper.so
7549a16000-7549a19000 ---p 00000000 00:00 0                              [page size compat]
7549a19000-7549a1a000 r-xp 00004000 fe:11 117017839                      /system/lib64/libecosdkwrapper.so
7549a1a000-7549a1d000 ---p 00000000 00:00 0                              [page size compat]
7549a1d000-7549a1e000 r--p 00008000 fe:11 117017839                      /system/lib64/libecosdkwrapper.so
7549a1e000-7549a21000 ---p 00000000 00:00 0 
7549a21000-7549a22000 rw-p 00000000 00:00 0                              [anon:.bss]
7549a22000-7549a26000 ---p 00000000 00:00 0 
7549a26000-7549a2e000 rw-p 00000000 00:00 0                              [anon:thread signal stack]
7549a2e000-7549a49000 rw-p 00000000 00:00 0                              [anon:scudo:secondary]
7549a49000-7549abb000 r--p 00000000 fe:11 116839268                      /system/lib64/libcrypto.so
7549abb000-7549abd000 ---p 00000000 00:00 0                              [page size compat]
7549abd000-7549b2b000 --xp 00074000 fe:11 116839268                      /system/lib64/libcrypto.so
7549b2b000-7549bc2000 r-xp 000e2000 fe:11 116839268                      /system/lib64/libcrypto.so
7549bc2000-7549bc5000 ---p 00000000 00:00 0                              [page size compat]
7549bc5000-7549bd4000 r--p 0017c000 fe:11 116839268                      /system/lib64/libcrypto.so
7549bd4000-7549bd5000 ---p 00000000 00:00 0 
7549bd5000-7549bd6000 rw-p 0018c000 fe:11 116839268                      /system/lib64/libcrypto.so
7549bd6000-7549bde000 rw-p 00000000 00:00 0                              [anon:.bss]
7549be5000-7549c00000 rw-p 00000000 00:00 0                              [anon:scudo:secondary]
7549c00000-7549cc1000 r--p 00000000 07:78 29                             /apex/com.android.i18n/lib64/libicuuc.so
7549cc1000-7549cc4000 ---p 00000000 00:00 0                              [page size compat]
7549cc4000-7549de3000 r-xp 000c4000 07:78 29                             /apex/com.android.i18n/lib64/libicuuc.so
7549de3000-7549de4000 ---p 00000000 00:00 0                              [page size compat]
7549de4000-7549df9000 r--p 001e4000 07:78 29                             /apex/com.android.i18n/lib64/libicuuc.so
7549df9000-7549dfc000 ---p 00000000 00:00 0 
7549dfc000-7549dfd000 rw-p 001fc000 07:78 29                             /apex/com.android.i18n/lib64/libicuuc.so
7549dfd000-7549dff000 rw-p 00000000 00:00 0                              [anon:.bss]
7549e00000-754d800000 ---p 00000000 00:00 0 
754d809000-754d80d000 ---p 00000000 00:00 0 
754d80d000-754d815000 rw-p 00000000 00:00 0                              [anon:thread signal stack]
754d815000-754d857000 rw-p 00000000 00:00 0                              [anon:scudo:secondary]
754d857000-754d862000 r--p 00000000 fe:12 7267171                        /system_ext/lib64/vendor.mediatek.hardware.mms@1.3.so
754d862000-754d863000 ---p 00000000 00:00 0                              [page size compat]
754d863000-754d86c000 r-xp 0000c000 fe:12 7267171                        /system_ext/lib64/vendor.mediatek.hardware.mms@1.3.so
754d86c000-754d86f000 ---p 00000000 00:00 0                              [page size compat]
754d86f000-754d871000 r--p 00018000 fe:12 7267171                        /system_ext/lib64/vendor.mediatek.hardware.mms@1.3.so
754d871000-754d873000 ---p 00000000 00:00 0 
754d873000-754d874000 rw-p 0001c000 fe:12 7267171                        /system_ext/lib64/vendor.mediatek.hardware.mms@1.3.so
754d875000-754d879000 ---p 00000000 00:00 0 
754d879000-754d881000 rw-p 00000000 00:00 0                              [anon:thread signal stack]
754d881000-754d89c000 rw-p 00000000 00:00 0                              [anon:scudo:secondary]
754d89c000-754d8a2000 r--p 00000000 fe:11 116824174                      /system/lib64/liblog.so
754d8a2000-754d8a4000 ---p 00000000 00:00 0                              [page size compat]
754d8a4000-754d8b4000 r-xp 00008000 fe:11 116824174                      /system/lib64/liblog.so
754d8b4000-754d8b5000 r--p 00018000 fe:11 116824174                      /system/lib64/liblog.so
754d8b5000-754d8b8000 ---p 00000000 00:00 0 
754d8b8000-754d8b9000 rw-p 0001c000 fe:11 116824174                      /system/lib64/liblog.so
754d8c0000-754d8f6000 r--p 00000000 fe:11 116688367                      /system/lib64/libmedia.so
754d8f6000-754d8f8000 ---p 00000000 00:00 0                              [page size compat]
754d8f8000-754d953000 r-xp 00038000 fe:11 116688367                      /system/lib64/libmedia.so
754d953000-754d954000 ---p 00000000 00:00 0                              [page size compat]
754d954000-754d967000 r--p 00094000 fe:11 116688367                      /system/lib64/libmedia.so
754d967000-754d968000 ---p 00000000 00:00 0 
754d968000-754d969000 rw-p 000a8000 fe:11 116688367                      /system/lib64/libmedia.so
754d971000-754d992000 rw-p 00000000 00:00 0                              [anon:scudo:secondary]
754d992000-754d9b9000 r--p 00000000 fe:11 116754927                      /system/lib64/android.hardware.media.omx@1.0.so
754d9b9000-754d9ba000 ---p 00000000 00:00 0                              [page size compat]
754d9ba000-754d9ef000 r-xp 00028000 fe:11 116754927                      /system/lib64/android.hardware.media.omx@1.0.so
754d9ef000-754d9f2000 ---p 00000000 00:00 0                              [page size compat]
754d9f2000-754d9fa000 r--p 00060000 fe:11 116754927                      /system/lib64/android.hardware.media.omx@1.0.so
754d9fa000-754d9fb000 rw-p 00068000 fe:11 116754927                      /system/lib64/android.hardware.media.omx@1.0.so
754d9fc000-754da00000 ---p 00000000 00:00 0 
754da00000-754da08000 rw-p 00000000 00:00 0                              [anon:thread signal stack]
754da08000-754da0c000 ---p 00000000 00:00 0 
754da0c000-754da14000 rw-p 00000000 00:00 0                              [anon:thread signal stack]
754da14000-754da3a000 r--p 00000000 fe:11 117032037                      /system/lib64/libpcre2.so
754da3a000-754da3c000 ---p 00000000 00:00 0                              [page size compat]
754da3c000-754da6c000 r-xp 00028000 fe:11 117032037                      /system/lib64/libpcre2.so
754da6c000-754da6d000 r--p 00058000 fe:11 117032037                      /system/lib64/libpcre2.so
754da6d000-754da70000 ---p 00000000 00:00 0 
754da70000-754da71000 rw-p 0005c000 fe:11 117032037                      /system/lib64/libpcre2.so
754da7a000-754da7e000 ---p 00000000 00:00 0 
754da7e000-754da86000 rw-p 00000000 00:00 0                              [anon:thread signal stack]
754da86000-754da98000 r--p 00000000 fe:11 116743398                      /system/lib64/libharfbuzz_subset.so
754da98000-754da9a000 ---p 00000000 00:00 0                              [page size compat]
754da9a000-754db84000 r-xp 00014000 fe:11 116743398                      /system/lib64/libharfbuzz_subset.so
754db84000-754db86000 ---p 00000000 00:00 0                              [page size compat]
754db86000-754db87000 r--p 00100000 fe:11 116743398                      /system/lib64/libharfbuzz_subset.so
754db87000-754db8a000 ---p 00000000 00:00 0 
754db8a000-754db8b000 rw-p 00104000 fe:11 116743398                      /system/lib64/libharfbuzz_subset.so
754db8d000-754db96000 rw-s 00000000 00:01 1127883                        /dev/ashmem/MemoryHeapBase (deleted)
754db96000-754db9a000 ---p 00000000 00:00 0 
754db9a000-754dba2000 rw-p 00000000 00:00 0                              [anon:thread signal stack]
754dba2000-754dba6000 ---p 00000000 00:00 0 
754dba6000-754dbae000 rw-p 00000000 00:00 0                              [anon:thread signal stack]
754dbae000-754dbdf000 rw-p 00000000 00:00 0                              [anon:scudo:secondary]
754dbdf000-754dbe9000 r--p 00000000 fe:11 124146803                      /system/lib64/android.hardware.cas.native@1.0.so
754dbe9000-754dbeb000 ---p 00000000 00:00 0                              [page size compat]
754dbeb000-754dbf3000 r-xp 0000c000 fe:11 124146803                      /system/lib64/android.hardware.cas.native@1.0.so
754dbf3000-754dbf5000 r--p 00014000 fe:11 124146803                      /system/lib64/android.hardware.cas.native@1.0.so
754dbf5000-754dbf7000 ---p 00000000 00:00 0 
754dbf7000-754dbf8000 rw-p 00018000 fe:11 124146803                      /system/lib64/android.hardware.cas.native@1.0.so
754dbf8000-754dc01000 r--s 00550000 fe:42 1345756                        /data/app/~~fBOmmMkoN3J5b-dAUGNGew==/com.geode.launcher-BThikrXO9HinsMb3clvLqA==/base.apk
754dc01000-754dc05000 ---p 00000000 00:00 0 
754dc05000-754dc0d000 rw-p 00000000 00:00 0                              [anon:thread signal stack]
754dc0d000-754dc21000 r--p 00000000 fe:11 116754921                      /system/lib64/android.hardware.media.c2@1.2.so
754dc21000-754dc35000 r-xp 00014000 fe:11 116754921                      /system/lib64/android.hardware.media.c2@1.2.so
754dc35000-754dc39000 r--p 00028000 fe:11 116754921                      /system/lib64/android.hardware.media.c2@1.2.so
754dc39000-754dc3a000 rw-p 0002c000 fe:11 116754921                      /system/lib64/android.hardware.media.c2@1.2.so
754dc3b000-754dc5b000 rw-p 00000000 00:00 0                              [anon:dalvik-LinearAlloc]
754dc5b000-754dc65000 r--p 00000000 fe:12 7267163                        /system_ext/lib64/vendor.mediatek.hardware.mms@1.1.so
754dc65000-754dc67000 ---p 00000000 00:00 0                              [page size compat]
754dc67000-754dc6f000 r-xp 0000c000 fe:12 7267163                        /system_ext/lib64/vendor.mediatek.hardware.mms@1.1.so
754dc6f000-754dc71000 r--p 00014000 fe:12 7267163                        /system_ext/lib64/vendor.mediatek.hardware.mms@1.1.so
754dc71000-754dc73000 ---p 00000000 00:00 0 
754dc73000-754dc74000 rw-p 00018000 fe:12 7267163                        /system_ext/lib64/vendor.mediatek.hardware.mms@1.1.so
754dc79000-754dc7d000 ---p 00000000 00:00 0 
754dc7d000-754dc85000 rw-p 00000000 00:00 0                              [anon:thread signal stack]
754dc85000-754dc93000 r--p 00000000 fe:11 116758261                      /system/lib64/libjpeg.so
754dc93000-754dc95000 ---p 00000000 00:00 0                              [page size compat]
754dc95000-754dcf2000 r-xp 00010000 fe:11 116758261                      /system/lib64/libjpeg.so
754dcf2000-754dcf5000 ---p 00000000 00:00 0                              [page size compat]
754dcf5000-754dcf6000 r--p 00070000 fe:11 116758261                      /system/lib64/libjpeg.so
754dcfb000-754dd5f000 rw-p 00000000 00:00 0                              [anon:dalvik-indirect ref table]
754dd5f000-754dd60000 r--p 00000000 fe:11 116416636                      /system/lib64/libnativebridge_lazy.so
754dd60000-754dd63000 ---p 00000000 00:00 0                              [page size compat]
754dd63000-754dd64000 r-xp 00004000 fe:11 116416636                      /system/lib64/libnativebridge_lazy.so
754dd64000-754dd67000 ---p 00000000 00:00 0                              [page size compat]
754dd67000-754dd68000 r--p 00008000 fe:11 116416636                      /system/lib64/libnativebridge_lazy.so
754dd68000-754dd6b000 ---p 00000000 00:00 0 
754dd6b000-754dd6c000 rw-p 00000000 00:00 0                              [anon:.bss]
754dd6c000-754dd70000 ---p 00000000 00:00 0 
754dd70000-754dd78000 rw-p 00000000 00:00 0                              [anon:thread signal stack]
754dd78000-754dd7c000 ---p 00000000 00:00 0 
754dd7c000-754dd84000 rw-p 00000000 00:00 0                              [anon:thread signal stack]
754dd84000-754dd88000 ---p 00000000 00:00 0 
754dd88000-754dd90000 rw-p 00000000 00:00 0                              [anon:thread signal stack]
754dd90000-754dd94000 ---p 00000000 00:00 0 
754dd94000-754dd9c000 rw-p 00000000 00:00 0                              [anon:thread signal stack]
754dd9c000-754dda7000 r--p 00000000 fe:12 7267167                        /system_ext/lib64/vendor.mediatek.hardware.mms@1.2.so
754dda7000-754dda8000 ---p 00000000 00:00 0                              [page size compat]
754dda8000-754ddb0000 r-xp 0000c000 fe:12 7267167                        /system_ext/lib64/vendor.mediatek.hardware.mms@1.2.so
754ddb0000-754ddb2000 r--p 00014000 fe:12 7267167                        /system_ext/lib64/vendor.mediatek.hardware.mms@1.2.so
754ddb2000-754ddb4000 ---p 00000000 00:00 0 
754ddb4000-754ddb5000 rw-p 00018000 fe:12 7267167                        /system_ext/lib64/vendor.mediatek.hardware.mms@1.2.so
754ddbb000-754ddbf000 ---p 00000000 00:00 0 
754ddbf000-754ddc7000 rw-p 00000000 00:00 0                              [anon:thread signal stack]
754ddc7000-754ddc8000 r--p 00000000 fe:11 117020541                      /system/lib64/android.hardware.graphics.common@1.2.so
754ddc8000-754ddcb000 ---p 00000000 00:00 0                              [page size compat]
754ddcb000-754ddcc000 r-xp 00004000 fe:11 117020541                      /system/lib64/android.hardware.graphics.common@1.2.so
754ddcc000-754ddcf000 ---p 00000000 00:00 0                              [page size compat]
754ddcf000-754ddd0000 r--p 00008000 fe:11 117020541                      /system/lib64/android.hardware.graphics.common@1.2.so
754ddd3000-754ddd7000 ---p 00000000 00:00 0 
754ddd7000-754dddf000 rw-p 00000000 00:00 0                              [anon:thread signal stack]
754dddf000-754dde3000 ---p 00000000 00:00 0 
754dde3000-754ddeb000 rw-p 00000000 00:00 0                              [anon:thread signal stack]
754ddeb000-754ddf4000 r--s 00550000 fe:42 1345756                        /data/app/~~fBOmmMkoN3J5b-dAUGNGew==/com.geode.launcher-BThikrXO9HinsMb3clvLqA==/base.apk
754ddf4000-754ddf8000 ---p 00000000 00:00 0 
754ddf8000-754de00000 rw-p 00000000 00:00 0                              [anon:thread signal stack]
754de00000-7551000000 ---p 00000000 00:00 0 
7551001000-755104f000 r--s 00000000 fe:11 172849784                      /system/usr/hyphen-data/hyph-hu.hyb
755104f000-7551054000 r--p 00000000 fe:11 116749289                      /system/lib64/android.system.suspend-V1-ndk.so
7551054000-7551057000 ---p 00000000 00:00 0                              [page size compat]
7551057000-755105b000 r-xp 00008000 fe:11 116749289                      /system/lib64/android.system.suspend-V1-ndk.so
755105b000-755105c000 r--p 0000c000 fe:11 116749289                      /system/lib64/android.system.suspend-V1-ndk.so
755105c000-755105f000 ---p 00000000 00:00 0 
755105f000-7551060000 rw-p 00010000 fe:11 116749289                      /system/lib64/android.system.suspend-V1-ndk.so
7551060000-7551061000 rw-p 00000000 00:00 0                              [anon:bionic_alloc_small_objects]
7551063000-7551065000 rw-s 00000000 00:01 1128749                        /memfd:gralloc_shared_memory (deleted)
7551065000-7551067000 rw-s 00000000 00:01 1127888                        /memfd:gralloc_shared_memory (deleted)
7551067000-755106b000 ---p 00000000 00:00 0 
755106b000-7551073000 rw-p 00000000 00:00 0                              [anon:thread signal stack]
7551073000-7551077000 ---p 00000000 00:00 0 
7551077000-755107f000 rw-p 00000000 00:00 0                              [anon:thread signal stack]
755107f000-75510a4000 r--s 00000000 fe:29 42                             /apex/com.android.tzdata/etc/tz/versioned/9/icu/zoneinfo64.res
75510a4000-75510ac000 r--p 00000000 fe:11 116758121                      /system/lib64/android.hardware.memtrack@1.0.so
75510ac000-75510b3000 r-xp 00008000 fe:11 116758121                      /system/lib64/android.hardware.memtrack@1.0.so
75510b3000-75510b4000 ---p 00000000 00:00 0                              [page size compat]
75510b4000-75510b6000 r--p 00010000 fe:11 116758121                      /system/lib64/android.hardware.memtrack@1.0.so
75510b6000-75510b8000 ---p 00000000 00:00 0 
75510b8000-75510b9000 rw-p 00014000 fe:11 116758121                      /system/lib64/android.hardware.memtrack@1.0.so
75510ba000-75510bc000 rw-s 00000000 00:01 1130522                        /memfd:gralloc_shared_memory (deleted)
75510bc000-75510e0000 r--s 00000000 fe:11 172849531                      /system/usr/hyphen-data/hyph-nn.hyb
75510e0000-75510e9000 r--p 00000000 fe:11 116840054                      /system/lib64/libpermission.so
75510e9000-75510ec000 ---p 00000000 00:00 0                              [page size compat]
75510ec000-75510f3000 r-xp 0000c000 fe:11 116840054                      /system/lib64/libpermission.so
75510f3000-75510f4000 ---p 00000000 00:00 0                              [page size compat]
75510f4000-75510f7000 r--p 00014000 fe:11 116840054                      /system/lib64/libpermission.so
75510f7000-75510f8000 ---p 00000000 00:00 0 
75510f8000-75510f9000 rw-p 00018000 fe:11 116840054                      /system/lib64/libpermission.so
75510f9000-75510fb000 rw-s 00000000 00:01 1127887                        /memfd:gralloc_shared_memory (deleted)
75510fb000-75510fd000 rw-s 00000000 00:01 1125251                        /memfd:gralloc_shared_memory (deleted)
75510fd000-7551101000 ---p 00000000 00:00 0 
7551101000-7551109000 rw-p 00000000 00:00 0                              [anon:thread signal stack]
7551109000-7551112000 r--p 00000000 fe:11 116849390                      /system/lib64/android.hidl.allocator@1.0.so
7551112000-7551115000 ---p 00000000 00:00 0                              [page size compat]
7551115000-755111d000 r-xp 0000c000 fe:11 116849390                      /system/lib64/android.hidl.allocator@1.0.so
755111d000-755111f000 r--p 00014000 fe:11 116849390                      /system/lib64/android.hidl.allocator@1.0.so
755111f000-7551121000 ---p 00000000 00:00 0 
7551121000-7551122000 rw-p 00018000 fe:11 116849390                      /system/lib64/android.hidl.allocator@1.0.so
7551122000-7551124000 rw-p 00000000 00:00 0                              [anon:bionic_alloc_lob]
7551124000-7551125000 r--s 00000000 00:01 4132                           /dev/ashmem/15f4a017-f332-4240-a4b6-7fec66d449c1 (deleted)
7551125000-7551126000 r--s 0aa9c000 fe:42 1153314                        /data/app/~~Tpoeh1Xo8SLHqIfLOei9Cg==/com.robtopx.geometryjump-Yla-eCkANKm8To_NQH2vxg==/base.apk
7551126000-7551128000 rw-s 00000000 00:01 1127886                        /memfd:gralloc_shared_memory (deleted)
7551128000-755112c000 ---p 00000000 00:00 0 
755112c000-7551134000 rw-p 00000000 00:00 0                              [anon:thread signal stack]
7551134000-7551158000 r--s 00000000 fe:11 172848891                      /system/usr/hyphen-data/hyph-nb.hyb
7551158000-755115f000 r--p 00000000 fe:11 116916966                      /system/lib64/libmedia_codeclist.so
755115f000-7551160000 ---p 00000000 00:00 0                              [page size compat]
7551160000-755116b000 r-xp 00008000 fe:11 116916966                      /system/lib64/libmedia_codeclist.so
755116b000-755116c000 ---p 00000000 00:00 0                              [page size compat]
755116c000-755116e000 r--p 00014000 fe:11 116916966                      /system/lib64/libmedia_codeclist.so
755116e000-7551170000 ---p 00000000 00:00 0 
7551170000-7551171000 rw-p 00018000 fe:11 116916966                      /system/lib64/libmedia_codeclist.so
7551171000-7551172000 rw-p 00000000 00:00 0                              [anon:dalvik-local ref table]
7551173000-7551174000 rw-p 00000000 00:00 0                              [anon:dalvik-local ref table]
7551174000-7551176000 rw-s 00000000 00:01 1128738                        /memfd:gralloc_shared_memory (deleted)
7551176000-7551178000 rw-s 00000000 00:01 1125903                        /memfd:gralloc_shared_memory (deleted)
7551178000-755117c000 ---p 00000000 00:00 0 
755117c000-7551184000 rw-p 00000000 00:00 0                              [anon:thread signal stack]
7551184000-7551188000 ---p 00000000 00:00 0 
7551188000-7551190000 rw-p 00000000 00:00 0                              [anon:thread signal stack]
7551190000-75511ae000 r--s 00000000 fe:11 172796793                      /system/usr/hyphen-data/hyph-de-ch-1901.hyb
75511ae000-75511b0000 r--p 00000000 fe:11 116740221                      /system/lib64/libbattery.so
75511b0000-75511b2000 ---p 00000000 00:00 0                              [page size compat]
75511b2000-75511b3000 r-xp 00004000 fe:11 116740221                      /system/lib64/libbattery.so
75511b3000-75511b6000 ---p 00000000 00:00 0                              [page size compat]
75511b6000-75511b7000 r--p 00008000 fe:11 116740221                      /system/lib64/libbattery.so
75511b7000-75511b9000 rw-s 00000000 00:01 1130517                        /memfd:gralloc_shared_memory (deleted)
75511b9000-75511ba000 r--s 00000000 00:01 5176                           /dev/ashmem/c0416b6c-1ecb-48db-97fc-36c90bbdeedf (deleted)
75511ba000-75511bb000 r--s 00000000 00:01 6223                           /dev/ashmem/0b8bccae-be16-4e24-a571-033feba78be0 (deleted)
75511bb000-75511bc000 rw-s 00000000 00:01 1121277                        /dev/ashmem/GFXStats-21329 (deleted)
75511bc000-75511bd000 r--s 00000000 00:01 4132                           /dev/ashmem/15f4a017-f332-4240-a4b6-7fec66d449c1 (deleted)
75511bd000-75511be000 r--s 00000000 00:01 4132                           /dev/ashmem/15f4a017-f332-4240-a4b6-7fec66d449c1 (deleted)
75511be000-75511bf000 r--s 00000000 00:01 6223                           /dev/ashmem/0b8bccae-be16-4e24-a571-033feba78be0 (deleted)
75511bf000-75511d1000 r--s 00000000 fe:11 172850937                      /system/usr/hyphen-data/hyph-sv.hyb
75511d1000-75511ef000 r--s 00000000 fe:11 172796788                      /system/usr/hyphen-data/hyph-de-1996.hyb
75511ef000-75511f5000 r--p 00000000 fe:11 116906729                      /system/lib64/libvivoaudiopolicymanager.so
75511f5000-75511f7000 ---p 00000000 00:00 0                              [page size compat]
75511f7000-75511fb000 r-xp 00008000 fe:11 116906729                      /system/lib64/libvivoaudiopolicymanager.so
75511fb000-75511fd000 r--p 0000c000 fe:11 116906729                      /system/lib64/libvivoaudiopolicymanager.so
75511fd000-75511ff000 ---p 00000000 00:00 0 
75511ff000-7551200000 rw-p 00010000 fe:11 116906729                      /system/lib64/libvivoaudiopolicymanager.so
7551200000-7551201000 r--s 00000000 00:01 5176                           /dev/ashmem/c0416b6c-1ecb-48db-97fc-36c90bbdeedf (deleted)
7551201000-7551202000 r--s 00000000 00:01 6223                           /dev/ashmem/0b8bccae-be16-4e24-a571-033feba78be0 (deleted)
7551202000-7551203000 r--s 00000000 00:01 5176                           /dev/ashmem/c0416b6c-1ecb-48db-97fc-36c90bbdeedf (deleted)
7551203000-7551204000 r--s 00000000 00:01 5176                           /dev/ashmem/c0416b6c-1ecb-48db-97fc-36c90bbdeedf (deleted)
7551204000-7551205000 r--s 00000000 00:01 5176                           /dev/ashmem/c0416b6c-1ecb-48db-97fc-36c90bbdeedf (deleted)
7551205000-7551210000 r--s 00000000 fe:29 39                             /apex/com.android.tzdata/etc/tz/versioned/9/icu/metaZones.res
7551210000-7551213000 r--p 00000000 fe:11 116740200                      /system/lib64/libaudiomanager.so
7551213000-7551214000 ---p 00000000 00:00 0                              [page size compat]
7551214000-7551216000 r-xp 00004000 fe:11 116740200                      /system/lib64/libaudiomanager.so
7551216000-7551218000 ---p 00000000 00:00 0                              [page size compat]
7551218000-7551219000 r--p 00008000 fe:11 116740200                      /system/lib64/libaudiomanager.so
7551219000-755121c000 ---p 00000000 00:00 0 
755121c000-755121d000 rw-p 0000c000 fe:11 116740200                      /system/lib64/libaudiomanager.so
755121d000-755121e000 rw-p 00000000 00:00 0                              [anon:bionic_alloc_lob]
755121e000-755121f000 r--s 002dc000 00:01 2060                           /mali csf user_reg (deleted)
755121f000-7551220000 r--s 00000000 00:01 5176                           /dev/ashmem/c0416b6c-1ecb-48db-97fc-36c90bbdeedf (deleted)
7551220000-7551221000 rw-p 00000000 00:00 0                              [anon:dalvik-local ref table]
7551221000-7551231000 r--s 00000000 fe:11 172848636                      /system/usr/hyphen-data/hyph-sk.hyb
7551231000-7551232000 rw-p 00000000 00:00 0                              [anon:bionic_alloc_small_objects]
7551232000-7551233000 r--s 00000000 fe:14 29423806                       /product/overlay/NavigationBarModeGestural/NavigationBarModeGesturalOverlay.apk
7551233000-7551234000 r--s 00004000 fe:14 29423806                       /product/overlay/NavigationBarModeGestural/NavigationBarModeGesturalOverlay.apk
7551234000-7551235000 r--s 00000000 fe:42 1657114                        /data/resource-cache/product@overlay@NavigationBarModeGestural@NavigationBarModeGesturalOverlay.apk@idmap
7551235000-7551236000 r--s 00000000 fe:14 29423815                       /product/overlay/TransparentNavigationBar/TransparentNavigationBarOverlay.apk
7551236000-755123c000 r--s 00000000 fe:29 41                             /apex/com.android.tzdata/etc/tz/versioned/9/icu/windowsZones.res
755123c000-7551241000 r--s 00000000 fe:11 172850940                      /system/usr/hyphen-data/hyph-uk.hyb
7551241000-7551246000 r--s 00000000 fe:11 172849659                      /system/usr/hyphen-data/hyph-ru.hyb
7551246000-7551256000 r--p 00000000 fe:12 7264430                        /system_ext/lib64/libaudioutilmtk.so
7551256000-7551272000 r-xp 00010000 fe:12 7264430                        /system_ext/lib64/libaudioutilmtk.so
7551272000-7551274000 r--p 0002c000 fe:12 7264430                        /system_ext/lib64/libaudioutilmtk.so
7551274000-7551276000 ---p 00000000 00:00 0 
7551276000-7551277000 rw-p 00030000 fe:12 7264430                        /system_ext/lib64/libaudioutilmtk.so
7551277000-7551297000 r--p 00000000 00:00 0                              [anon:atexit handlers]
7551297000-755129c000 r--p 00000000 fe:11 116759927                      /system/lib64/libappfuse.so
755129c000-755129f000 ---p 00000000 00:00 0                              [page size compat]
755129f000-75512a6000 r-xp 00008000 fe:11 116759927                      /system/lib64/libappfuse.so
75512a6000-75512a7000 ---p 00000000 00:00 0                              [page size compat]
75512a7000-75512a8000 r--p 00010000 fe:11 116759927                      /system/lib64/libappfuse.so
75512a8000-75512ab000 ---p 00000000 00:00 0 
75512ab000-75512ac000 rw-p 00000000 00:00 0                              [anon:.bss]
75512ac000-75512ad000 r--s 00003000 fe:14 29423815                       /product/overlay/TransparentNavigationBar/TransparentNavigationBarOverlay.apk
75512ad000-75512ae000 rw-p 00000000 00:00 0 
75512ae000-75512af000 r--s 00000000 fe:11 172851584                      /system/usr/hyphen-data/hyph-und-ethi.hyb
75512af000-75512b0000 r--s 00000000 fe:11 172851456                      /system/usr/hyphen-data/hyph-tk.hyb
75512b0000-75512d3000 rw-p 00000000 00:00 0                              [anon:scudo:secondary]
75512d3000-75512d6000 r--p 00000000 fe:11 138885995                      /system/lib64/libvivofmkmedialogctrl.so
75512d6000-75512d7000 ---p 00000000 00:00 0                              [page size compat]
75512d7000-75512ef000 r-xp 00004000 fe:11 138885995                      /system/lib64/libvivofmkmedialogctrl.so
75512ef000-75512f0000 r--p 0001c000 fe:11 138885995                      /system/lib64/libvivofmkmedialogctrl.so
75512f0000-75512f3000 ---p 00000000 00:00 0 
75512f3000-75512f4000 rw-p 00000000 00:00 0                              [anon:.bss]
75512f4000-75512f5000 r--s 00000000 fe:11 172848743                      /system/usr/hyphen-data/hyph-te.hyb
75512f5000-7551313000 r--s 00000000 fe:11 172791290                      /system/usr/hyphen-data/hyph-de-1901.hyb
7551313000-755131e000 r--p 00000000 fe:11 116831227                      /system/lib64/libcodec2_aidl_client.so
755131e000-755131f000 ---p 00000000 00:00 0                              [page size compat]
755131f000-7551333000 r-xp 0000c000 fe:11 116831227                      /system/lib64/libcodec2_aidl_client.so
7551333000-7551334000 r--p 00020000 fe:11 116831227                      /system/lib64/libcodec2_aidl_client.so
7551334000-7551337000 ---p 00000000 00:00 0 
7551337000-7551338000 rw-p 00000000 00:00 0                              [anon:.bss]
7551338000-7551339000 r--s 00000000 fe:11 172792428                      /system/usr/hyphen-data/hyph-ta.hyb
7551339000-755134c000 r--s 00000000 fe:11 172848896                      /system/usr/hyphen-data/hyph-nl.hyb
755134c000-755136c000 rw-p 00000000 00:00 0                              [anon:dalvik-LinearAlloc]
755136c000-755136d000 r--p 00000000 fe:11 116756347                      /system/lib64/libhardware.so
755136d000-7551370000 ---p 00000000 00:00 0                              [page size compat]
7551370000-7551371000 r-xp 00004000 fe:11 116756347                      /system/lib64/libhardware.so
7551371000-7551374000 ---p 00000000 00:00 0                              [page size compat]
7551374000-7551375000 r--p 00008000 fe:11 116756347                      /system/lib64/libhardware.so
7551375000-7551376000 rw-p 00000000 00:00 0                              [anon:bionic_alloc_small_objects]
7551376000-7551377000 r--s 00000000 fe:11 172851200                      /system/usr/hyphen-data/hyph-sq.hyb
7551377000-7551379000 r--s 00000000 fe:11 172848640                      /system/usr/hyphen-data/hyph-sl.hyb
7551379000-755137a000 r--s 00000000 fe:11 172850944                      /system/usr/hyphen-data/hyph-pt.hyb
755137a000-755137f000 r--s 00000000 fe:11 172850300                      /system/usr/hyphen-data/hyph-pl.hyb
755137f000-7551380000 r--s 00000000 fe:11 172849003                      /system/usr/hyphen-data/hyph-pa.hyb
7551380000-7551381000 r--s 00000000 fe:11 172850915                      /system/usr/hyphen-data/hyph-or.hyb
7551381000-7551390000 r--s 00000000 fe:11 172847992                      /system/usr/hyphen-data/hyph-en-us.hyb
7551390000-7551391000 r--p 00000000 fe:11 116742902                      /system/lib64/android.database.sqlite-aconfig-cc.so
7551391000-7551394000 ---p 00000000 00:00 0                              [page size compat]
7551394000-7551395000 r-xp 00004000 fe:11 116742902                      /system/lib64/android.database.sqlite-aconfig-cc.so
7551395000-7551398000 ---p 00000000 00:00 0                              [page size compat]
7551398000-7551399000 r--p 00008000 fe:11 116742902                      /system/lib64/android.database.sqlite-aconfig-cc.so
7551399000-755139c000 ---p 00000000 00:00 0 
755139c000-755139d000 rw-p 00000000 00:00 0                              [anon:.bss]
755139d000-755139e000 r--s 00000000 fe:11 172796632                      /system/usr/hyphen-data/hyph-mr.hyb
755139e000-75513a0000 r--s 00000000 fe:11 161360382                      /system/usr/hyphen-data/hyph-mn-cyrl.hyb
75513a0000-75513aa000 r--s 00000000 fe:11 172849916                      /system/usr/hyphen-data/hyph-lv.hyb
75513aa000-75513ca000 rw-p 00000000 00:00 0                              [anon:dalvik-LinearAlloc]
75513ca000-75513cc000 r--p 00000000 fe:3a 70                             /apex/com.android.art/lib64/libnativebridge.so
75513cc000-75513ce000 ---p 00000000 00:00 0                              [page size compat]
75513ce000-75513d0000 r-xp 00004000 fe:3a 70                             /apex/com.android.art/lib64/libnativebridge.so
75513d0000-75513d2000 ---p 00000000 00:00 0                              [page size compat]
75513d2000-75513d3000 r--p 00008000 fe:3a 70                             /apex/com.android.art/lib64/libnativebridge.so
75513d3000-75513d6000 ---p 00000000 00:00 0 
75513d6000-75513d7000 rw-p 00000000 00:00 0                              [anon:.bss]
75513d7000-75513e0000 r--s 00000000 fe:11 172849664                      /system/usr/hyphen-data/hyph-ga.hyb
75513e0000-7551400000 rw-p 00000000 00:00 0                              [anon:dalvik-LinearAlloc]
7551400000-7551401000 r--p 00000000 fe:11 116823918                      /system/lib64/aconfig_mediacodec_flags_c_lib.so
7551401000-7551404000 ---p 00000000 00:00 0                              [page size compat]
7551404000-7551406000 r-xp 00004000 fe:11 116823918                      /system/lib64/aconfig_mediacodec_flags_c_lib.so
7551406000-7551408000 ---p 00000000 00:00 0                              [page size compat]
7551408000-7551409000 r--p 00008000 fe:11 116823918                      /system/lib64/aconfig_mediacodec_flags_c_lib.so
7551409000-755140c000 ---p 00000000 00:00 0 
755140c000-755140d000 rw-p 00000000 00:00 0                              [anon:.bss]
755140d000-755140e000 r--s 00000000 fe:11 172850661                      /system/usr/hyphen-data/hyph-ml.hyb
755140e000-7551411000 r--s 00000000 fe:11 172792573                      /system/usr/hyphen-data/hyph-ka.hyb
7551411000-7551469000 rw-p 00000000 00:00 0                              [anon:scudo:secondary]
7551469000-7551497000 r--p 00000000 fe:11 117083109                      /system/lib64/libsqlite.so
7551497000-7551499000 ---p 00000000 00:00 0                              [page size compat]
7551499000-75515b5000 r-xp 00030000 fe:11 117083109                      /system/lib64/libsqlite.so
75515b5000-75515b8000 r--p 0014c000 fe:11 117083109                      /system/lib64/libsqlite.so
75515b8000-75515b9000 ---p 00000000 00:00 0 
75515b9000-75515bc000 rw-p 00150000 fe:11 117083109                      /system/lib64/libsqlite.so
75515bc000-75515bd000 rw-p 00000000 00:00 0                              [anon:.bss]
75515bd000-75515bf000 r--s 00000000 fe:11 172850432                      /system/usr/hyphen-data/hyph-lt.hyb
75515bf000-75515cf000 r--s 00000000 fe:11 172792700                      /system/usr/hyphen-data/hyph-cs.hyb
75515cf000-7551600000 rw-p 00000000 00:00 0                              [anon:scudo:secondary]
7551600000-7554c00000 ---p 00000000 00:00 0 
7554c00000-7554c01000 r--s 00000000 fe:11 172849857                      /system/usr/hyphen-data/hyph-la.hyb
7554c01000-7554c02000 r--s 00000000 fe:11 172850408                      /system/usr/hyphen-data/hyph-kn.hyb
7554c02000-7554c03000 r--s 00000000 fe:11 172850176                      /system/usr/hyphen-data/hyph-it.hyb
7554c03000-7554c06000 r--s 00000000 fe:11 172848888                      /system/usr/hyphen-data/hyph-gl.hyb
7554c06000-7554c51000 r--p 00000000 fe:11 117030004                      /system/fonts/RobotoStatic-Regular.ttf
7554c51000-7554c5d000 r--p 00000000 fe:11 116742390                      /system/lib64/android.media.audio.common.types-V4-cpp.so
7554c5d000-7554c71000 r-xp 0000c000 fe:11 116742390                      /system/lib64/android.media.audio.common.types-V4-cpp.so
7554c71000-7554c73000 r--p 00020000 fe:11 116742390                      /system/lib64/android.media.audio.common.types-V4-cpp.so
7554c73000-7554c74000 r--s 00000000 fe:11 172850017                      /system/usr/hyphen-data/hyph-hy.hyb
7554c74000-7554c75000 r--s 00000000 fe:11 172849920                      /system/usr/hyphen-data/hyph-hr.hyb
7554c75000-7554c77000 r--s 00000000 fe:11 141197822                      /system/usr/hyphen-data/hyph-fr.hyb
7554c77000-7554c7d000 r--s 00000000 fe:11 172847996                      /system/usr/hyphen-data/hyph-et.hyb
7554c7d000-7554c90000 r--s 001ae000 fe:12 1515486                        /system_ext/app/mediatek-res/mediatek-res.apk
7554c90000-7554c9f000 r--p 00000000 fe:11 116735088                      /system/lib64/libstagefright_aidl_bufferpool2.so
7554c9f000-7554ca0000 ---p 00000000 00:00 0                              [page size compat]
7554ca0000-7554cb6000 r-xp 00010000 fe:11 116735088                      /system/lib64/libstagefright_aidl_bufferpool2.so
7554cb6000-7554cb8000 ---p 00000000 00:00 0                              [page size compat]
7554cb8000-7554cb9000 r--p 00028000 fe:11 116735088                      /system/lib64/libstagefright_aidl_bufferpool2.so
7554cb9000-7554cbc000 ---p 00000000 00:00 0 
7554cbc000-7554cbd000 rw-p 00000000 00:00 0                              [anon:.bss]
7554cbd000-7554cc9000 r--s 00000000 fe:11 172847988                      /system/usr/hyphen-data/hyph-en-gb.hyb
7554cc9000-7554ccc000 r--p 00000000 fe:11 116684400                      /system/lib64/libutilscallstack.so
7554ccc000-7554ccd000 ---p 00000000 00:00 0                              [page size compat]
7554ccd000-7554cd0000 r-xp 00004000 fe:11 116684400                      /system/lib64/libutilscallstack.so
7554cd0000-7554cd1000 ---p 00000000 00:00 0                              [page size compat]
7554cd1000-7554cd2000 r--p 00008000 fe:11 116684400                      /system/lib64/libutilscallstack.so
7554cd2000-7554cd5000 ---p 00000000 00:00 0 
7554cd5000-7554cd6000 rw-p 00000000 00:00 0                              [anon:.bss]
7554cd6000-7554cd7000 r--s 00000000 fe:11 172849761                      /system/usr/hyphen-data/hyph-hi.hyb
7554cd7000-7554ce4000 r--s 00000000 fe:11 172791932                      /system/usr/hyphen-data/hyph-cu.hyb
7554ce4000-7554d04000 rw-p 00000000 00:00 0                              [anon:dalvik-LinearAlloc]
7554d04000-7554d0a000 r--p 00000000 fe:11 117035385                      /system/lib64/framework-permission-aidl-cpp.so
7554d0a000-7554d0c000 ---p 00000000 00:00 0                              [page size compat]
7554d0c000-7554d0f000 r-xp 00008000 fe:11 117035385                      /system/lib64/framework-permission-aidl-cpp.so
7554d0f000-7554d10000 ---p 00000000 00:00 0                              [page size compat]
7554d10000-7554d12000 r--p 0000c000 fe:11 117035385                      /system/lib64/framework-permission-aidl-cpp.so
7554d12000-7554d14000 ---p 00000000 00:00 0 
7554d14000-7554d15000 rw-p 00010000 fe:11 117035385                      /system/lib64/framework-permission-aidl-cpp.so
7554d15000-7554d27000 r--s 00000000 fe:11 172792697                      /system/usr/hyphen-data/hyph-af.hyb
7554d27000-7554d47000 rw-p 00000000 00:00 0                              [anon:dalvik-LinearAlloc]
7554d47000-7554d50000 r--p 00000000 fe:11 116695538                      /system/lib64/libimg_utils.so
7554d50000-7554d53000 ---p 00000000 00:00 0                              [page size compat]
7554d53000-7554d65000 r-xp 0000c000 fe:11 116695538                      /system/lib64/libimg_utils.so
7554d65000-7554d67000 ---p 00000000 00:00 0                              [page size compat]
7554d67000-7554d69000 r--p 00020000 fe:11 116695538                      /system/lib64/libimg_utils.so
7554d69000-7554d6b000 ---p 00000000 00:00 0 
7554d6b000-7554d6c000 rw-p 00000000 00:00 0                              [anon:.bss]
7554d6c000-7554d6d000 r--s 00000000 fe:11 172791658                      /system/usr/hyphen-data/hyph-gu.hyb
7554d6d000-7554d71000 r--s 00000000 fe:11 172849277                      /system/usr/hyphen-data/hyph-es.hyb
7554d71000-7554d7b000 r--p 00000000 fe:12 4162058                        /system_ext/framework/androidx.window.sidecar.jar
7554d7b000-7554d9b000 rw-p 00000000 00:00 0                              [anon:dalvik-LinearAlloc]
7554d9b000-7554db5000 r--p 00000000 fe:11 116831976                      /system/lib64/libaudioclient_aidl_conversion.so
7554db5000-7554db7000 ---p 00000000 00:00 0                              [page size compat]
7554db7000-7554df3000 r-xp 0001c000 fe:11 116831976                      /system/lib64/libaudioclient_aidl_conversion.so
7554df3000-7554df5000 r--p 00058000 fe:11 116831976                      /system/lib64/libaudioclient_aidl_conversion.so
7554df5000-7554df7000 ---p 00000000 00:00 0 
7554df7000-7554df8000 rw-p 00000000 00:00 0                              [anon:.bss]
7554df8000-7554dfa000 r--s 00000000 fe:11 160656638                      /system/usr/hyphen-data/hyph-el.hyb
7554dfa000-7554e00000 r--s 00000000 fe:29 40                             /apex/com.android.tzdata/etc/tz/versioned/9/icu/timezoneTypes.res
7554e00000-7554e08000 r--p 00000000 fe:11 124157817                      /system/framework/com.android.location.provider.jar
7554e08000-7554e17000 r--p 00000000 fe:11 116744296                      /system/lib64/libbase.so
7554e17000-7554e18000 ---p 00000000 00:00 0                              [page size compat]
7554e18000-7554e38000 r-xp 00010000 fe:11 116744296                      /system/lib64/libbase.so
7554e38000-7554e39000 r--p 00030000 fe:11 116744296                      /system/lib64/libbase.so
7554e39000-7554e3c000 ---p 00000000 00:00 0 
7554e3c000-7554e3d000 rw-p 00034000 fe:11 116744296                      /system/lib64/libbase.so
7554e3d000-7554e3e000 r--s 00000000 fe:11 172848096                      /system/usr/hyphen-data/hyph-eu.hyb
7554e3e000-7554e40000 rw-p 00000000 00:00 0                              [anon:bionic_alloc_small_objects]
7554e40000-7554e41000 rw-p 00000000 fe:12 4165942                        /system_ext/framework/oat/arm64/androidx.window.sidecar.vdex
7554e41000-7554e5b000 rw-p 00000000 00:00 0                              [anon:scudo:secondary]
7554e5b000-7554ed3000 r--p 00000000 fe:11 116746603                      /system/lib64/libc++.so
7554ed3000-7554ed6000 ---p 00000000 00:00 0 
7554ed6000-7554f56000 r-xp 00077000 fe:11 116746603                      /system/lib64/libc++.so
7554f56000-7554f59000 ---p 00000000 00:00 0 
7554f59000-7554f61000 r--p 000f6000 fe:11 116746603                      /system/lib64/libc++.so
7554f61000-7554f64000 ---p 00000000 00:00 0 
7554f64000-7554f65000 rw-p 000fd000 fe:11 116746603                      /system/lib64/libc++.so
7554f65000-7554f6d000 rw-p 00000000 00:00 0                              [anon:.bss]
7554f6d000-7554f70000 rw-p 00000000 00:00 0                              [anon:bionic_alloc_small_objects]
7554f70000-7554f72000 rw-p 00000000 fe:12 4166122                        /system_ext/framework/oat/arm64/androidx.window.extensions.vdex
7554f72000-7554f73000 rw-p 00000000 00:00 0                              [anon:bionic_alloc_small_objects]
7554f73000-7554f75000 rw-p 00000000 00:00 0                              [anon:bionic_alloc_lob]
7554f75000-7554f76000 r--p 00004000 fe:42 1737606                        /data/misc/apexdata/com.android.art/dalvik-cache/arm64/system@framework@com.android.location.provider.jar@classes.art
7554f76000-7554f77000 rw-p 00000000 fe:42 1737611                        /data/misc/apexdata/com.android.art/dalvik-cache/arm64/system@framework@com.android.location.provider.jar@classes.vdex
7554f77000-7554f78000 rw-p 00000000 00:00 0                              [anon:bionic_alloc_small_objects]
7554f78000-7554f7b000 r--p 00000000 fe:11 124157820                      /system/framework/com.android.media.remotedisplay.jar
7554f7b000-7554f7c000 rw-p 00000000 00:00 0                              [anon:bionic_alloc_small_objects]
7554f7c000-7554f7d000 rw-p 00000000 fe:11 116829168                      /system/framework/oat/arm64/com.android.media.remotedisplay.vdex
7554f7d000-7554f7e000 rw-p 00000000 00:00 0                              [anon:bionic_alloc_small_objects]
7554f7e000-7554f87000 r--p 00000000 fe:11 124158461                      /system/framework/android.test.base.jar
7554f87000-7554fc7000 rw-p 00000000 00:00 0                              [anon:dalvik-LinearAlloc]
7554fc7000-7554fd9000 r--p 00000000 fe:11 116737914                      /system/lib64/libGLESv3.so
7554fd9000-7554fdb000 ---p 00000000 00:00 0                              [page size compat]
7554fdb000-7554fe2000 r-xp 00014000 fe:11 116737914                      /system/lib64/libGLESv3.so
7554fe2000-7554fe3000 ---p 00000000 00:00 0                              [page size compat]
7554fe3000-7554fe4000 r--p 0001c000 fe:11 116737914                      /system/lib64/libGLESv3.so
7554fe4000-7554fe5000 rw-p 00000000 00:00 0                              [anon:bionic_alloc_small_objects]
7554fe5000-7554fe8000 rw-p 00000000 fe:11 116416122                      /system/framework/oat/arm64/org.apache.http.legacy.vdex
7554fe8000-7555000000 rw-p 00000000 00:00 0                              [anon:scudo:secondary]
7555000000-7555e00000 ---p 00000000 00:00 0 
7555e00000-7555e01000 rw-p 00000000 00:00 0                              [anon:bionic_alloc_small_objects]
7555e01000-7555e09000 r--p 00000000 fe:11 124154749                      /system/framework/android.hidl.manager-V1.0-java.jar
7555e09000-7555e0d000 r--p 00000000 fe:11 124141693                      /system/framework/android.hidl.base-V1.0-java.jar
7555e0d000-7555e4d000 rw-p 00000000 00:00 0                              [anon:dalvik-LinearAlloc]
7555e4d000-7555f4b000 r--p 00000000 07:78 28                             /apex/com.android.i18n/lib64/libicui18n.so
7555f4b000-7555f4d000 ---p 00000000 00:00 0                              [page size compat]
7555f4d000-75560f1000 r-xp 00100000 07:78 28                             /apex/com.android.i18n/lib64/libicui18n.so
75560f1000-7556105000 r--p 002a4000 07:78 28                             /apex/com.android.i18n/lib64/libicui18n.so
7556105000-7556106000 rw-p 002b8000 07:78 28                             /apex/com.android.i18n/lib64/libicui18n.so
7556106000-7556107000 rw-p 00000000 00:00 0                              [anon:.bss]
7556107000-7556108000 rw-p 00000000 fe:11 117019879                      /system/framework/oat/arm64/android.test.base.vdex
7556108000-755611e000 rw-p 00000000 00:00 0                              [anon:scudo:secondary]
755611e000-755613d000 r--s 00212000 fe:11 117017178                      /system/framework/ext.jar
755613d000-7556162000 r--s 00000000 fe:29 42                             /apex/com.android.tzdata/etc/tz/versioned/9/icu/zoneinfo64.res
7556162000-755616b000 r--p 00000000 fe:11 116742377                      /system/lib64/android.hidl.token@1.0.so
755616b000-755616e000 ---p 00000000 00:00 0                              [page size compat]
755616e000-7556177000 r-xp 0000c000 fe:11 116742377                      /system/lib64/android.hidl.token@1.0.so
7556177000-755617a000 ---p 00000000 00:00 0                              [page size compat]
755617a000-755617c000 r--p 00018000 fe:11 116742377                      /system/lib64/android.hidl.token@1.0.so
755617c000-755617e000 ---p 00000000 00:00 0 
755617e000-755617f000 rw-p 0001c000 fe:11 116742377                      /system/lib64/android.hidl.token@1.0.so
755617f000-7556180000 rw-p 00000000 00:00 0                              [anon:bionic_alloc_small_objects]
7556180000-7556181000 rw-p 00000000 fe:11 116744562                      /system/framework/oat/arm64/android.hidl.manager-V1.0-java.vdex
7556181000-7556182000 rw-p 00000000 fe:11 116695666                      /system/framework/oat/arm64/android.hidl.base-V1.0-java.vdex
7556182000-7556183000 r--s 00000000 fe:14 29423791                       /product/overlay/GmsConfigOverlayFeatureTier2/GmsConfigOverlayFeatureTier2.apk
7556183000-7556184000 r--s 00003000 fe:14 29423791                       /product/overlay/GmsConfigOverlayFeatureTier2/GmsConfigOverlayFeatureTier2.apk
7556184000-7556185000 r--s 00000000 fe:42 41166                          /data/resource-cache/product@overlay@GmsConfigOverlayFeatureTier2@GmsConfigOverlayFeatureTier2.apk@idmap
7556185000-7556186000 r--s 00000000 fe:14 29423788                       /product/overlay/GmsConfigOverlayFeatureTier1/GmsConfigOverlayFeatureTier1.apk
7556186000-7556187000 r--s 00003000 fe:14 29423788                       /product/overlay/GmsConfigOverlayFeatureTier1/GmsConfigOverlayFeatureTier1.apk
7556187000-755618c000 r--s 00000000 fe:14 29423640                       /product/overlay/GmsConfigOverlayCommon.apk
755618c000-75561ac000 rw-p 00000000 00:00 0                              [anon:dalvik-LinearAlloc]
75561ac000-75561ae000 r--p 00000000 fe:11 116761845                      /system/lib64/libstagefright_surface_utils.so
75561ae000-75561b0000 ---p 00000000 00:00 0                              [page size compat]
75561b0000-75561b3000 r-xp 00004000 fe:11 116761845                      /system/lib64/libstagefright_surface_utils.so
75561b3000-75561b4000 ---p 00000000 00:00 0                              [page size compat]
75561b4000-75561b5000 r--p 00008000 fe:11 116761845                      /system/lib64/libstagefright_surface_utils.so
75561b5000-75561b8000 ---p 00000000 00:00 0 
75561b8000-75561b9000 rw-p 00000000 00:00 0                              [anon:.bss]
75561b9000-75561ba000 r--s 00000000 fe:42 41165                          /data/resource-cache/product@overlay@GmsConfigOverlayFeatureTier1@GmsConfigOverlayFeatureTier1.apk@idmap
75561ba000-75561bb000 r--s 00000000 fe:14 29423667                       /product/overlay/GmsConfigOverlayNoSafetyCenter.apk
75561bb000-75561d5000 r--s 00000000 08:2f 46                             /metadata/aconfig/maps/system.flag.map
75561d5000-75561e0000 r--p 00000000 fe:11 117022958                      /system/lib64/android.hardware.graphics.mapper@3.0.so
75561e0000-75561e1000 ---p 00000000 00:00 0                              [page size compat]
75561e1000-75561ec000 r-xp 0000c000 fe:11 117022958                      /system/lib64/android.hardware.graphics.mapper@3.0.so
75561ec000-75561ed000 ---p 00000000 00:00 0                              [page size compat]
75561ed000-75561ef000 r--p 00018000 fe:11 117022958                      /system/lib64/android.hardware.graphics.mapper@3.0.so
75561ef000-75561f1000 ---p 00000000 00:00 0 
75561f1000-75561f2000 rw-p 0001c000 fe:11 117022958                      /system/lib64/android.hardware.graphics.mapper@3.0.so
75561f2000-75561f3000 r--s 00003000 fe:14 29423667                       /product/overlay/GmsConfigOverlayNoSafetyCenter.apk
75561f3000-75561f4000 r--s 00000000 fe:42 41164                          /data/resource-cache/product@overlay@GmsConfigOverlayNoSafetyCenter.apk@idmap
75561f4000-75561f5000 r--s 00009000 fe:14 29423640                       /product/overlay/GmsConfigOverlayCommon.apk
75561f5000-75561f6000 r--s 00000000 fe:42 41163                          /data/resource-cache/product@overlay@GmsConfigOverlayCommon.apk@idmap
75561f6000-75561f7000 r--s 00000000 fe:14 29423703                       /product/overlay/ModuleMetadataGoogleOverlay.apk
75561f7000-75561f8000 r--s 00003000 fe:14 29423703                       /product/overlay/ModuleMetadataGoogleOverlay.apk
75561f8000-75561f9000 r--s 00000000 fe:42 41162                          /data/resource-cache/product@overlay@ModuleMetadataGoogleOverlay.apk@idmap
75561f9000-75561fa000 r--s 00000000 fe:14 29423696                       /product/overlay/GooglePermissionControllerFrameworkOverlay.apk
75561fa000-75561fb000 r--s 00003000 fe:14 29423696                       /product/overlay/GooglePermissionControllerFrameworkOverlay.apk
75561fb000-75561fc000 r--s 00000000 fe:42 41161                          /data/resource-cache/product@overlay@GooglePermissionControllerFrameworkOverlay.apk@idmap
75561fc000-75561fd000 r--s 00000000 fe:14 29423693                       /product/overlay/GoogleHealthFitnessFrameworkOverlay.apk
75561fd000-75561fe000 r--s 00004000 fe:14 29423693                       /product/overlay/GoogleHealthFitnessFrameworkOverlay.apk
75561fe000-75561ff000 r--s 00000000 fe:42 41160                          /data/resource-cache/product@overlay@GoogleHealthFitnessFrameworkOverlay.apk@idmap
75561ff000-7556200000 r--s 00000000 fe:14 29423690                       /product/overlay/GoogleExtServicesConfigOverlay.apk
7556200000-7557400000 ---p 00000000 00:00 0 
7557400000-7557401000 r--s 00003000 fe:14 29423690                       /product/overlay/GoogleExtServicesConfigOverlay.apk
7557401000-7557402000 r--s 00000000 fe:42 41159                          /data/resource-cache/product@overlay@GoogleExtServicesConfigOverlay.apk@idmap
7557402000-7557403000 r--s 00000000 fe:14 29423684                       /product/overlay/GmsConfigOverlaySearchSelector.apk
7557403000-755740b000 r--p 00000000 fe:11 117038845                      /system/framework/vivo-service-wifi-ex.jar
755740b000-7557457000 rw-p 00000000 00:00 0                              [anon:scudo:secondary]
7557457000-7557458000 r--p 00000000 fe:11 116738802                      /system/lib64/android.hardware.drm.common-V1-ndk.so
7557458000-755745b000 ---p 00000000 00:00 0                              [page size compat]
755745b000-755745c000 r-xp 00004000 fe:11 116738802                      /system/lib64/android.hardware.drm.common-V1-ndk.so
755745c000-755745f000 ---p 00000000 00:00 0                              [page size compat]
755745f000-7557460000 r--p 00008000 fe:11 116738802                      /system/lib64/android.hardware.drm.common-V1-ndk.so
7557460000-7557463000 ---p 00000000 00:00 0 
7557463000-7557464000 rw-p 0000c000 fe:11 116738802                      /system/lib64/android.hardware.drm.common-V1-ndk.so
7557464000-7557465000 r--s 00003000 fe:14 29423684                       /product/overlay/GmsConfigOverlaySearchSelector.apk
7557465000-7557466000 r--s 00000000 fe:42 41158                          /data/resource-cache/product@overlay@GmsConfigOverlaySearchSelector.apk@idmap
7557466000-7557467000 r--s 00000000 fe:14 29423673                       /product/overlay/GmsConfigOverlayPhotos.apk
7557467000-7557468000 r--s 00003000 fe:14 29423673                       /product/overlay/GmsConfigOverlayPhotos.apk
7557468000-7557488000 rw-p 00000000 00:00 0                              [anon:dalvik-LinearAlloc]
7557488000-7557494000 r--p 00000000 fe:11 116916970                      /system/lib64/libmedia_codeclist_capabilities.so
7557494000-75574b8000 r-xp 0000c000 fe:11 116916970                      /system/lib64/libmedia_codeclist_capabilities.so
75574b8000-75574b9000 r--p 00030000 fe:11 116916970                      /system/lib64/libmedia_codeclist_capabilities.so
75574b9000-75574bc000 ---p 00000000 00:00 0 
75574bc000-75574bd000 rw-p 00000000 00:00 0                              [anon:.bss]
75574bd000-75574be000 r--s 00000000 fe:42 41157                          /data/resource-cache/product@overlay@GmsConfigOverlayPhotos.apk@idmap
75574be000-75574bf000 r--s 00000000 fe:14 29423670                       /product/overlay/GmsConfigOverlayPersonalSafety.apk
75574bf000-75574c0000 r--s 00003000 fe:14 29423670                       /product/overlay/GmsConfigOverlayPersonalSafety.apk
75574c0000-75574c1000 r--s 00000000 fe:42 41156                          /data/resource-cache/product@overlay@GmsConfigOverlayPersonalSafety.apk@idmap
75574c1000-75574c2000 r--s 00000000 fe:14 29423664                       /product/overlay/GmsConfigOverlayGeotz.apk
75574c2000-75574c3000 r--s 00003000 fe:14 29423664                       /product/overlay/GmsConfigOverlayGeotz.apk
75574c3000-75574db000 r--s 005c5000 fe:11 131111552                      /system/framework/telephony-common.jar
75574db000-75574e4000 r--p 00000000 fe:11 116448875                      /system/lib64/libstagefright_bufferqueue_helper.so
75574e4000-75574e7000 ---p 00000000 00:00 0                              [page size compat]
75574e7000-75574f6000 r-xp 0000c000 fe:11 116448875                      /system/lib64/libstagefright_bufferqueue_helper.so
75574f6000-75574f7000 ---p 00000000 00:00 0                              [page size compat]
75574f7000-75574f8000 r--p 0001c000 fe:11 116448875                      /system/lib64/libstagefright_bufferqueue_helper.so
75574f8000-75574fb000 ---p 00000000 00:00 0 
75574fb000-75574fc000 rw-p 00000000 00:00 0                              [anon:.bss]
75574fc000-75574fd000 r--s 00000000 fe:42 41155                          /data/resource-cache/product@overlay@GmsConfigOverlayGeotz.apk@idmap
75574fd000-75574fe000 r--s 00000000 fe:14 29423657                       /product/overlay/GmsConfigOverlayGSA.apk
75574fe000-75574ff000 r--s 00003000 fe:14 29423657                       /product/overlay/GmsConfigOverlayGSA.apk
75574ff000-7557500000 r--s 00000000 fe:42 41154                          /data/resource-cache/product@overlay@GmsConfigOverlayGSA.apk@idmap
7557500000-7557501000 r--s 00000000 fe:14 29423646                       /product/overlay/GmsConfigOverlayCtS.apk
7557501000-7557515000 r--p 00000000 fe:11 116518385                      /system/lib64/libnblog.so
7557515000-7557537000 r-xp 00014000 fe:11 116518385                      /system/lib64/libnblog.so
7557537000-7557539000 ---p 00000000 00:00 0                              [page size compat]
7557539000-755753b000 r--p 00038000 fe:11 116518385                      /system/lib64/libnblog.so
755753b000-755753d000 ---p 00000000 00:00 0 
755753d000-755753e000 rw-p 00000000 00:00 0                              [anon:.bss]
755753e000-755753f000 r--s 00003000 fe:14 29423646                       /product/overlay/GmsConfigOverlayCtS.apk
755753f000-7557540000 r--s 00000000 fe:42 41153                          /data/resource-cache/product@overlay@GmsConfigOverlayCtS.apk@idmap
7557540000-7557541000 r--s 00000000 fe:14 29423643                       /product/overlay/GmsConfigOverlayComms.apk
7557541000-7557542000 r--s 00003000 fe:14 29423643                       /product/overlay/GmsConfigOverlayComms.apk
7557542000-7557543000 r--s 00000000 fe:42 41152                          /data/resource-cache/product@overlay@GmsConfigOverlayComms.apk@idmap
7557543000-7557544000 r--s 00000000 fe:14 29423637                       /product/overlay/GmsConfigOverlayASI.apk
7557544000-7557545000 r--s 00004000 fe:14 29423637                       /product/overlay/GmsConfigOverlayASI.apk
7557545000-7557546000 r--s 00000000 fe:42 41146                          /data/resource-cache/product@overlay@GmsConfigOverlayASI.apk@idmap
7557546000-7557547000 r--s 00000000 fe:14 29407354                       /product/overlay/CaptivePortalLoginFrameworkOverlay.apk
7557547000-7557548000 r--s 00003000 fe:14 29407354                       /product/overlay/CaptivePortalLoginFrameworkOverlay.apk
7557548000-7557549000 r--s 00000000 fe:42 41134                          /data/resource-cache/product@overlay@CaptivePortalLoginFrameworkOverlay.apk@idmap
7557549000-755754a000 r--s 00000000 fe:13 91403907                       /vendor/overlay/VivoFrameworksResRRO.apk
755754a000-755754b000 r--s 00005000 fe:13 91403907                       /vendor/overlay/VivoFrameworksResRRO.apk
755754b000-755754c000 r--s 00000000 fe:42 41132                          /data/resource-cache/vendor@overlay@VivoFrameworksResRRO.apk@idmap
755754c000-755754d000 r--s 00000000 fe:13 91380465                       /vendor/overlay/FrameworkResOverlayExt/FrameworkResOverlayExt.apk
755754d000-755754e000 r--s 00004000 fe:13 91380465                       /vendor/overlay/FrameworkResOverlayExt/FrameworkResOverlayExt.apk
755754e000-755754f000 rw-p 00000000 fe:42 1737683                        /data/misc/apexdata/com.android.art/dalvik-cache/arm64/system@framework@vivo-service-wifi-ex.jar@classes.vdex
755754f000-755756f000 rw-p 00000000 00:00 0                              [anon:dalvik-LinearAlloc]
755756f000-7557570000 r--p 00000000 07:b0 26                             /apex/com.android.runtime/lib64/bionic/libdl.so
7557570000-7557573000 ---p 00000000 00:00 0                              [page size compat]
7557573000-7557574000 r-xp 00004000 07:b0 26                             /apex/com.android.runtime/lib64/bionic/libdl.so
7557574000-7557577000 ---p 00000000 00:00 0                              [page size compat]
7557577000-7557578000 r--p 00008000 07:b0 26                             /apex/com.android.runtime/lib64/bionic/libdl.so
7557578000-755757b000 ---p 00000000 00:00 0 
755757b000-755757c000 r--p 00000000 00:00 0                              [anon:.bss]
755757c000-755757f000 rw-p 00000000 00:00 0                              [anon:.bss]
755757f000-7557580000 rw-p 00000000 00:00 0 
7557580000-7557581000 r--s 00000000 08:2f 480                            /metadata/aconfig/boot/com.android.configinfrastructure.val
7557581000-75575a1000 rw-p 00000000 00:00 0                              [anon:dalvik-LinearAlloc]
75575a1000-75575a3000 r--p 00000000 fe:11 116763644                      /system/lib64/camera_platform_flags_c_lib.so
75575a3000-75575a5000 ---p 00000000 00:00 0                              [page size compat]
75575a5000-75575a7000 r-xp 00004000 fe:11 116763644                      /system/lib64/camera_platform_flags_c_lib.so
75575a7000-75575a9000 ---p 00000000 00:00 0                              [page size compat]
75575a9000-75575aa000 r--p 00008000 fe:11 116763644                      /system/lib64/camera_platform_flags_c_lib.so
75575aa000-75575ad000 ---p 00000000 00:00 0 
75575ad000-75575ae000 rw-p 00000000 00:00 0                              [anon:.bss]
75575ae000-75575af000 r--s 00000000 08:2f 506                            /metadata/aconfig/maps/com.android.configinfrastructure.flag.map
75575af000-75575b0000 r--s 00000000 08:2f 472                            /metadata/aconfig/maps/com.android.configinfrastructure.package.map
75575b0000-75575b1000 r--s 00000000 08:2f 498                            /metadata/aconfig/boot/com.android.cellbroadcast.val
75575b1000-75575b2000 r--s 00000000 08:2f 574                            /metadata/aconfig/maps/com.android.cellbroadcast.flag.map
75575b2000-75575b3000 r--s 00000000 08:2f 573                            /metadata/aconfig/maps/com.android.cellbroadcast.package.map
75575b3000-75575b4000 r--s 00000000 08:2f 297                            /metadata/aconfig/boot/com.android.adbd.val
75575b4000-75575b5000 r--s 00000000 08:2f 290                            /metadata/aconfig/maps/com.android.adbd.flag.map
75575b5000-75575b6000 r--s 00000000 08:2f 289                            /metadata/aconfig/maps/com.android.adbd.package.map
75575b6000-75575b7000 r--s 00000000 08:2f 490                            /metadata/aconfig/boot/com.android.appsearch.val
75575b7000-75575b9000 r--s 00000000 08:2f 388                            /metadata/aconfig/maps/com.android.appsearch.flag.map
75575b9000-75575ba000 r--s 00000000 08:2f 387                            /metadata/aconfig/maps/com.android.appsearch.package.map
75575ba000-75575bb000 r--s 00000000 08:2f 189                            /metadata/aconfig/boot/com.android.virt.val
75575bb000-75575bc000 r--s 00000000 08:2f 252                            /metadata/aconfig/maps/com.android.virt.flag.map
75575bc000-75575bd000 r--s 00000000 08:2f 251                            /metadata/aconfig/maps/com.android.virt.package.map
75575bd000-75575be000 r--s 00000000 08:2f 179                            /metadata/aconfig/boot/com.android.i18n.val
75575be000-75575bf000 r--s 00000000 08:2f 245                            /metadata/aconfig/maps/com.android.i18n.flag.map
75575bf000-75575c0000 r--s 00000000 08:2f 244                            /metadata/aconfig/maps/com.android.i18n.package.map
75575c0000-75575c1000 r--s 00000000 08:2f 488                            /metadata/aconfig/boot/com.android.permission.val
75575c1000-75575c2000 r--s 00000000 08:2f 601                            /metadata/aconfig/maps/com.android.permission.flag.map
75575c2000-75575d7000 r--p 00000000 fe:11 116739186                      /system/lib64/android.hardware.media.bufferpool@2.0.so
75575d7000-75575da000 ---p 00000000 00:00 0                              [page size compat]
75575da000-75575f2000 r-xp 00018000 fe:11 116739186                      /system/lib64/android.hardware.media.bufferpool@2.0.so
75575f2000-75575f7000 r--p 00030000 fe:11 116739186                      /system/lib64/android.hardware.media.bufferpool@2.0.so
75575f7000-75575fa000 ---p 00000000 00:00 0 
75575fa000-75575fb000 rw-p 00038000 fe:11 116739186                      /system/lib64/android.hardware.media.bufferpool@2.0.so
75575fb000-75575fc000 r--s 00000000 08:2f 600                            /metadata/aconfig/maps/com.android.permission.package.map
75575fc000-755761c000 rw-p 00000000 00:00 0                              [anon:dalvik-LinearAlloc]
755761c000-755762f000 r--p 00000000 07:b0 28                             /apex/com.android.runtime/lib64/bionic/libm.so
755762f000-7557630000 ---p 00000000 00:00 0                              [page size compat]
7557630000-7557655000 r-xp 00014000 07:b0 28                             /apex/com.android.runtime/lib64/bionic/libm.so
7557655000-7557658000 ---p 00000000 00:00 0                              [page size compat]
7557658000-7557659000 r--p 0003c000 07:b0 28                             /apex/com.android.runtime/lib64/bionic/libm.so
7557659000-755765c000 ---p 00000000 00:00 0 
755765c000-755765d000 rw-p 00040000 07:b0 28                             /apex/com.android.runtime/lib64/bionic/libm.so
755765d000-755765e000 r--s 00000000 08:2f 486                            /metadata/aconfig/boot/com.android.mediaprovider.val
755765e000-7557660000 r--s 00000000 08:2f 547                            /metadata/aconfig/maps/com.android.mediaprovider.flag.map
7557660000-755766b000 r--s 00000000 fe:29 39                             /apex/com.android.tzdata/etc/tz/versioned/9/icu/metaZones.res
755766b000-75576cf000 rw-p 00000000 00:00 0                              [anon:dalvik-indirect ref table]
75576cf000-75576e3000 r--p 00000000 fe:11 116693622                      /system/lib64/libaudio_aidl_conversion_common_cpp.so
75576e3000-755770f000 r-xp 00014000 fe:11 116693622                      /system/lib64/libaudio_aidl_conversion_common_cpp.so
755770f000-7557711000 r--p 00040000 fe:11 116693622                      /system/lib64/libaudio_aidl_conversion_common_cpp.so
7557711000-7557713000 ---p 00000000 00:00 0 
7557713000-7557714000 rw-p 00000000 00:00 0                              [anon:.bss]
7557714000-7557715000 r--s 00000000 08:2f 546                            /metadata/aconfig/maps/com.android.mediaprovider.package.map
7557715000-7557716000 r--s 00000000 08:2f 172                            /metadata/aconfig/boot/com.android.adservices.val
7557716000-7557717000 r--s 00000000 08:2f 217                            /metadata/aconfig/maps/com.android.adservices.flag.map
7557717000-755771d000 r--s 00000000 fe:29 40                             /apex/com.android.tzdata/etc/tz/versioned/9/icu/timezoneTypes.res
755771d000-7557723000 r--s 00000000 fe:29 41                             /apex/com.android.tzdata/etc/tz/versioned/9/icu/windowsZones.res
7557723000-7557727000 ---p 00000000 00:00 0 
7557727000-755772f000 rw-p 00000000 00:00 0                              [anon:thread signal stack]
755772f000-7557733000 ---p 00000000 00:00 0 
7557733000-755773b000 rw-p 00000000 00:00 0                              [anon:thread signal stack]
755773b000-755773f000 ---p 00000000 00:00 0 
755773f000-7557747000 rw-p 00000000 00:00 0                              [anon:thread signal stack]
7557747000-7557779000 r--p 00000000 fe:11 116737257                      /system/lib64/android.hardware.media.c2@1.0.so
7557779000-755777b000 ---p 00000000 00:00 0                              [page size compat]
755777b000-75577c3000 r-xp 00034000 fe:11 116737257                      /system/lib64/android.hardware.media.c2@1.0.so
75577c3000-75577cd000 r--p 0007c000 fe:11 116737257                      /system/lib64/android.hardware.media.c2@1.0.so
75577cd000-75577cf000 ---p 00000000 00:00 0 
75577cf000-75577d0000 rw-p 00088000 fe:11 116737257                      /system/lib64/android.hardware.media.c2@1.0.so
75577d0000-75577d4000 r--s 00000000 08:2f 96                             /metadata/aconfig/maps/com.android.bt.flag.map
75577d4000-75577d8000 ---p 00000000 00:00 0 
75577d8000-75577e0000 rw-p 00000000 00:00 0                              [anon:thread signal stack]
75577e0000-7557800000 rw-p 00000000 00:00 0                              [anon:dalvik-LinearAlloc]
7557800000-7558400000 ---p 00000000 00:00 0 
7558400000-7558401000 r--s 00000000 08:2f 216                            /metadata/aconfig/maps/com.android.adservices.package.map
7558401000-7558402000 r--s 00000000 fe:42 1657107                        /data/resource-cache/product@overlay@TransparentNavigationBar@TransparentNavigationBarOverlay.apk@idmap
7558402000-7558403000 rw-p 00000000 00:00 0                              [anon:bionic_alloc_small_objects]
7558403000-7558409000 r--p 000d4000 fe:42 1486496                        /data/app/~~fBOmmMkoN3J5b-dAUGNGew==/com.geode.launcher-BThikrXO9HinsMb3clvLqA==/oat/arm64/base.art
7558409000-755840c000 r--s 00000000 00:01 4119                           /dev/ashmem/ApplicationSharedMemory (deleted)
755840c000-755840d000 rw-p 00000000 00:00 0                              [anon:dalvik-mod union bitmap]
755840d000-7558449000 rw-p 00000000 00:00 0                              [anon:dalvik-thread local mark stack]
7558449000-7558467000 r--p 00000000 fe:11 116928359                      /system/lib64/libcodec2_client.so
7558467000-7558469000 ---p 00000000 00:00 0                              [page size compat]
7558469000-755849c000 r-xp 00020000 fe:11 116928359                      /system/lib64/libcodec2_client.so
755849c000-755849d000 ---p 00000000 00:00 0                              [page size compat]
755849d000-75584a0000 r--p 00054000 fe:11 116928359                      /system/lib64/libcodec2_client.so
75584a0000-75584a1000 ---p 00000000 00:00 0 
75584a1000-75584a2000 rw-p 00000000 00:00 0                              [anon:.bss]
75584a2000-75584d6000 rw-p 00000000 00:00 0                              [anon:dalvik-thread local mark stack]
75584d6000-75584e3000 r--p 00000000 fe:11 116697467                      /system/lib64/android.hardware.configstore@1.0.so
75584e3000-75584e6000 ---p 00000000 00:00 0                              [page size compat]
75584e6000-75584f3000 r-xp 00010000 fe:11 116697467                      /system/lib64/android.hardware.configstore@1.0.so
75584f3000-75584f6000 ---p 00000000 00:00 0                              [page size compat]
75584f6000-75584f8000 r--p 00020000 fe:11 116697467                      /system/lib64/android.hardware.configstore@1.0.so
75584f8000-75584fa000 ---p 00000000 00:00 0 
75584fa000-75584fb000 rw-p 00024000 fe:11 116697467                      /system/lib64/android.hardware.configstore@1.0.so
75584fb000-75584fc000 r--s 00000000 08:2f 474                            /metadata/aconfig/boot/com.android.healthfitness.val
75584fc000-75584fd000 r--s 00000000 08:2f 238                            /metadata/aconfig/maps/com.android.healthfitness.flag.map
75584fd000-7558531000 rw-p 00000000 00:00 0                              [anon:dalvik-thread local mark stack]
7558531000-7558532000 r--p 00000000 fe:11 131112827                      /system/lib64/libandroid_runtime_lazy.so
7558532000-7558535000 ---p 00000000 00:00 0                              [page size compat]
7558535000-7558536000 r-xp 00004000 fe:11 131112827                      /system/lib64/libandroid_runtime_lazy.so
7558536000-7558539000 ---p 00000000 00:00 0                              [page size compat]
7558539000-755853a000 r--p 00008000 fe:11 131112827                      /system/lib64/libandroid_runtime_lazy.so
755853a000-755853d000 ---p 00000000 00:00 0 
755853d000-755853e000 rw-p 00000000 00:00 0                              [anon:.bss]
755853e000-7558542000 rw-p 00000000 00:00 0                              [anon:dalvik-thread local mark stack]
7558542000-7558543000 r--p 00000000 fe:11 116841580                      /system/lib64/libandroid_net.so
7558543000-7558546000 ---p 00000000 00:00 0                              [page size compat]
7558546000-7558547000 r-xp 00004000 fe:11 116841580                      /system/lib64/libandroid_net.so
7558547000-755854a000 ---p 00000000 00:00 0                              [page size compat]
755854a000-755854b000 r--p 00008000 fe:11 116841580                      /system/lib64/libandroid_net.so
755854b000-755854c000 r--s 00000000 08:2f 237                            /metadata/aconfig/maps/com.android.healthfitness.package.map
755854c000-755854d000 r--s 00000000 08:2f 478                            /metadata/aconfig/boot/com.android.conscrypt.val
755854d000-755854e000 r--s 00000000 08:2f 278                            /metadata/aconfig/maps/com.android.conscrypt.flag.map
755854e000-75585ae000 rw-p 00000000 00:00 0                              [anon:dalvik-thread local mark stack]
75585ae000-75585c8000 r--p 00000000 fe:11 132289004                      /system/lib64/android.hardware.drm@1.1.so
75585c8000-75585ca000 ---p 00000000 00:00 0                              [page size compat]
75585ca000-75585e7000 r-xp 0001c000 fe:11 132289004                      /system/lib64/android.hardware.drm@1.1.so
75585e7000-75585ea000 ---p 00000000 00:00 0                              [page size compat]
75585ea000-75585ef000 r--p 0003c000 fe:11 132289004                      /system/lib64/android.hardware.drm@1.1.so
75585ef000-75585f2000 ---p 00000000 00:00 0 
75585f2000-75585f3000 rw-p 00044000 fe:11 132289004                      /system/lib64/android.hardware.drm@1.1.so
75585f3000-75585f4000 r--s 00000000 08:2f 277                            /metadata/aconfig/maps/com.android.conscrypt.package.map
75585f4000-755862c000 rw-p 00000000 00:00 0                              [anon:dalvik-thread local mark stack]
755862c000-755862f000 r--p 00000000 fe:11 116828528                      /system/lib64/libhardware_legacy.so
755862f000-7558630000 ---p 00000000 00:00 0                              [page size compat]
7558630000-7558633000 r-xp 00004000 fe:11 116828528                      /system/lib64/libhardware_legacy.so
7558633000-7558634000 ---p 00000000 00:00 0                              [page size compat]
7558634000-7558635000 r--p 00008000 fe:11 116828528                      /system/lib64/libhardware_legacy.so
7558635000-7558638000 ---p 00000000 00:00 0 
7558638000-7558639000 rw-p 0000c000 fe:11 116828528                      /system/lib64/libhardware_legacy.so
7558639000-7558659000 rw-p 00000000 00:00 0                              [anon:dalvik-thread local mark stack]
7558659000-7558689000 r--p 00000000 fe:11 117033844                      /system/lib64/libmediadrm.so
7558689000-75586db000 r-xp 00030000 fe:11 117033844                      /system/lib64/libmediadrm.so
75586db000-75586dd000 ---p 00000000 00:00 0                              [page size compat]
75586dd000-75586e2000 r--p 00084000 fe:11 117033844                      /system/lib64/libmediadrm.so
75586e2000-75586e5000 ---p 00000000 00:00 0 
75586e5000-75586e6000 rw-p 0008c000 fe:11 117033844                      /system/lib64/libmediadrm.so
75586e6000-75586e7000 r--s 00000000 08:2f 165                            /metadata/aconfig/boot/com.android.bt.val
75586e7000-755871b000 rw-p 00000000 00:00 0                              [anon:dalvik-thread local mark stack]
755871b000-7558741000 r--p 00000000 fe:11 116840037                      /system/lib64/libperfetto_c.so
7558741000-7558743000 ---p 00000000 00:00 0                              [page size compat]
7558743000-75587e0000 r-xp 00028000 fe:11 116840037                      /system/lib64/libperfetto_c.so
75587e0000-75587e3000 ---p 00000000 00:00 0                              [page size compat]
75587e3000-75587e8000 r--p 000c8000 fe:11 116840037                      /system/lib64/libperfetto_c.so
75587e8000-75587eb000 ---p 00000000 00:00 0 
75587eb000-75587ec000 rw-p 000d0000 fe:11 116840037                      /system/lib64/libperfetto_c.so
75587ec000-75587ed000 rw-p 00000000 00:00 0                              [anon:.bss]
75587ed000-75587ee000 r--s 00000000 08:2f 91                             /metadata/aconfig/maps/com.android.bt.package.map
75587ee000-75587ef000 r--s 00000000 08:2f 504                            /metadata/aconfig/boot/com.android.os.statsd.val
75587ef000-75587f0000 r--s 00000000 08:2f 583                            /metadata/aconfig/maps/com.android.os.statsd.flag.map
75587f0000-7558800000 rw-p 00000000 00:00 0                              [anon:dalvik-thread local mark stack]
7558800000-7559000000 ---p 00000000 00:00 0 
7559000000-7559044000 rw-p 00000000 00:00 0                              [anon:dalvik-thread local mark stack]
7559044000-755904c000 r--p 00000000 fe:11 116849394                      /system/lib64/android.hidl.memory.token@1.0.so
755904c000-7559053000 r-xp 00008000 fe:11 116849394                      /system/lib64/android.hidl.memory.token@1.0.so
7559053000-7559054000 ---p 00000000 00:00 0                              [page size compat]
7559054000-7559056000 r--p 00010000 fe:11 116849394                      /system/lib64/android.hidl.memory.token@1.0.so
7559056000-7559058000 ---p 00000000 00:00 0 
7559058000-7559059000 rw-p 00014000 fe:11 116849394                      /system/lib64/android.hidl.memory.token@1.0.so
7559059000-755905a000 r--s 00000000 08:2f 582                            /metadata/aconfig/maps/com.android.os.statsd.package.map
755905a000-755905b000 r--s 00000000 08:2f 492                            /metadata/aconfig/boot/com.android.media.val
755905b000-755905c000 r--s 00000000 08:2f 352                            /metadata/aconfig/maps/com.android.media.flag.map
755905c000-755908c000 rw-p 00000000 00:00 0                              [anon:dalvik-thread local mark stack]
755908c000-7559095000 r--p 00000000 fe:11 117021551                      /system/lib64/libziparchive.so
7559095000-7559098000 ---p 00000000 00:00 0                              [page size compat]
7559098000-75590a4000 r-xp 0000c000 fe:11 117021551                      /system/lib64/libziparchive.so
75590a4000-75590a5000 r--p 00018000 fe:11 117021551                      /system/lib64/libziparchive.so
75590a5000-75590a8000 ---p 00000000 00:00 0 
75590a8000-75590a9000 rw-p 00000000 00:00 0                              [anon:.bss]
75590a9000-75590aa000 r--s 00000000 08:2f 351                            /metadata/aconfig/maps/com.android.media.package.map
75590aa000-75590c2000 rw-p 00000000 00:00 0                              [anon:dalvik-thread local mark stack]
75590c2000-75590d4000 r--p 00000000 fe:11 116737909                      /system/lib64/libGLESv2.so
75590d4000-75590d6000 ---p 00000000 00:00 0                              [page size compat]
75590d6000-75590dd000 r-xp 00014000 fe:11 116737909                      /system/lib64/libGLESv2.so
75590dd000-75590de000 ---p 00000000 00:00 0                              [page size compat]
75590de000-75590df000 r--p 0001c000 fe:11 116737909                      /system/lib64/libGLESv2.so
75590df000-75590e0000 r--s 00000000 08:2f 484                            /metadata/aconfig/boot/com.android.media.swcodec.val
75590e0000-75590e1000 r--s 00000000 08:2f 538                            /metadata/aconfig/maps/com.android.media.swcodec.flag.map
75590e1000-7559101000 rw-p 00000000 00:00 0                              [anon:dalvik-thread local mark stack]
7559101000-755911c000 r--p 00000000 fe:11 116691821                      /system/lib64/android.hardware.graphics.composer3-V4-ndk.so
755911c000-755911d000 ---p 00000000 00:00 0                              [page size compat]
755911d000-7559139000 r-xp 0001c000 fe:11 116691821                      /system/lib64/android.hardware.graphics.composer3-V4-ndk.so
7559139000-755913b000 r--p 00038000 fe:11 116691821                      /system/lib64/android.hardware.graphics.composer3-V4-ndk.so
755913b000-755913d000 ---p 00000000 00:00 0 
755913d000-755913e000 rw-p 0003c000 fe:11 116691821                      /system/lib64/android.hardware.graphics.composer3-V4-ndk.so
755913e000-755913f000 r--s 00000000 08:2f 537                            /metadata/aconfig/maps/com.android.media.swcodec.package.map
755913f000-7559140000 r--s 00000000 08:2f 207                            /metadata/aconfig/boot/com.android.devicelock.val
7559140000-7559141000 r--s 00000000 08:2f 161                            /metadata/aconfig/maps/com.android.devicelock.flag.map
7559141000-7559149000 rw-p 00000000 00:00 0                              [anon:dalvik-thread local mark stack]
7559149000-755914a000 r--p 00000000 fe:11 116689783                      /system/lib64/libmediandk_utils.so
755914a000-755914d000 ---p 00000000 00:00 0                              [page size compat]
755914d000-755914f000 r-xp 00004000 fe:11 116689783                      /system/lib64/libmediandk_utils.so
755914f000-7559151000 ---p 00000000 00:00 0                              [page size compat]
7559151000-7559152000 r--p 00008000 fe:11 116689783                      /system/lib64/libmediandk_utils.so
7559152000-7559153000 r--s 00000000 08:2f 160                            /metadata/aconfig/maps/com.android.devicelock.package.map
7559153000-755918b000 rw-p 00000000 00:00 0                              [anon:dalvik-thread local mark stack]
755918b000-75591a1000 r--p 00000000 fe:11 116733928                      /system/lib64/libEGL.so
75591a1000-75591a3000 ---p 00000000 00:00 0                              [page size compat]
75591a3000-75591c3000 r-xp 00018000 fe:11 116733928                      /system/lib64/libEGL.so
75591c3000-75591c8000 r--p 00038000 fe:11 116733928                      /system/lib64/libEGL.so
75591c8000-75591cb000 ---p 00000000 00:00 0 
75591cb000-75591cc000 rw-p 00040000 fe:11 116733928                      /system/lib64/libEGL.so
75591cc000-75591d4000 rw-p 00000000 00:00 0                              [anon:.bss]
75591d4000-7559220000 rw-p 00000000 00:00 0                              [anon:dalvik-thread local mark stack]
7559220000-7559221000 r--p 00000000 fe:11 131805693                      /system/lib64/libETC1.so
7559221000-7559224000 ---p 00000000 00:00 0                              [page size compat]
7559224000-7559226000 r-xp 00004000 fe:11 131805693                      /system/lib64/libETC1.so
7559226000-7559228000 ---p 00000000 00:00 0                              [page size compat]
7559228000-7559229000 r--p 00008000 fe:11 131805693                      /system/lib64/libETC1.so
7559229000-7559269000 rw-p 00000000 00:00 0                              [anon:dalvik-thread local mark stack]
7559269000-755926a000 r--p 00000000 fe:11 116697460                      /system/lib64/android.hardware.common.fmq-V1-ndk.so
755926a000-755926d000 ---p 00000000 00:00 0                              [page size compat]
755926d000-755926e000 r-xp 00004000 fe:11 116697460                      /system/lib64/android.hardware.common.fmq-V1-ndk.so
755926e000-7559271000 ---p 00000000 00:00 0                              [page size compat]
7559271000-7559272000 r--p 00008000 fe:11 116697460                      /system/lib64/android.hardware.common.fmq-V1-ndk.so
7559272000-7559275000 ---p 00000000 00:00 0 
7559275000-7559276000 rw-p 0000c000 fe:11 116697460                      /system/lib64/android.hardware.common.fmq-V1-ndk.so
7559276000-75592aa000 rw-p 00000000 00:00 0                              [anon:dalvik-thread local mark stack]
75592aa000-75592b0000 r--p 00000000 fe:11 117035381                      /system/lib64/effect-aidl-cpp.so
75592b0000-75592b2000 ---p 00000000 00:00 0                              [page size compat]
75592b2000-75592b9000 r-xp 00008000 fe:11 117035381                      /system/lib64/effect-aidl-cpp.so
75592b9000-75592ba000 ---p 00000000 00:00 0                              [page size compat]
75592ba000-75592bc000 r--p 00010000 fe:11 117035381                      /system/lib64/effect-aidl-cpp.so
75592bc000-75592be000 ---p 00000000 00:00 0 
75592be000-75592bf000 rw-p 00014000 fe:11 117035381                      /system/lib64/effect-aidl-cpp.so
75592bf000-75592e3000 rw-p 00000000 00:00 0                              [anon:dalvik-thread local mark stack]
75592e3000-75592e4000 r--p 00000000 07:b0 27                             /apex/com.android.runtime/lib64/bionic/libdl_android.so
75592e4000-75592e7000 ---p 00000000 00:00 0                              [page size compat]
75592e7000-75592e8000 r-xp 00004000 07:b0 27                             /apex/com.android.runtime/lib64/bionic/libdl_android.so
75592e8000-75592eb000 ---p 00000000 00:00 0                              [page size compat]
75592eb000-75592ec000 r--p 00008000 07:b0 27                             /apex/com.android.runtime/lib64/bionic/libdl_android.so
75592ec000-75592ed000 r--s 00000000 08:2f 500                            /metadata/aconfig/boot/com.android.rkpd.val
75592ed000-7559311000 rw-p 00000000 00:00 0                              [anon:dalvik-thread local mark stack]
7559311000-7559312000 r--p 00000000 fe:11 117017847                      /system/lib64/libegl_flags.so
7559312000-7559315000 ---p 00000000 00:00 0                              [page size compat]
7559315000-7559316000 r-xp 00004000 fe:11 117017847                      /system/lib64/libegl_flags.so
7559316000-7559319000 ---p 00000000 00:00 0                              [page size compat]
7559319000-755931a000 r--p 00008000 fe:11 117017847                      /system/lib64/libegl_flags.so
755931a000-755931d000 ---p 00000000 00:00 0 
755931d000-755931e000 rw-p 00000000 00:00 0                              [anon:.bss]
755931e000-755935a000 rw-p 00000000 00:00 0                              [anon:dalvik-thread local mark stack]
755935a000-755935d000 r--p 00000000 fe:3a 79                             /apex/com.android.art/lib64/libsigchain.so
755935d000-755935e000 ---p 00000000 00:00 0                              [page size compat]
755935e000-7559363000 r-xp 00004000 fe:3a 79                             /apex/com.android.art/lib64/libsigchain.so
7559363000-7559366000 ---p 00000000 00:00 0                              [page size compat]
7559366000-7559367000 r--p 0000c000 fe:3a 79                             /apex/com.android.art/lib64/libsigchain.so
7559367000-755936a000 ---p 00000000 00:00 0 
755936a000-755936c000 rw-p 00000000 00:00 0                              [anon:.bss]
755936c000-755936d000 r--s 00000000 08:2f 287                            /metadata/aconfig/maps/com.android.rkpd.flag.map
755936d000-75593a5000 rw-p 00000000 00:00 0                              [anon:dalvik-thread local mark stack]
75593a5000-75593a6000 r--p 00000000 fe:11 117081077                      /system/lib64/android.hardware.camera.common@1.0.so
75593a6000-75593a9000 ---p 00000000 00:00 0                              [page size compat]
75593a9000-75593aa000 r-xp 00004000 fe:11 117081077                      /system/lib64/android.hardware.camera.common@1.0.so
75593aa000-75593ad000 ---p 00000000 00:00 0                              [page size compat]
75593ad000-75593ae000 r--p 00008000 fe:11 117081077                      /system/lib64/android.hardware.camera.common@1.0.so
75593ae000-75593af000 r--s 00000000 08:2f 286                            /metadata/aconfig/maps/com.android.rkpd.package.map
75593af000-75593c3000 rw-p 00000000 00:00 0                              [anon:dalvik-thread local mark stack]
75593c3000-75593d9000 r--p 00000000 fe:11 117016435                      /system/lib64/libvulkan.so
75593d9000-75593db000 ---p 00000000 00:00 0                              [page size compat]
75593db000-75593fa000 r-xp 00018000 fe:11 117016435                      /system/lib64/libvulkan.so
75593fa000-75593fb000 ---p 00000000 00:00 0                              [page size compat]
75593fb000-75593fe000 r--p 00038000 fe:11 117016435                      /system/lib64/libvulkan.so
75593fe000-75593ff000 ---p 00000000 00:00 0 
75593ff000-7559400000 rw-p 0003c000 fe:11 117016435                      /system/lib64/libvulkan.so
7559400000-7559401000 r--s 00000000 08:2f 201                            /metadata/aconfig/boot/com.android.profiling.val
7559401000-7559402000 r--s 00000000 08:2f 147                            /metadata/aconfig/maps/com.android.profiling.flag.map
7559402000-7559403000 r--s 00000000 08:2f 146                            /metadata/aconfig/maps/com.android.profiling.package.map
7559403000-755940f000 rw-p 00000000 00:00 0                              [anon:dalvik-thread local mark stack]
755940f000-7559411000 r--p 00000000 fe:12 4166390                        /system_ext/lib64/libJpegOal.so
7559411000-7559413000 ---p 00000000 00:00 0                              [page size compat]
7559413000-7559414000 r-xp 00004000 fe:12 4166390                        /system_ext/lib64/libJpegOal.so
7559414000-7559417000 ---p 00000000 00:00 0                              [page size compat]
7559417000-7559418000 r--p 00008000 fe:12 4166390                        /system_ext/lib64/libJpegOal.so
7559418000-755941b000 ---p 00000000 00:00 0 
755941b000-755941c000 rw-p 00000000 00:00 0                              [anon:.bss]
755941c000-755941d000 r--s 00000000 08:2f 496                            /metadata/aconfig/boot/com.android.uwb.val
755941d000-755941e000 r--s 00000000 08:2f 592                            /metadata/aconfig/maps/com.android.uwb.flag.map
755941e000-7559456000 rw-p 00000000 00:00 0                              [anon:dalvik-thread local mark stack]
7559456000-755945e000 r--p 00000000 fe:11 117030760                      /system/lib64/libaconfig_storage_read_api_cc.so
755945e000-755946b000 r-xp 00008000 fe:11 117030760                      /system/lib64/libaconfig_storage_read_api_cc.so
755946b000-755946e000 ---p 00000000 00:00 0                              [page size compat]
755946e000-7559470000 r--p 00018000 fe:11 117030760                      /system/lib64/libaconfig_storage_read_api_cc.so
7559470000-7559472000 ---p 00000000 00:00 0 
7559472000-7559473000 rw-p 0001c000 fe:11 117030760                      /system/lib64/libaconfig_storage_read_api_cc.so
7559473000-755948b000 rw-p 00000000 00:00 0                              [anon:dalvik-thread local mark stack]
755948b000-7559494000 r--p 00000000 fe:3a 72                             /apex/com.android.art/lib64/libnativeloader.so
7559494000-7559497000 ---p 00000000 00:00 0                              [page size compat]
7559497000-75594ae000 r-xp 0000c000 fe:3a 72                             /apex/com.android.art/lib64/libnativeloader.so
75594ae000-75594af000 ---p 00000000 00:00 0                              [page size compat]
75594af000-75594b0000 r--p 00024000 fe:3a 72                             /apex/com.android.art/lib64/libnativeloader.so
75594b0000-75594b3000 ---p 00000000 00:00 0 
75594b3000-75594b4000 rw-p 00000000 00:00 0                              [anon:.bss]
75594b4000-75594b5000 r--s 00000000 08:2f 591                            /metadata/aconfig/maps/com.android.uwb.package.map
75594b5000-75594b6000 r--s 00000000 08:2f 502                            /metadata/aconfig/boot/com.android.art.val
75594b6000-75594b7000 r--s 00000000 08:2f 556                            /metadata/aconfig/maps/com.android.art.flag.map
75594b7000-75594cb000 rw-p 00000000 00:00 0                              [anon:dalvik-thread local mark stack]
75594cb000-75594ed000 r--p 00000000 fe:11 116738806                      /system/lib64/android.hardware.drm@1.0.so
75594ed000-75594ef000 ---p 00000000 00:00 0                              [page size compat]
75594ef000-7559521000 r-xp 00024000 fe:11 116738806                      /system/lib64/android.hardware.drm@1.0.so
7559521000-7559523000 ---p 00000000 00:00 0                              [page size compat]
7559523000-755952a000 r--p 00058000 fe:11 116738806                      /system/lib64/android.hardware.drm@1.0.so
755952a000-755952b000 ---p 00000000 00:00 0 
755952b000-755952c000 rw-p 00060000 fe:11 116738806                      /system/lib64/android.hardware.drm@1.0.so
755952c000-7559544000 rw-p 00000000 00:00 0                              [anon:dalvik-thread local mark stack]
7559544000-7559552000 r--p 00000000 fe:11 116759921                      /system/lib64/libapexsupport.so
7559552000-7559554000 ---p 00000000 00:00 0                              [page size compat]
7559554000-7559569000 r-xp 00010000 fe:11 116759921                      /system/lib64/libapexsupport.so
7559569000-755956c000 ---p 00000000 00:00 0                              [page size compat]
755956c000-755956f000 r--p 00028000 fe:11 116759921                      /system/lib64/libapexsupport.so
755956f000-7559570000 ---p 00000000 00:00 0 
7559570000-7559571000 rw-p 0002c000 fe:11 116759921                      /system/lib64/libapexsupport.so
7559571000-7559572000 r--s 00000000 08:2f 555                            /metadata/aconfig/maps/com.android.art.package.map
7559572000-7559596000 rw-p 00000000 00:00 0                              [anon:dalvik-thread local mark stack]
7559596000-755959f000 r--p 00000000 fe:11 116746362                      /system/lib64/libSurfaceFlingerProp.so
755959f000-75595a2000 ---p 00000000 00:00 0                              [page size compat]
75595a2000-75595ac000 r-xp 0000c000 fe:11 116746362                      /system/lib64/libSurfaceFlingerProp.so
75595ac000-75595ae000 ---p 00000000 00:00 0                              [page size compat]
75595ae000-75595af000 r--p 00018000 fe:11 116746362                      /system/lib64/libSurfaceFlingerProp.so
75595af000-75595b2000 ---p 00000000 00:00 0 
75595b2000-75595b3000 rw-p 00000000 00:00 0                              [anon:.bss]
75595b3000-75595e3000 rw-p 00000000 00:00 0                              [anon:dalvik-thread local mark stack]
75595e3000-75595e8000 r--p 00000000 fe:11 116910968                      /system/lib64/android.hardware.graphics.allocator-V2-ndk.so
75595e8000-75595eb000 ---p 00000000 00:00 0                              [page size compat]
75595eb000-75595ef000 r-xp 00008000 fe:11 116910968                      /system/lib64/android.hardware.graphics.allocator-V2-ndk.so
75595ef000-75595f0000 r--p 0000c000 fe:11 116910968                      /system/lib64/android.hardware.graphics.allocator-V2-ndk.so
75595f0000-75595f3000 ---p 00000000 00:00 0 
75595f3000-75595f4000 rw-p 00010000 fe:11 116910968                      /system/lib64/android.hardware.graphics.allocator-V2-ndk.so
75595f4000-75595f5000 r--s 00000000 08:2f 191                            /metadata/aconfig/boot/com.android.uprobestats.val
75595f5000-75595f6000 r--s 00000000 08:2f 116                            /metadata/aconfig/maps/com.android.uprobestats.flag.map
75595f6000-75595f7000 r--s 00000000 08:2f 115                            /metadata/aconfig/maps/com.android.uprobestats.package.map
75595f7000-755961f000 rw-p 00000000 00:00 0                              [anon:dalvik-thread local mark stack]
755961f000-7559629000 r--p 00000000 fe:11 124152806                      /system/lib64/libgamemanager_aidl.so
7559629000-755962b000 ---p 00000000 00:00 0                              [page size compat]
755962b000-7559637000 r-xp 0000c000 fe:11 124152806                      /system/lib64/libgamemanager_aidl.so
7559637000-755963a000 r--p 00018000 fe:11 124152806                      /system/lib64/libgamemanager_aidl.so
755963a000-755963b000 ---p 00000000 00:00 0 
755963b000-755963c000 rw-p 0001c000 fe:11 124152806                      /system/lib64/libgamemanager_aidl.so
755963c000-755963d000 r--s 00000000 08:2f 494                            /metadata/aconfig/boot/com.android.tethering.val
755963d000-755963e000 r--s 00000000 08:2f 529                            /metadata/aconfig/maps/com.android.tethering.flag.map
755963e000-755963f000 r--s 00000000 08:2f 528                            /metadata/aconfig/maps/com.android.tethering.package.map
755963f000-755964f000 rw-p 00000000 00:00 0                              [anon:dalvik-thread local mark stack]
755964f000-7559ee6000 r-xp 00000000 fe:11 138884837                      /system/lib64/libmediacore4g_vivo_public.so
7559ee6000-7559eea000 ---p 00000000 00:00 0 
7559eea000-7559f1c000 r--p 00897000 fe:11 138884837                      /system/lib64/libmediacore4g_vivo_public.so
7559f1c000-7559f26000 rw-p 008c9000 fe:11 138884837                      /system/lib64/libmediacore4g_vivo_public.so
7559f26000-755a266000 rw-p 00000000 00:00 0                              [anon:.bss]
755a266000-755a267000 r--s 00000000 08:2f 186                            /metadata/aconfig/boot/com.android.ondevicepersonalization.val
755a267000-755a268000 r--s 00000000 08:2f 102                            /metadata/aconfig/maps/com.android.ondevicepersonalization.flag.map
755a268000-755a298000 rw-p 00000000 00:00 0                              [anon:dalvik-thread local mark stack]
755a298000-755a2e4000 r--p 00000000 07:148 26                            /apex/com.android.ondevicepersonalization/javalib/framework-ondevicepersonalization.jar
755a2e4000-755a35c000 r--p 00000000 fe:11 116746603                      /system/lib64/libc++.so
755a35c000-755a35f000 ---p 00000000 00:00 0 
755a35f000-755a3df000 r-xp 00077000 fe:11 116746603                      /system/lib64/libc++.so
755a3df000-755a3e2000 ---p 00000000 00:00 0 
755a3e2000-755a3ea000 r--p 000f6000 fe:11 116746603                      /system/lib64/libc++.so
755a3ea000-755a3ed000 ---p 00000000 00:00 0 
755a3ed000-755a3ee000 rw-p 000fd000 fe:11 116746603                      /system/lib64/libc++.so
755a3ee000-755a3f6000 rw-p 00000000 00:00 0                              [anon:.bss]
755a3f6000-755a3f7000 r--s 00000000 08:2f 100                            /metadata/aconfig/maps/com.android.ondevicepersonalization.package.map
755a3f7000-755a3f8000 r--s 00000000 08:2f 476                            /metadata/aconfig/boot/com.android.wifi.val
755a3f8000-755a400000 rw-p 00000000 00:00 0                              [anon:dalvik-thread local mark stack]
755a400000-755de00000 ---p 00000000 00:00 0 
755de00000-755de01000 r--s 00000000 08:2f 565                            /metadata/aconfig/maps/com.android.wifi.flag.map
755de01000-755de02000 r--s 00000000 08:2f 564                            /metadata/aconfig/maps/com.android.wifi.package.map
755de02000-755de03000 r--s 00000000 08:2f 482                            /metadata/aconfig/boot/com.android.ipsec.val
755de03000-755de07000 rw-p 00000000 00:00 0                              [anon:dalvik-thread local mark stack]
755de07000-755de66000 r--p 00000000 fe:32 25                             /apex/com.android.appsearch/javalib/framework-appsearch.jar
755de66000-755de6c000 r--p 00000000 fe:11 116848249                      /system/lib64/libcamera_metadata.so
755de6c000-755de6e000 ---p 00000000 00:00 0                              [page size compat]
755de6e000-755de75000 r-xp 00008000 fe:11 116848249                      /system/lib64/libcamera_metadata.so
755de75000-755de76000 ---p 00000000 00:00 0                              [page size compat]
755de76000-755de77000 r--p 00010000 fe:11 116848249                      /system/lib64/libcamera_metadata.so
755de77000-755de7a000 ---p 00000000 00:00 0 
755de7a000-755de7c000 rw-p 00014000 fe:11 116848249                      /system/lib64/libcamera_metadata.so
755de7c000-755de7d000 r--s 00000000 08:2f 269                            /metadata/aconfig/maps/com.android.ipsec.flag.map
755de7d000-755de7f000 r--s 00000000 08:2f 460                            /metadata/aconfig/maps/system_ext.flag.map
755de7f000-755deaf000 rw-p 00000000 00:00 0                              [anon:dalvik-thread local mark stack]
755deaf000-755debb000 r--p 00000000 07:78 26                             /apex/com.android.i18n/lib64/libicu.so
755debb000-755debe000 r-xp 0000c000 07:78 26                             /apex/com.android.i18n/lib64/libicu.so
755debe000-755debf000 ---p 00000000 00:00 0                              [page size compat]
755debf000-755dec0000 r--p 00010000 07:78 26                             /apex/com.android.i18n/lib64/libicu.so
755dec0000-755dec1000 r--s 00000000 08:2f 268                            /metadata/aconfig/maps/com.android.ipsec.package.map
755dec1000-755ded5000 rw-p 00000000 00:00 0                              [anon:dalvik-thread local mark stack]
755ded5000-755ded8000 r--p 00000000 fe:11 116697975                      /system/lib64/libhidlmemory.so
755ded8000-755ded9000 ---p 00000000 00:00 0                              [page size compat]
755ded9000-755dedb000 r-xp 00004000 fe:11 116697975                      /system/lib64/libhidlmemory.so
755dedb000-755dedd000 ---p 00000000 00:00 0                              [page size compat]
755dedd000-755dede000 r--p 00008000 fe:11 116697975                      /system/lib64/libhidlmemory.so
755dede000-755dee1000 ---p 00000000 00:00 0 
755dee1000-755dee2000 rw-p 00000000 00:00 0                              [anon:.bss]
755dee2000-755df12000 rw-p 00000000 00:00 0                              [anon:dalvik-thread local mark stack]
755df12000-755df15000 r--p 00000000 fe:11 116761841                      /system/lib64/libstagefright_omx_utils.so
755df15000-755df16000 ---p 00000000 00:00 0                              [page size compat]
755df16000-755df19000 r-xp 00004000 fe:11 116761841                      /system/lib64/libstagefright_omx_utils.so
755df19000-755df1a000 ---p 00000000 00:00 0                              [page size compat]
755df1a000-755df1b000 r--p 00008000 fe:11 116761841                      /system/lib64/libstagefright_omx_utils.so
755df1b000-755df1e000 ---p 00000000 00:00 0 
755df1e000-755df1f000 rw-p 00000000 00:00 0                              [anon:.bss]
755df1f000-755df20000 r--s 00000000 08:2f 468                            /metadata/aconfig/boot/system_ext.val
755df20000-755df21000 r--s 00000000 08:2f 459                            /metadata/aconfig/maps/system_ext.package.map
755df21000-755df22000 r--s 00000000 fe:42 41131                          /data/resource-cache/vendor@overlay@FrameworkResOverlayExt@FrameworkResOverlayExt.apk@idmap
755df22000-755df56000 rw-p 00000000 00:00 0                              [anon:dalvik-thread local mark stack]
755df56000-755df5b000 r--p 00000000 fe:11 131805677                      /system/lib64/audio-permission-aidl-cpp.so
755df5b000-755df5e000 ---p 00000000 00:00 0                              [page size compat]
755df5e000-755df60000 r-xp 00008000 fe:11 131805677                      /system/lib64/audio-permission-aidl-cpp.so
755df60000-755df62000 ---p 00000000 00:00 0                              [page size compat]
755df62000-755df64000 r--p 0000c000 fe:11 131805677                      /system/lib64/audio-permission-aidl-cpp.so
755df64000-755df66000 ---p 00000000 00:00 0 
755df66000-755df67000 rw-p 00010000 fe:11 131805677                      /system/lib64/audio-permission-aidl-cpp.so
755df67000-755df68000 r--s 00000000 fe:13 91380458                       /vendor/overlay/FrameworkResOverlay/FrameworkResOverlay.apk
755df68000-755df88000 rw-p 00000000 00:00 0                              [anon:dalvik-thread local mark stack]
755df88000-755df9c000 r--p 00000000 fe:11 116689640                      /system/lib64/libaudioutils.so
755df9c000-755dfe2000 r-xp 00014000 fe:11 116689640                      /system/lib64/libaudioutils.so
755dfe2000-755dfe4000 ---p 00000000 00:00 0                              [page size compat]
755dfe4000-755dfe6000 r--p 0005c000 fe:11 116689640                      /system/lib64/libaudioutils.so
755dfe6000-755dfe8000 ---p 00000000 00:00 0 
755dfe8000-755dfe9000 rw-p 00000000 00:00 0                              [anon:.bss]
755dfe9000-755e005000 rw-p 00000000 00:00 0                              [anon:dalvik-thread local mark stack]
755e005000-755e00a000 r--p 00000000 fe:11 116518378                      /system/lib64/libnativewindow.so
755e00a000-755e00d000 ---p 00000000 00:00 0                              [page size compat]
755e00d000-755e010000 r-xp 00008000 fe:11 116518378                      /system/lib64/libnativewindow.so
755e010000-755e011000 ---p 00000000 00:00 0                              [page size compat]
755e011000-755e012000 r--p 0000c000 fe:11 116518378                      /system/lib64/libnativewindow.so
755e012000-755e015000 ---p 00000000 00:00 0 
755e015000-755e016000 rw-p 00000000 00:00 0                              [anon:.bss]
755e016000-755e017000 r--s 00004000 fe:13 91380458                       /vendor/overlay/FrameworkResOverlay/FrameworkResOverlay.apk
755e017000-755e018000 r--s 00000000 08:2f 463                            /metadata/aconfig/boot/system.val
755e018000-755e040000 rw-p 00000000 00:00 0                              [anon:dalvik-thread local mark stack]
755e040000-755e050000 r--p 00000000 fe:11 116448891                      /system/lib64/libstagefright_framecapture_utils.so
755e050000-755e06c000 r-xp 00010000 fe:11 116448891                      /system/lib64/libstagefright_framecapture_utils.so
755e06c000-755e06e000 r--p 0002c000 fe:11 116448891                      /system/lib64/libstagefright_framecapture_utils.so
755e06e000-755e070000 ---p 00000000 00:00 0 
755e070000-755e071000 rw-p 00000000 00:00 0                              [anon:.bss]
755e071000-755e074000 r--s 00000000 08:2f 45                             /metadata/aconfig/maps/system.package.map
755e074000-755e098000 rw-p 00000000 00:00 0                              [anon:dalvik-thread local mark stack]
755e098000-755e0c4000 r--p 00000000 fe:11 138885735                      /system/lib64/libft2.so
755e0c4000-755e138000 r-xp 0002c000 fe:11 138885735                      /system/lib64/libft2.so
755e138000-755e13d000 r--p 000a0000 fe:11 138885735                      /system/lib64/libft2.so
755e13d000-755e13e000 r--s 0017d000 fe:1b 43                             /apex/com.android.wifi/javalib/framework-wifi.jar
755e13e000-755e140000 r--s 00031000 fe:38 25                             /apex/com.android.uwb/javalib/framework-uwb.jar
755e140000-755e144000 rw-p 00000000 00:00 0                              [anon:dalvik-thread local mark stack]
755e144000-755e14c000 r--p 00000000 fe:11 116753144                      /system/lib64/libexpat.so
755e14c000-755e16a000 r-xp 00008000 fe:11 116753144                      /system/lib64/libexpat.so
755e16a000-755e16c000 ---p 00000000 00:00 0                              [page size compat]
755e16c000-755e16e000 r--p 00028000 fe:11 116753144                      /system/lib64/libexpat.so
755e16e000-755e170000 ---p 00000000 00:00 0 
755e170000-755e171000 rw-p 00000000 00:00 0                              [anon:.bss]
755e171000-755e173000 r--s 00032000 fe:38 24                             /apex/com.android.uwb/javalib/framework-ranging.jar
755e173000-755e18f000 rw-p 00000000 00:00 0                              [anon:dalvik-thread local mark stack]
755e18f000-755e1aa000 r--p 00000000 fe:11 131805685                      /system/lib64/audioflinger-aidl-cpp.so
755e1aa000-755e1ab000 ---p 00000000 00:00 0                              [page size compat]
755e1ab000-755e1e4000 r-xp 0001c000 fe:11 131805685                      /system/lib64/audioflinger-aidl-cpp.so
755e1e4000-755e1e7000 ---p 00000000 00:00 0                              [page size compat]
755e1e7000-755e1ef000 r--p 00058000 fe:11 131805685                      /system/lib64/audioflinger-aidl-cpp.so
755e1ef000-755e1f0000 rw-p 00060000 fe:11 131805685                      /system/lib64/audioflinger-aidl-cpp.so
755e1f0000-755e1f1000 r--s 0002d000 07:128 48                            /apex/com.android.virt/javalib/framework-virtualization.jar
755e1f1000-755e1f2000 r--s 00014000 fe:1c 56                             /apex/com.android.tethering/javalib/framework-tethering.jar
755e1f2000-755e1f3000 r--s 0008c000 fe:1c 54                             /apex/com.android.tethering/javalib/framework-connectivity-t.jar
755e1f3000-755e227000 rw-p 00000000 00:00 0                              [anon:dalvik-thread local mark stack]
755e227000-755e228000 r--p 00000000 fe:11 117023331                      /system/lib64/libvndksupport.so
755e228000-755e22b000 ---p 00000000 00:00 0                              [page size compat]
755e22b000-755e22c000 r-xp 00004000 fe:11 117023331                      /system/lib64/libvndksupport.so
755e22c000-755e22f000 ---p 00000000 00:00 0                              [page size compat]
755e22f000-755e230000 r--p 00008000 fe:11 117023331                      /system/lib64/libvndksupport.so
755e230000-755e233000 ---p 00000000 00:00 0 
755e233000-755e234000 rw-p 00000000 00:00 0                              [anon:.bss]
755e234000-755e235000 r--s 0001d000 fe:1c 53                             /apex/com.android.tethering/javalib/framework-connectivity-b.jar
755e235000-755e236000 r--s 00177000 fe:1c 55                             /apex/com.android.tethering/javalib/framework-connectivity.jar
755e236000-755e237000 r--s 00001000 fe:1d 23                             /apex/com.android.sdkext/javalib/framework-sdkextensions.jar
755e237000-755e23b000 rw-p 00000000 00:00 0                              [anon:dalvik-thread local mark stack]
755e23b000-755e27b000 rw-p 00000000 00:00 0                              [anon:dalvik-mark stack]
755e27b000-755e305000 r--p 00000000 fe:11 117040868                      /system/lib64/libminikin.so
755e305000-755e307000 ---p 00000000 00:00 0                              [page size compat]
755e307000-755e3d7000 r-xp 0008c000 fe:11 117040868                      /system/lib64/libminikin.so
755e3d7000-755e3fc000 r--p 0015c000 fe:11 117040868                      /system/lib64/libminikin.so
755e3fc000-755e3ff000 ---p 00000000 00:00 0 
755e3ff000-755e400000 rw-p 00184000 fe:11 117040868                      /system/lib64/libminikin.so
755e400000-755e401000 r--s 00003000 fe:1e 18                             /apex/com.android.scheduling/javalib/framework-scheduling.jar
755e401000-755e425000 rw-p 00000000 00:00 0                              [anon:dalvik-thread local mark stack]
755e425000-755e42a000 r--p 00000000 fe:11 116448887                      /system/lib64/libstagefright_codecbase.so
755e42a000-755e42d000 ---p 00000000 00:00 0                              [page size compat]
755e42d000-755e433000 r-xp 00008000 fe:11 116448887                      /system/lib64/libstagefright_codecbase.so
755e433000-755e435000 ---p 00000000 00:00 0                              [page size compat]
755e435000-755e436000 r--p 00010000 fe:11 116448887                      /system/lib64/libstagefright_codecbase.so
755e436000-755e439000 ---p 00000000 00:00 0 
755e439000-755e43a000 rw-p 00000000 00:00 0                              [anon:.bss]
755e43a000-755e43b000 r--s 0000a000 07:98 24                             /apex/com.android.profiling/javalib/framework-profiling.jar
755e43b000-755e43c000 r--s 00049000 fe:40 30                             /apex/com.android.permission/javalib/framework-permission-s.jar
755e43c000-755e458000 rw-p 00000000 00:00 0                              [anon:dalvik-thread local mark stack]
755e458000-755e4be000 r--p 00000000 07:b0 24                             /apex/com.android.runtime/lib64/bionic/libc.so
755e4be000-755e4c0000 ---p 00000000 00:00 0                              [page size compat]
755e4c0000-755e595000 r-xp 00068000 07:b0 24                             /apex/com.android.runtime/lib64/bionic/libc.so
755e595000-755e598000 ---p 00000000 00:00 0                              [page size compat]
755e598000-755e59f000 r--p 00140000 07:b0 24                             /apex/com.android.runtime/lib64/bionic/libc.so
755e59f000-755e5a0000 ---p 00000000 00:00 0 
755e5a0000-755e5b0000 rw-p 00148000 07:b0 24                             /apex/com.android.runtime/lib64/bionic/libc.so
755e5b0000-755e7c4000 rw-p 00000000 00:00 0                              [anon:.bss]
755e7c4000-755e7c8000 r--p 00000000 00:00 0                              [anon:.bss]
755e7c8000-755e7d0000 rw-p 00000000 00:00 0                              [anon:.bss]
755e7d0000-755e800000 rw-p 00000000 00:00 0                              [anon:dalvik-thread local mark stack]
755e800000-7561400000 ---p 00000000 00:00 0 
7561400000-7561401000 r--s 00000000 fe:40 31                             /apex/com.android.permission/javalib/framework-permission.jar
7561401000-7561402000 r--s 0001a000 fe:3c 27                             /apex/com.android.os.statsd/javalib/framework-statsd.jar
7561402000-7561403000 r--s 0004b000 07:148 26                            /apex/com.android.ondevicepersonalization/javalib/framework-ondevicepersonalization.jar
7561403000-7561423000 rw-p 00000000 00:00 0                              [anon:dalvik-large marked objects]
7561423000-7561443000 rw-p 00000000 00:00 0                              [anon:dalvik-large live objects]
7561443000-756146b000 r--p 00000000 fe:11 116833766                      /system/lib64/libmediautils.so
756146b000-75614bf000 r-xp 00028000 fe:11 116833766                      /system/lib64/libmediautils.so
75614bf000-75614c6000 r--p 0007c000 fe:11 116833766                      /system/lib64/libmediautils.so
75614c6000-75614c7000 ---p 00000000 00:00 0 
75614c7000-75614c8000 rw-p 00084000 fe:11 116833766                      /system/lib64/libmediautils.so
75614c8000-75614cc000 rw-p 00000000 00:00 0                              [anon:dalvik-thread local mark stack]
75614cc000-756150d000 rw-p 00000000 00:00 0                              [anon:scudo:secondary]
756150d000-7561510000 r--p 00000000 fe:11 116742898                      /system/lib64/android.companion.virtualdevice.flags-aconfig-cc.so
7561510000-7561511000 ---p 00000000 00:00 0                              [page size compat]
7561511000-7561515000 r-xp 00004000 fe:11 116742898                      /system/lib64/android.companion.virtualdevice.flags-aconfig-cc.so
7561515000-7561516000 r--p 00008000 fe:11 116742898                      /system/lib64/android.companion.virtualdevice.flags-aconfig-cc.so
7561516000-7561519000 ---p 00000000 00:00 0 
7561519000-756151a000 rw-p 00000000 00:00 0                              [anon:.bss]
756151a000-756151b000 r--s 0000c000 fe:21 36                             /apex/com.android.mediaprovider/javalib/framework-photopicker.jar
756151b000-756151c000 r--s 00003000 fe:21 34                             /apex/com.android.mediaprovider/javalib/framework-pdf-v.jar
756151c000-756157c000 rw-p 00000000 00:00 0                              [anon:linker_alloc]
756157c000-75615bc000 rw-p 00000000 00:00 0 
75615bc000-75615bd000 r--s 00020000 fe:21 35                             /apex/com.android.mediaprovider/javalib/framework-pdf.jar
75615bd000-75615be000 r--s 00034000 fe:21 33                             /apex/com.android.mediaprovider/javalib/framework-mediaprovider.jar
75615be000-75615bf000 r--s 00000000 fe:42 41130                          /data/resource-cache/vendor@overlay@FrameworkResOverlay@FrameworkResOverlay.apk@idmap
75615bf000-75615cf000 rw-p 00000000 00:00 0                              [anon:dalvik-thread local mark stack]
75615cf000-75615d0000 rw-p 00000000 00:00 0                              [anon:bionic_alloc_small_objects]
75615d0000-75615d1000 r--s 000c1000 fe:3d 33                             /apex/com.android.media/javalib/updatable-media.jar
75615d1000-75615d5000 rw-p 00000000 00:00 0                              [anon:dalvik-thread local mark stack]
75615d5000-7561607000 r--p 00000000 fe:38 25                             /apex/com.android.uwb/javalib/framework-uwb.jar
7561607000-7561608000 rw-p 00000000 00:00 0                              [anon:bionic_alloc_small_objects]
7561608000-7561652000 r--p 00000000 fe:40 30                             /apex/com.android.permission/javalib/framework-permission-s.jar
7561652000-7561654000 r--p 00000000 fe:3a 57                             /apex/com.android.art/lib64/libartpalette.so
7561654000-7561656000 ---p 00000000 00:00 0                              [page size compat]
7561656000-7561658000 r-xp 00004000 fe:3a 57                             /apex/com.android.art/lib64/libartpalette.so
7561658000-756165a000 ---p 00000000 00:00 0                              [page size compat]
756165a000-756165b000 r--p 00008000 fe:3a 57                             /apex/com.android.art/lib64/libartpalette.so
756165b000-756165e000 ---p 00000000 00:00 0 
756165e000-756165f000 rw-p 00000000 00:00 0                              [anon:.bss]
756165f000-7561660000 r--s 000b7000 fe:22 24                             /apex/com.android.ipsec/javalib/android.net.ipsec.ike.jar
7561660000-756168e000 r--p 00000000 07:128 48                            /apex/com.android.virt/javalib/framework-virtualization.jar
756168e000-75616a0000 r--p 00000000 fe:3a 62                             /apex/com.android.art/lib64/libdexfile.so
75616a0000-75616a2000 ---p 00000000 00:00 0                              [page size compat]
75616a2000-75616c8000 r-xp 00014000 fe:3a 62                             /apex/com.android.art/lib64/libdexfile.so
75616c8000-75616ca000 ---p 00000000 00:00 0                              [page size compat]
75616ca000-75616cc000 r--p 0003c000 fe:3a 62                             /apex/com.android.art/lib64/libdexfile.so
75616cc000-75616ce000 ---p 00000000 00:00 0 
75616ce000-75616cf000 rw-p 00040000 fe:3a 62                             /apex/com.android.art/lib64/libdexfile.so
75616cf000-7561702000 r--p 00000000 fe:38 24                             /apex/com.android.uwb/javalib/framework-ranging.jar
7561702000-7561703000 rw-p 00000000 00:00 0                              [anon:bionic_alloc_small_objects]
7561703000-7561704000 r--s 000f2000 fe:35 31                             /apex/com.android.healthfitness/javalib/framework-healthfitness.jar
7561704000-7561705000 r--s 00008000 07:e0 25                             /apex/com.android.devicelock/javalib/framework-devicelock.jar
7561705000-756171d000 rw-p 00000000 00:00 0                              [anon:dalvik-thread local mark stack]
756171d000-756173b000 r--p 00000000 fe:1c 53                             /apex/com.android.tethering/javalib/framework-connectivity-b.jar
756173b000-756183b000 r--s 00000000 00:11 840                            /dev/__properties__/u:object_r:vendor_socket_hook_prop:s0
756183b000-756183c000 rw-p 00000000 00:00 0                              [anon:bionic_alloc_small_objects]
756183c000-7561858000 rw-p 00000000 00:00 0                              [anon:dalvik-thread local mark stack]
7561858000-756188d000 r--p 00000000 fe:21 33                             /apex/com.android.mediaprovider/javalib/framework-mediaprovider.jar
756188d000-7561896000 r--p 00000000 fe:3c 31                             /apex/com.android.os.statsd/lib64/libstatspull.so
7561896000-7561899000 ---p 00000000 00:00 0                              [page size compat]
7561899000-75618ab000 r-xp 0000c000 fe:3c 31                             /apex/com.android.os.statsd/lib64/libstatspull.so
75618ab000-75618ad000 ---p 00000000 00:00 0                              [page size compat]
75618ad000-75618af000 r--p 00020000 fe:3c 31                             /apex/com.android.os.statsd/lib64/libstatspull.so
75618af000-75618b1000 ---p 00000000 00:00 0 
75618b1000-75618b2000 rw-p 00024000 fe:3c 31                             /apex/com.android.os.statsd/lib64/libstatspull.so
75618b2000-75618b3000 r--s 00005000 07:80 18                             /apex/com.android.crashrecovery/javalib/framework-crashrecovery.jar
75618b3000-75618b7000 rw-p 00000000 00:00 0                              [anon:dalvik-thread local mark stack]
75618b7000-75618d2000 r--p 00000000 fe:3c 27                             /apex/com.android.os.statsd/javalib/framework-statsd.jar
75618d2000-75618d3000 r--s 00000000 00:01 3120                           /dev/ashmem/dfd0d9dc-d89b-42f1-bf2c-9a587c76eb15 (deleted)
75618d3000-75618d4000 r--s 00091000 fe:2a 174                            /apex/com.android.conscrypt/javalib/conscrypt.jar
75618d4000-75618d5000 r--s 00029000 fe:23 28                             /apex/com.android.configinfrastructure/javalib/framework-configinfrastructure.jar
75618d5000-75618ed000 rw-p 00000000 00:00 0                              [anon:dalvik-thread local mark stack]
75618ed000-7561922000 rw-p 00000000 fe:42 1737605                        /data/misc/apexdata/com.android.art/dalvik-cache/arm64/boot-framework-adservices.vdex
7561922000-7561923000 rw-p 00000000 00:00 0                              [anon:bionic_alloc_small_objects]
7561923000-7561925000 r--s 00187000 07:150 41                            /apex/com.android.bt/javalib/framework-bluetooth.jar
7561925000-7561931000 rw-p 00000000 00:00 0                              [anon:dalvik-thread local mark stack]
7561931000-7561a31000 r--s 00000000 00:11 293                            /dev/__properties__/u:object_r:heapprofd_prop:s0
7561a31000-7561a32000 rw-p 00000000 00:00 0                              [anon:bionic_alloc_small_objects]
7561a32000-7561a33000 r--s 0005e000 fe:32 25                             /apex/com.android.appsearch/javalib/framework-appsearch.jar
7561a33000-7561a34000 r--s 00019000 07:d0 29                             /apex/com.android.adservices/javalib/framework-sdksandbox.jar
7561a34000-7561a49000 r--p 00000000 fe:1c 56                             /apex/com.android.tethering/javalib/framework-tethering.jar
7561a49000-7561a99000 r--p 00000000 fe:11 117067379                      /system/framework/vivo-coworkclient.jar
7561a99000-7561a9a000 rw-p 00000000 00:00 0                              [anon:bionic_alloc_small_objects]
7561a9a000-7561a9b000 r--s 0008b000 07:d0 28                             /apex/com.android.adservices/javalib/framework-adservices.jar
7561a9b000-7561a9c000 r--s 002e6000 07:78 21                             /apex/com.android.i18n/javalib/core-icu4j.jar
7561a9c000-7561ac6000 r--p 00000000 fe:23 28                             /apex/com.android.configinfrastructure/javalib/framework-configinfrastructure.jar
7561ac6000-7561ad1000 r--p 00000000 fe:3a 78                             /apex/com.android.art/lib64/libprofile.so
7561ad1000-7561ad2000 ---p 00000000 00:00 0                              [page size compat]
7561ad2000-7561aeb000 r-xp 0000c000 fe:3a 78                             /apex/com.android.art/lib64/libprofile.so
7561aeb000-7561aee000 ---p 00000000 00:00 0                              [page size compat]
7561aee000-7561aef000 r--p 00028000 fe:3a 78                             /apex/com.android.art/lib64/libprofile.so
7561aef000-7561af2000 ---p 00000000 00:00 0 
7561af2000-7561af3000 rw-p 00000000 00:00 0                              [anon:.bss]
7561af3000-7561af4000 r--s 00007000 fe:12 4162172                        /system_ext/framework/mediatek-telecom-common.jar
7561af4000-7561af5000 r--s 00015000 fe:12 4162159                        /system_ext/framework/mediatek-ims-base.jar
7561af5000-7561af9000 rw-p 00000000 00:00 0                              [anon:dalvik-thread local mark stack]
7561af9000-7561b1a000 r--p 00000000 fe:21 35                             /apex/com.android.mediaprovider/javalib/framework-pdf.jar
7561b1a000-7561b1e000 r--p 00000000 fe:11 116697708                      /system/lib64/heapprofd_client_api.so
7561b1e000-7561b29000 r-xp 00004000 fe:11 116697708                      /system/lib64/heapprofd_client_api.so
7561b29000-7561b2a000 ---p 00000000 00:00 0                              [page size compat]
7561b2a000-7561b2b000 r--p 00010000 fe:11 116697708                      /system/lib64/heapprofd_client_api.so
7561b2b000-7561b2e000 ---p 00000000 00:00 0 
7561b2e000-7561b2f000 rw-p 00014000 fe:11 116697708                      /system/lib64/heapprofd_client_api.so
7561b2f000-7561b38000 rw-p 00000000 00:00 0                              [anon:.bss]
7561b38000-7561b39000 r--s 000c8000 fe:12 4162141                        /system_ext/framework/mediatek-framework.jar
7561b39000-7561b3a000 r--s 00015000 fe:12 4162135                        /system_ext/framework/mediatek-common.jar
7561b3a000-7561b3b000 r--s 0004f000 fe:11 117067379                      /system/framework/vivo-coworkclient.jar
7561b3b000-7561b4b000 rw-p 00000000 00:00 0                              [anon:dalvik-thread local mark stack]
7561b4b000-7561b65000 r--p 00000000 07:d0 29                             /apex/com.android.adservices/javalib/framework-sdksandbox.jar
7561b65000-7561b6d000 r--p 00000000 fe:3c 32                             /apex/com.android.os.statsd/lib64/libstatssocket.so
7561b6d000-7561b78000 r-xp 00008000 fe:3c 32                             /apex/com.android.os.statsd/lib64/libstatssocket.so
7561b78000-7561b79000 ---p 00000000 00:00 0                              [page size compat]
7561b79000-7561b7a000 r--p 00014000 fe:3c 32                             /apex/com.android.os.statsd/lib64/libstatssocket.so
7561b7a000-7561b7d000 ---p 00000000 00:00 0 
7561b7d000-7561b7e000 rw-p 00018000 fe:3c 32                             /apex/com.android.os.statsd/lib64/libstatssocket.so
7561b7e000-7561b7f000 r--s 0000a000 fe:11 116753267                      /system/framework/vivo-vgcclient.jar
7561b7f000-7561b80000 r--s 00012000 fe:11 117040635                      /system/framework/soc-framework.jar
7561b80000-7561b81000 r--s 00002000 fe:11 124151548                      /system/framework/framework-adapter.jar
7561b81000-7561b89000 rw-p 00000000 00:00 0                              [anon:dalvik-thread local mark stack]
7561b89000-7561b8a000 rw-p 00000000 00:00 0                              [anon:bionic_alloc_small_objects]
7561b8a000-7561b8b000 r--s 0016f000 fe:11 116928870                      /system/framework/vivo-media.jar
7561b8b000-7561b8c000 r--s 008a2000 fe:11 131109868                      /system/framework/vivo-framework.jar
7561b8c000-7561b8d000 r--s 00064000 fe:11 124154487                      /system/framework/framework-nfc.jar
7561b8d000-7561b91000 rw-p 00000000 00:00 0                              [anon:dalvik-thread local mark stack]
7561b91000-7561b9e000 r--p 00000000 fe:21 36                             /apex/com.android.mediaprovider/javalib/framework-photopicker.jar
7561b9e000-7561b9f000 rw-p 00000000 00:00 0                              [anon:bionic_alloc_small_objects]
7561b9f000-7561ba0000 r--s 00020000 fe:11 124152183                      /system/framework/framework-ondeviceintelligence-platform.jar
7561ba0000-7561ba1000 r--s 0008c000 fe:11 116830580                      /system/framework/ims-common.jar
7561ba1000-7561ba2000 r--s 000c9000 fe:11 116718065                      /system/framework/voip-common.jar
7561ba2000-7561ba6000 rw-p 00000000 00:00 0                              [anon:dalvik-thread local mark stack]
7561ba6000-7561c0b000 r--p 00000000 fe:11 124154487                      /system/framework/framework-nfc.jar
7561c0b000-7561c0e000 r--p 00000000 fe:3a 71                             /apex/com.android.art/lib64/libnativehelper.so
7561c0e000-7561c0f000 ---p 00000000 00:00 0                              [page size compat]
7561c0f000-7561c12000 r-xp 00004000 fe:3a 71                             /apex/com.android.art/lib64/libnativehelper.so
7561c12000-7561c13000 ---p 00000000 00:00 0                              [page size compat]
7561c13000-7561c14000 r--p 00008000 fe:3a 71                             /apex/com.android.art/lib64/libnativehelper.so
7561c14000-7561c17000 ---p 00000000 00:00 0 
7561c17000-7561c18000 rw-p 00000000 00:00 0                              [anon:.bss]
7561c18000-7561c19000 r--s 0007f000 fe:11 124153076                      /system/framework/framework-location.jar
7561c19000-7561c24000 r--p 00000000 07:98 24                             /apex/com.android.profiling/javalib/framework-profiling.jar
7561c24000-7561c2d000 r--p 00000000 07:e0 25                             /apex/com.android.devicelock/javalib/framework-devicelock.jar
7561c2d000-7561c43000 r--p 00000000 fe:12 4162159                        /system_ext/framework/mediatek-ims-base.jar
7561c43000-7561c59000 r--p 00000000 fe:12 4162135                        /system_ext/framework/mediatek-common.jar
7561c59000-7561c5a000 rw-p 00000000 00:00 0                              [anon:bionic_alloc_small_objects]
7561c5a000-7561c5d000 r--s 0315d000 fe:11 131110759                      /system/framework/framework.jar
7561c5d000-7561ca6000 r--p 00000000 fe:11 117017178                      /system/framework/ext.jar
7561ca6000-7561da6000 r--s 00000000 00:11 316                            /dev/__properties__/u:object_r:libc_debug_prop:s0
7561da6000-7561da7000 rw-p 00000000 00:00 0                              [anon:bionic_alloc_small_objects]
7561da7000-7561da8000 r--s 00000000 fe:11 117080318                      /system/framework/framework-graphics.jar
7561da8000-7561e03000 r--p 00000000 fe:3a 48                             /apex/com.android.art/javalib/okhttp.jar
7561e03000-7561f03000 r--s 00000000 00:11 217                            /dev/__properties__/u:object_r:debug_prop:s0
7561f03000-7561f04000 rw-p 00000000 00:00 0                              [anon:bionic_alloc_small_objects]
7561f04000-7561f05000 r--s 00101000 fe:3a 44                             /apex/com.android.art/javalib/apache-xml.jar
7561f05000-7561f09000 r--p 00000000 fe:1e 18                             /apex/com.android.scheduling/javalib/framework-scheduling.jar
7561f09000-7561f0f000 r--p 00000000 07:80 18                             /apex/com.android.crashrecovery/javalib/framework-crashrecovery.jar
7561f0f000-7561faa000 r--p 00000000 fe:3a 46                             /apex/com.android.art/javalib/core-libart.jar
7561faa000-7561fab000 r--p 00000000 fe:12 7264660                        /system_ext/lib64/libged_kpi.so
7561fab000-7561fae000 ---p 00000000 00:00 0                              [page size compat]
7561fae000-7561faf000 r-xp 00004000 fe:12 7264660                        /system_ext/lib64/libged_kpi.so
7561faf000-7561fb2000 ---p 00000000 00:00 0                              [page size compat]
7561fb2000-7561fb3000 r--p 00008000 fe:12 7264660                        /system_ext/lib64/libged_kpi.so
7561fb3000-7561fb4000 r--s 000fb000 fe:3a 45                             /apex/com.android.art/javalib/bouncycastle.jar
7561fb4000-7561fbc000 r--p 00000000 fe:12 4162172                        /system_ext/framework/mediatek-telecom-common.jar
7561fbc000-7561fc7000 r--p 00000000 fe:11 116753267                      /system/framework/vivo-vgcclient.jar
7561fc7000-7561fda000 r--p 00000000 fe:11 117040635                      /system/framework/soc-framework.jar
7561fda000-7561ffb000 r--p 00000000 fe:11 124152183                      /system/framework/framework-ondeviceintelligence-platform.jar
7561ffb000-75620fb000 r--s 00000000 00:11 881                            /dev/__properties__/properties_serial
75620fb000-7562128000 r--s 00000000 00:11 126                            /dev/__properties__/property_info
7562128000-7562129000 r--s 0005a000 fe:3a 48                             /apex/com.android.art/javalib/okhttp.jar
7562129000-756212a000 r--s 0009a000 fe:3a 46                             /apex/com.android.art/javalib/core-libart.jar
756212a000-7562158000 r--p 00930000 fe:42 1737565                        /data/misc/apexdata/com.android.art/dalvik-cache/arm64/boot.art
7562158000-756215a000 r--s 00000000 fe:11 172848000                      /system/usr/hyphen-data/hyph-da.hyb
756215a000-7562163000 r--s 00000000 fe:11 172791287                      /system/usr/hyphen-data/hyph-cy.hyb
7562163000-7562164000 r--s 00000000 fe:11 172791263                      /system/usr/hyphen-data/hyph-bn.hyb
7562164000-7562165000 r--s 00000000 fe:11 172847360                      /system/usr/hyphen-data/hyph-bg.hyb
7562165000-7562167000 r--s 00000000 fe:11 150828542                      /system/usr/hyphen-data/hyph-be.hyb
7562167000-7562168000 r--s 00000000 fe:11 172791908                      /system/usr/hyphen-data/hyph-as.hyb
7562168000-7562188000 rw-p 00000000 00:00 0                              [anon:Allocate]
7562188000-7562248000 r--p 00000000 00:00 0                              [anon:linker_alloc]
7562248000-7562348000 r--s 00000000 00:11 865                            /dev/__properties__/u:object_r:vndk_prop:s0
7562348000-756234c000 rw-p 00000000 00:00 0                              [anon:bionic_alloc_small_objects]
756234c000-756234e000 r--s 005c9000 fe:3a 47                             /apex/com.android.art/javalib/core-oj.jar
756234e000-7562350000 rw-p 00000000 00:00 0                              [anon:bionic_alloc_small_objects]
7562350000-7562351000 rw-p 00000000 00:00 0                              [anon:dalvik-local ref table]
7562351000-7562353000 rw-p 00000000 00:00 0                              [anon:bionic_alloc_small_objects]
7562353000-7562357000 r--p 00000000 fe:21 34                             /apex/com.android.mediaprovider/javalib/framework-pdf-v.jar
7562357000-7562358000 rw-p 00000000 00:00 0                              [anon:bionic_alloc_small_objects]
7562358000-756235a000 r--p 00000000 fe:1d 23                             /apex/com.android.sdkext/javalib/framework-sdkextensions.jar
756235a000-756235b000 r--p 00000000 fe:40 31                             /apex/com.android.permission/javalib/framework-permission.jar
756235b000-756235e000 r--p 00080000 fe:42 1737597                        /data/misc/apexdata/com.android.art/dalvik-cache/arm64/boot-framework-adservices.art
756235e000-756235f000 rw-p 00000000 00:00 0                              [anon:bionic_alloc_small_objects]
756235f000-7562362000 r--p 00000000 fe:11 124151548                      /system/framework/framework-adapter.jar
7562362000-7562363000 r--p 00000000 fe:11 117080318                      /system/framework/framework-graphics.jar
7562363000-7562378000 rw-p 00000000 00:00 0                              [anon:scudo:secondary]
7562378000-756237a000 rw-p 00000000 00:00 0                              [anon:InternalMmapVector]
756237a000-7562382000 rw-p 00000000 00:00 0                              [anon:System property context nodes]
7562382000-7562386000 ---p 00000000 00:00 0 
7562386000-756238a000 rw-p 00000000 00:00 0                              [anon:stack_and_tls:main]
756238a000-756238e000 ---p 00000000 00:00 0 
756238e000-7562393000 rw-p 00000000 00:00 0                              [anon:bionic_alloc_small_objects]
7562393000-7562394000 rw-p 00000000 00:00 0                              [anon:dalvik-local ref table]
7562394000-756239d000 rw-p 00000000 00:00 0                              [anon:bionic_alloc_small_objects]
756239d000-756249d000 r--s 00000000 00:11 234                            /dev/__properties__/u:object_r:device_config_memory_safety_native_prop:s0
756249d000-756259d000 r--s 00000000 00:11 139                            /dev/__properties__/u:object_r:arm64_memtag_prop:s0
756259d000-75625fd000 r--p 00000000 00:00 0                              [anon:linker_alloc]
75625fd000-75626fd000 r--s 00000000 00:11 217                            /dev/__properties__/u:object_r:debug_prop:s0
75626fd000-75626fe000 ---p 00000000 00:00 0 
75626fe000-7562706000 rw-p 00000000 00:00 0 
7562706000-7562707000 ---p 00000000 00:00 0 
7562707000-7562807000 r--s 00000000 00:11 881                            /dev/__properties__/properties_serial
7562807000-756280f000 rw-p 00000000 00:00 0                              [anon:System property context nodes]
756280f000-756283c000 r--s 00000000 00:11 126                            /dev/__properties__/property_info
756283c000-756289c000 r--p 00000000 00:00 0                              [anon:linker_alloc]
756289c000-756289d000 rw-p 00000000 00:00 0                              [anon:bionic_alloc_small_objects]
756289d000-7562c08000 ---p 00000000 00:00 0 
7562c08000-7562c0c000 rw-p 00000000 00:00 0 
7562c0c000-756389d000 ---p 00000000 00:00 0 
756389d000-75638a1000 ---p 00000000 00:00 0 
75638a1000-75638a9000 rw-p 00000000 00:00 0                              [anon:thread signal stack]
75638a9000-75638ab000 rw-p 00000000 00:00 0                              [anon:ReadFileToBuffer]
75638ab000-75638ac000 rw-p 00000000 00:00 0                              [anon:arc4random data]
75638ac000-75638ae000 r--p 00000000 00:00 0                              [vvar]
75638ae000-75638af000 r-xp 00000000 00:00 0                              [vdso]
75638af000-75638fa000 r--p 00000000 07:b0 14                             /apex/com.android.runtime/bin/linker64
75638fa000-75638fb000 r--p 00000000 00:00 0                              [anon:atexit handlers]
75638fb000-7563a31000 r-xp 0004c000 07:b0 14                             /apex/com.android.runtime/bin/linker64
7563a31000-7563a33000 rw-p 00000000 00:00 0                              [anon:bionic_alloc_small_objects]
7563a33000-7563a3e000 r--p 00184000 07:b0 14                             /apex/com.android.runtime/bin/linker64
7563a3e000-7563a3f000 rw-p 00000000 00:00 0                              [anon:arc4random data]
7563a3f000-7563a41000 rw-p 00190000 07:b0 14                             /apex/com.android.runtime/bin/linker64
7563a41000-7563a47000 rw-p 00000000 00:00 0                              [anon:.bss]
7563a47000-7563a4b000 r--p 00000000 00:00 0                              [anon:.bss]
7563a4b000-7563a58000 rw-p 00000000 00:00 0                              [anon:.bss]
7fdee99000-7fdee9a000 ---p 00000000 00:00 0 
7fdee9a000-7fdf699000 rw-p 00000000 00:00 0                              [stack]

=== end crash ===
